image_path,target,raw_logit,cal_prob
data/raw/aptos2019/aptos2019/train_images/train_images/1ae8c165fd53.png,1.0,6.4129505,0.9830199
data/raw/aptos2019/aptos2019/train_images/train_images/1b329a127307.png,0.0,9.446977,0.9974744
data/raw/aptos2019/aptos2019/train_images/train_images/1b32e1d775ea.png,1.0,12.595794,0.999655
data/raw/aptos2019/aptos2019/train_images/train_images/1b3647865779.png,0.0,-3.2349167,0.11432619
data/raw/aptos2019/aptos2019/train_images/train_images/1b398c0494d1.png,0.0,-4.517064,0.054231785
data/raw/aptos2019/aptos2019/train_images/train_images/1b4625877527.png,1.0,12.387778,0.99960643
data/raw/aptos2019/aptos2019/train_images/train_images/1b495ac025b7.png,1.0,12.628286,0.99966204
data/raw/aptos2019/aptos2019/train_images/train_images/1b862fb6f65d.png,0.0,-5.364268,0.03245513
data/raw/aptos2019/aptos2019/train_images/train_images/1b8701231c8f.png,0.0,-3.1730866,0.118348554
data/raw/aptos2019/aptos2019/train_images/train_images/1b8ad0afe9fb.png,1.0,6.5637507,0.98454165
data/raw/aptos2019/aptos2019/train_images/train_images/1bb0ddfe753a.png,0.0,12.598491,0.9996556
data/raw/aptos2019/aptos2019/train_images/train_images/1bea04b2bb2d.png,1.0,12.634215,0.99966323
data/raw/aptos2019/aptos2019/train_images/train_images/1bf30c84bbad.png,1.0,8.549552,0.99555176
data/raw/aptos2019/aptos2019/train_images/train_images/1c0cf251b426.png,0.0,10.409459,0.9986249
data/raw/aptos2019/aptos2019/train_images/train_images/1c0e5dd1b14c.png,1.0,12.858683,0.99970776
data/raw/aptos2019/aptos2019/train_images/train_images/1c13a1483f4a.png,0.0,-3.6379945,0.09092517
data/raw/aptos2019/aptos2019/train_images/train_images/1c3a6b4449e9.png,0.0,1.2157453,0.6833939
data/raw/aptos2019/aptos2019/train_images/train_images/1c47815f4a6b.png,0.0,-1.2799159,0.30788517
data/raw/aptos2019/aptos2019/train_images/train_images/1c4d87baaffc.png,1.0,9.54727,0.99762934
data/raw/aptos2019/aptos2019/train_images/train_images/1c4f3aa4df06.png,1.0,11.1576,0.9991431
data/raw/aptos2019/aptos2019/train_images/train_images/1c578b72d7b3.png,1.0,10.185761,0.99841607
data/raw/aptos2019/aptos2019/train_images/train_images/1c5ad36fb799.png,1.0,9.867587,0.9980635
data/raw/aptos2019/aptos2019/train_images/train_images/1c5e6cdc7ee1.png,1.0,11.657921,0.9993755
data/raw/aptos2019/aptos2019/train_images/train_images/1c6d119c3d70.png,1.0,12.846683,0.9997056
data/raw/aptos2019/aptos2019/train_images/train_images/1c7a013eeba7.png,0.0,-2.4249094,0.17731275
data/raw/aptos2019/aptos2019/train_images/train_images/1c9521878baf.png,1.0,12.730186,0.99968314
data/raw/aptos2019/aptos2019/train_images/train_images/1ca35d483772.png,0.0,-3.1147385,0.12225623
data/raw/aptos2019/aptos2019/train_images/train_images/1ca62b3e4fd3.png,0.0,-3.255494,0.11301415
data/raw/aptos2019/aptos2019/train_images/train_images/1ca91751be4d.png,0.0,-4.8070397,0.045553323
data/raw/aptos2019/aptos2019/train_images/train_images/1caba2fb38f6.png,0.0,-6.9788346,0.011929734
data/raw/aptos2019/aptos2019/train_images/train_images/1cb6961d141c.png,0.0,3.559921,0.9049073
data/raw/aptos2019/aptos2019/train_images/train_images/1cb814ed6332.png,1.0,9.016857,0.9966869
data/raw/aptos2019/aptos2019/train_images/train_images/1cc58b15f466.png,0.0,-4.999898,0.04053138
data/raw/aptos2019/aptos2019/train_images/train_images/1d0b93317aa8.png,0.0,-5.499089,0.029880073
data/raw/aptos2019/aptos2019/train_images/train_images/1d11794057ff.png,0.0,7.863772,0.99315095
data/raw/aptos2019/aptos2019/train_images/train_images/1d14dd912671.png,1.0,9.636805,0.9977596
data/raw/aptos2019/aptos2019/train_images/train_images/1d2472849dce.png,0.0,-2.0164986,0.21819972
data/raw/aptos2019/aptos2019/train_images/train_images/1d29cb2f4296.png,0.0,-4.1908116,0.06585023
data/raw/aptos2019/aptos2019/train_images/train_images/1d37f1c8b6d8.png,0.0,-6.7269645,0.0139625175
data/raw/aptos2019/aptos2019/train_images/train_images/1d3e9b939732.png,0.0,-2.0464587,0.21498248
data/raw/aptos2019/aptos2019/train_images/train_images/1d46f1326394.png,0.0,-4.978472,0.041061994
data/raw/aptos2019/aptos2019/train_images/train_images/1d55e689cf84.png,1.0,12.35913,0.9995993
data/raw/aptos2019/aptos2019/train_images/train_images/1d674e2e32e0.png,0.0,10.081148,0.99830794
data/raw/aptos2019/aptos2019/train_images/train_images/1d74c4713e21.png,0.0,-7.155989,0.010677981
data/raw/aptos2019/aptos2019/train_images/train_images/1da25637859b.png,1.0,12.411237,0.9996123
data/raw/aptos2019/aptos2019/train_images/train_images/1da4a17c18c9.png,0.0,-6.463329,0.016456038
data/raw/aptos2019/aptos2019/train_images/train_images/1db0393cdbc1.png,0.0,-4.5782895,0.05227836
data/raw/aptos2019/aptos2019/train_images/train_images/1db18bdd43aa.png,1.0,10.64094,0.9988121
data/raw/aptos2019/aptos2019/train_images/train_images/1db6bb46c102.png,0.0,-0.9039311,0.3607584
data/raw/aptos2019/aptos2019/train_images/train_images/1dbdc32c17db.png,1.0,11.658358,0.99937576
data/raw/aptos2019/aptos2019/train_images/train_images/1dd9adcbfff4.png,1.0,12.1232395,0.9995347
data/raw/aptos2019/aptos2019/train_images/train_images/1df0431bfa73.png,0.0,2.071197,0.7876479
data/raw/aptos2019/aptos2019/train_images/train_images/1df0a4c23c95.png,0.0,-4.5765834,0.05233188
data/raw/aptos2019/aptos2019/train_images/train_images/1df1530b9b8d.png,0.0,-5.3269467,0.03320507
data/raw/aptos2019/aptos2019/train_images/train_images/1df3e03a8f5f.png,0.0,7.8903723,0.99326456
data/raw/aptos2019/aptos2019/train_images/train_images/1dfbede13143.png,1.0,12.77439,0.99969184
data/raw/aptos2019/aptos2019/train_images/train_images/1dfe599d12a9.png,0.0,-3.344301,0.10750152
data/raw/aptos2019/aptos2019/train_images/train_images/1e036f2e7095.png,0.0,-5.835918,0.024282949
data/raw/aptos2019/aptos2019/train_images/train_images/1e143fa3de57.png,1.0,12.510141,0.9996357
data/raw/aptos2019/aptos2019/train_images/train_images/1e1fb019710d.png,1.0,10.472202,0.9986784
data/raw/aptos2019/aptos2019/train_images/train_images/1e4650743fa2.png,1.0,8.8807535,0.9963898
data/raw/aptos2019/aptos2019/train_images/train_images/1e4b3b823b95.png,1.0,11.82629,0.9994386
data/raw/aptos2019/aptos2019/train_images/train_images/1e742358e0b9.png,0.0,-3.9861968,0.07427806
data/raw/aptos2019/aptos2019/train_images/train_images/1e7ccd4a1c87.png,0.0,-5.13497,0.037334546
data/raw/aptos2019/aptos2019/train_images/train_images/1e8a1fdee5b9.png,0.0,3.6984763,0.9121896
data/raw/aptos2019/aptos2019/train_images/train_images/1e8c31e29dd3.png,0.0,-5.5697584,0.028610522
data/raw/aptos2019/aptos2019/train_images/train_images/1ec95179cdfe.png,0.0,-0.4770705,0.42508692
data/raw/aptos2019/aptos2019/train_images/train_images/1ee1eb7943db.png,1.0,10.99264,0.9990489
data/raw/aptos2019/aptos2019/train_images/train_images/1ee355480567.png,0.0,-5.0724883,0.038782053
data/raw/aptos2019/aptos2019/train_images/train_images/1eee55494271.png,0.0,-5.0032053,0.040450055
data/raw/aptos2019/aptos2019/train_images/train_images/1efa5d443707.png,1.0,12.715554,0.99968016
data/raw/aptos2019/aptos2019/train_images/train_images/1f07dae3cadb.png,1.0,10.050365,0.9982747
data/raw/aptos2019/aptos2019/train_images/train_images/1f0e223b8055.png,1.0,12.754799,0.999688
data/raw/aptos2019/aptos2019/train_images/train_images/1f15ca672675.png,0.0,-5.5058913,0.02975553
data/raw/aptos2019/aptos2019/train_images/train_images/1f31701dd61b.png,0.0,-2.4725554,0.17295682
data/raw/aptos2019/aptos2019/train_images/train_images/1f3f32efaf20.png,0.0,-4.762654,0.046790358
data/raw/aptos2019/aptos2019/train_images/train_images/1f4bf8e28b41.png,1.0,12.343255,0.9995952
data/raw/aptos2019/aptos2019/train_images/train_images/1f4fb37e0854.png,0.0,-1.4246188,0.28872108
data/raw/aptos2019/aptos2019/train_images/train_images/1f543a86c4d4.png,1.0,11.764058,0.9994161
data/raw/aptos2019/aptos2019/train_images/train_images/1f5496352859.png,0.0,-6.563174,0.015463945
data/raw/aptos2019/aptos2019/train_images/train_images/1f63d44d9e3c.png,1.0,12.058622,0.9995153
data/raw/aptos2019/aptos2019/train_images/train_images/1f9ccda4ddf2.png,0.0,-3.42808,0.10251925
data/raw/aptos2019/aptos2019/train_images/train_images/1faf8664816c.png,0.0,-4.418019,0.057538148
data/raw/aptos2019/aptos2019/train_images/train_images/1fb455685328.png,0.0,-5.741249,0.025743691
data/raw/aptos2019/aptos2019/train_images/train_images/1fd5d860d4d7.png,1.0,12.25627,0.99957234
data/raw/aptos2019/aptos2019/train_images/train_images/1fddd7c98fd2.png,0.0,-2.2642503,0.19263414
data/raw/aptos2019/aptos2019/train_images/train_images/1ffaa51a6245.png,1.0,9.049392,0.9967541
data/raw/aptos2019/aptos2019/train_images/train_images/200d947f75db.png,0.0,-1.2784448,0.30808362
data/raw/aptos2019/aptos2019/train_images/train_images/2017cd92c63d.png,1.0,8.119059,0.99416673
data/raw/aptos2019/aptos2019/train_images/train_images/201f6e10c108.png,0.0,-4.5228505,0.054044258
data/raw/aptos2019/aptos2019/train_images/train_images/201f882365d3.png,0.0,-2.0444562,0.21519643
data/raw/aptos2019/aptos2019/train_images/train_images/203275daf46d.png,1.0,12.510773,0.99963593
data/raw/aptos2019/aptos2019/train_images/train_images/20404ec7b518.png,1.0,10.308503,0.9985343
data/raw/aptos2019/aptos2019/train_images/train_images/20688cb25704.png,1.0,10.702741,0.9988576
data/raw/aptos2019/aptos2019/train_images/train_images/207a580de0ea.png,1.0,6.6300263,0.9851672
data/raw/aptos2019/aptos2019/train_images/train_images/207dd0487264.png,0.0,-6.725283,0.013977176
data/raw/aptos2019/aptos2019/train_images/train_images/20c883d3bd38.png,1.0,11.849044,0.9994467
data/raw/aptos2019/aptos2019/train_images/train_images/20d5fdd450ae.png,1.0,11.548728,0.9993309
data/raw/aptos2019/aptos2019/train_images/train_images/20f86e068276.png,0.0,-5.0119815,0.040235024
data/raw/aptos2019/aptos2019/train_images/train_images/21037f5c7790.png,0.0,-4.438698,0.056832556
data/raw/aptos2019/aptos2019/train_images/train_images/210bfe0127c6.png,0.0,-5.598593,0.028107695
data/raw/aptos2019/aptos2019/train_images/train_images/211518c46162.png,1.0,12.502449,0.999634
data/raw/aptos2019/aptos2019/train_images/train_images/2131aa3a1e6f.png,1.0,11.475851,0.9992993
data/raw/aptos2019/aptos2019/train_images/train_images/215d2b7c3fde.png,0.0,-5.1294055,0.03746132
data/raw/aptos2019/aptos2019/train_images/train_images/217dad18a5ed.png,1.0,12.451899,0.9996221
data/raw/aptos2019/aptos2019/train_images/train_images/218c822a3dd9.png,0.0,-3.294946,0.11053537
data/raw/aptos2019/aptos2019/train_images/train_images/21abd36095a1.png,1.0,12.796651,0.99969614
data/raw/aptos2019/aptos2019/train_images/train_images/21d18b022429.png,1.0,11.001193,0.999054
data/raw/aptos2019/aptos2019/train_images/train_images/22098b1fe461.png,0.0,2.4305344,0.82320595
data/raw/aptos2019/aptos2019/train_images/train_images/2209daf71aab.png,0.0,-6.753799,0.013730628
data/raw/aptos2019/aptos2019/train_images/train_images/2221cf5c7935.png,0.0,0.5464351,0.5856046
data/raw/aptos2019/aptos2019/train_images/train_images/222d0ac042b4.png,1.0,6.7004237,0.9858043
data/raw/aptos2019/aptos2019/train_images/train_images/222f3ee3a1e8.png,1.0,11.979775,0.9994905
data/raw/aptos2019/aptos2019/train_images/train_images/22325552a4e3.png,0.0,2.7242067,0.84865344
data/raw/aptos2019/aptos2019/train_images/train_images/2241b7e90782.png,1.0,12.6397705,0.9996644
data/raw/aptos2019/aptos2019/train_images/train_images/22449af52060.png,0.0,-3.997617,0.0737826
data/raw/aptos2019/aptos2019/train_images/train_images/224bb938e2dd.png,1.0,12.666216,0.99967
data/raw/aptos2019/aptos2019/train_images/train_images/224c14366e11.png,0.0,-4.982397,0.0409643
data/raw/aptos2019/aptos2019/train_images/train_images/226c6ceb9185.png,0.0,-6.7636533,0.013646428
data/raw/aptos2019/aptos2019/train_images/train_images/22895c89792f.png,1.0,12.763267,0.9996897
data/raw/aptos2019/aptos2019/train_images/train_images/22a6da005395.png,0.0,3.9683359,0.924941
data/raw/aptos2019/aptos2019/train_images/train_images/22ce8ef69357.png,1.0,12.388462,0.99960667
data/raw/aptos2019/aptos2019/train_images/train_images/22d843b2bbd1.png,0.0,-3.9428341,0.07618723
data/raw/aptos2019/aptos2019/train_images/train_images/23148a40ecb0.png,1.0,12.403152,0.99961025
data/raw/aptos2019/aptos2019/train_images/train_images/23175b7ef453.png,1.0,10.88413,0.9989813
data/raw/aptos2019/aptos2019/train_images/train_images/232549883508.png,1.0,10.225346,0.9984553
data/raw/aptos2019/aptos2019/train_images/train_images/233d948e2544.png,0.0,-6.796848,0.013366525
data/raw/aptos2019/aptos2019/train_images/train_images/234399352d36.png,1.0,12.857302,0.9997075
data/raw/aptos2019/aptos2019/train_images/train_images/236f56771ec6.png,1.0,9.472143,0.99751425
data/raw/aptos2019/aptos2019/train_images/train_images/2376e5415458.png,1.0,9.737869,0.9978981
data/raw/aptos2019/aptos2019/train_images/train_images/237aa50edc34.png,0.0,-5.1517296,0.036955208
data/raw/aptos2019/aptos2019/train_images/train_images/237c078d00fc.png,1.0,12.652464,0.99966717
data/raw/aptos2019/aptos2019/train_images/train_images/2399d68d407f.png,0.0,-6.005996,0.021859106
data/raw/aptos2019/aptos2019/train_images/train_images/239f2c348ea4.png,1.0,11.29206,0.999213
data/raw/aptos2019/aptos2019/train_images/train_images/23fca0693e2a.png,1.0,12.355813,0.99959844
data/raw/aptos2019/aptos2019/train_images/train_images/2408799a09b2.png,0.0,-5.135392,0.037324954
data/raw/aptos2019/aptos2019/train_images/train_images/240b25a7debe.png,0.0,-0.36652607,0.4422675
data/raw/aptos2019/aptos2019/train_images/train_images/242fc19be06f.png,0.0,-2.5503848,0.16602415
data/raw/aptos2019/aptos2019/train_images/train_images/2463bb04ebc3.png,1.0,12.104029,0.9995291
data/raw/aptos2019/aptos2019/train_images/train_images/246e4506824a.png,1.0,11.522788,0.9993198
data/raw/aptos2019/aptos2019/train_images/train_images/247ac63e5510.png,1.0,12.038191,0.999509
data/raw/aptos2019/aptos2019/train_images/train_images/247e98aba610.png,1.0,3.2256985,0.8850818
data/raw/aptos2019/aptos2019/train_images/train_images/248139c423c4.png,0.0,12.120352,0.9995339
data/raw/aptos2019/aptos2019/train_images/train_images/248dec89b3a2.png,0.0,-5.433458,0.03110789
data/raw/aptos2019/aptos2019/train_images/train_images/24b87f744598.png,1.0,12.844032,0.99970514
data/raw/aptos2019/aptos2019/train_images/train_images/24b943fe725e.png,0.0,8.9906645,0.9966317
data/raw/aptos2019/aptos2019/train_images/train_images/24de56d433cd.png,0.0,-0.7273046,0.38691664
data/raw/aptos2019/aptos2019/train_images/train_images/24f271c87e73.png,0.0,-4.16196,0.06698237
data/raw/aptos2019/aptos2019/train_images/train_images/24f3e70f0419.png,0.0,-4.7702885,0.046575334
data/raw/aptos2019/aptos2019/train_images/train_images/25002fe43f92.png,1.0,10.782265,0.99891365
data/raw/aptos2019/aptos2019/train_images/train_images/252305189b3a.png,0.0,-7.7204533,0.0074944436
data/raw/aptos2019/aptos2019/train_images/train_images/2532613a584a.png,1.0,12.666126,0.99967
data/raw/aptos2019/aptos2019/train_images/train_images/253e96488cfb.png,0.0,0.7616614,0.6182284
data/raw/aptos2019/aptos2019/train_images/train_images/254052cf3e48.png,1.0,11.046055,0.99908054
data/raw/aptos2019/aptos2019/train_images/train_images/2585bbc91909.png,0.0,-5.45997,0.030606136
data/raw/aptos2019/aptos2019/train_images/train_images/259d30f693b6.png,0.0,8.069548,0.99398226
data/raw/aptos2019/aptos2019/train_images/train_images/25a0a1e41afd.png,0.0,-5.4131503,0.031497598
data/raw/aptos2019/aptos2019/train_images/train_images/25b0e72705a8.png,1.0,12.445758,0.99962056
data/raw/aptos2019/aptos2019/train_images/train_images/25b4080f598b.png,0.0,-4.6275268,0.050755836
data/raw/aptos2019/aptos2019/train_images/train_images/25d069089c5e.png,1.0,12.391123,0.99960726
data/raw/aptos2019/aptos2019/train_images/train_images/25dc1b41ed9c.png,1.0,9.187439,0.99702483
data/raw/aptos2019/aptos2019/train_images/train_images/25e9fd872182.png,0.0,9.52581,0.99759704
data/raw/aptos2019/aptos2019/train_images/train_images/2608e1dac5b1.png,1.0,11.398806,0.9992643
data/raw/aptos2019/aptos2019/train_images/train_images/260a455692b5.png,0.0,4.8180165,0.9547478
data/raw/aptos2019/aptos2019/train_images/train_images/261c6bd63bff.png,1.0,9.81456,0.99799746
data/raw/aptos2019/aptos2019/train_images/train_images/2628305cbb29.png,1.0,12.221023,0.9995627
data/raw/aptos2019/aptos2019/train_images/train_images/262ad704319c.png,1.0,12.938741,0.9997223
data/raw/aptos2019/aptos2019/train_images/train_images/263d8851e33b.png,0.0,-4.0309453,0.07235404
data/raw/aptos2019/aptos2019/train_images/train_images/26453eb7e989.png,1.0,12.030334,0.9995066
data/raw/aptos2019/aptos2019/train_images/train_images/26463a5fb949.png,1.0,4.986331,0.95913345
data/raw/aptos2019/aptos2019/train_images/train_images/2665f72e2dd3.png,1.0,11.543098,0.9993285
data/raw/aptos2019/aptos2019/train_images/train_images/266fbefa58fb.png,0.0,-3.1811988,0.117813915
data/raw/aptos2019/aptos2019/train_images/train_images/2682e6da9050.png,0.0,-4.936373,0.04212402
data/raw/aptos2019/aptos2019/train_images/train_images/26999ebc21de.png,1.0,11.960135,0.9994842
data/raw/aptos2019/aptos2019/train_images/train_images/269b44e628eb.png,1.0,11.500386,0.99931014
data/raw/aptos2019/aptos2019/train_images/train_images/269f0792f11f.png,1.0,12.211048,0.9995598
data/raw/aptos2019/aptos2019/train_images/train_images/26cd40b57ad1.png,0.0,-3.9413013,0.076255545
data/raw/aptos2019/aptos2019/train_images/train_images/26d60db3bbfd.png,0.0,1.2496407,0.68801695
data/raw/aptos2019/aptos2019/train_images/train_images/26d9576e8043.png,0.0,-6.590877,0.015199274
data/raw/aptos2019/aptos2019/train_images/train_images/26e231747848.png,1.0,11.508963,0.99931383
data/raw/aptos2019/aptos2019/train_images/train_images/26fc2358a38d.png,0.0,-5.0444927,0.039447952
data/raw/aptos2019/aptos2019/train_images/train_images/2700754f71e9.png,1.0,8.489817,0.99538124
data/raw/aptos2019/aptos2019/train_images/train_images/272d9c043c81.png,1.0,12.856009,0.9997073
data/raw/aptos2019/aptos2019/train_images/train_images/2735be026d44.png,1.0,12.278831,0.9995784
data/raw/aptos2019/aptos2019/train_images/train_images/274f4de2a59d.png,0.0,0.13557844,0.5214378
data/raw/aptos2019/aptos2019/train_images/train_images/274f5029189b.png,0.0,5.238417,0.9649485
data/raw/aptos2019/aptos2019/train_images/train_images/276b14f72328.png,0.0,-2.0360467,0.21609662
data/raw/aptos2019/aptos2019/train_images/train_images/2776d70724d3.png,1.0,9.512431,0.99757665
data/raw/aptos2019/aptos2019/train_images/train_images/27933cdbe0cc.png,0.0,-5.018682,0.040071595
data/raw/aptos2019/aptos2019/train_images/train_images/27b68863349f.png,1.0,11.7453,0.9994091
data/raw/aptos2019/aptos2019/train_images/train_images/27bab1432f61.png,1.0,11.130602,0.9991284
data/raw/aptos2019/aptos2019/train_images/train_images/27e2be850a99.png,1.0,11.179921,0.99915516
data/raw/aptos2019/aptos2019/train_images/train_images/27e4c800a449.png,0.0,4.8361907,0.95524216
data/raw/aptos2019/aptos2019/train_images/train_images/27f82ada84ac.png,0.0,-0.3121588,0.45077077
data/raw/aptos2019/aptos2019/train_images/train_images/27fca9f12b3c.png,1.0,12.364853,0.9996007
data/raw/aptos2019/aptos2019/train_images/train_images/281d7b7c7676.png,1.0,5.879628,0.9763639
data/raw/aptos2019/aptos2019/train_images/train_images/2821998fc002.png,0.0,-6.8063645,0.013287327
data/raw/aptos2019/aptos2019/train_images/train_images/282bc792d23a.png,1.0,8.19031,0.9944226
data/raw/aptos2019/aptos2019/train_images/train_images/283c3aeba594.png,0.0,-5.728843,0.025941344
data/raw/aptos2019/aptos2019/train_images/train_images/28503940d10b.png,0.0,-3.414586,0.10330767
data/raw/aptos2019/aptos2019/train_images/train_images/286e9981dd9b.png,0.0,-4.7408123,0.047410753
data/raw/aptos2019/aptos2019/train_images/train_images/28751f290ba3.png,0.0,-6.2892036,0.018338019
data/raw/aptos2019/aptos2019/train_images/train_images/28824d12d31d.png,1.0,12.670647,0.999671
data/raw/aptos2019/aptos2019/train_images/train_images/289a47dcbb82.png,0.0,1.996015,0.7795808
data/raw/aptos2019/aptos2019/train_images/train_images/28a4d00927b7.png,1.0,9.90591,0.9981098
data/raw/aptos2019/aptos2019/train_images/train_images/28dc010a0780.png,0.0,-7.528031,0.008456799
data/raw/aptos2019/aptos2019/train_images/train_images/28f73575e1f2.png,0.0,-3.4194632,0.1030221
data/raw/aptos2019/aptos2019/train_images/train_images/28f93cad89c5.png,1.0,10.887943,0.9989838
data/raw/aptos2019/aptos2019/train_images/train_images/28f98cfe3858.png,0.0,10.636881,0.9988091
data/raw/aptos2019/aptos2019/train_images/train_images/290ecdba359f.png,1.0,12.540035,0.9996426
data/raw/aptos2019/aptos2019/train_images/train_images/29192375ab1b.png,0.0,9.244802,0.9971307
data/raw/aptos2019/aptos2019/train_images/train_images/291e2ff3d834.png,1.0,12.183367,0.9995521
data/raw/aptos2019/aptos2019/train_images/train_images/291f581d365e.png,0.0,-0.61800915,0.40344736
data/raw/aptos2019/aptos2019/train_images/train_images/2923971566fe.png,0.0,-3.0988686,0.12333811
data/raw/aptos2019/aptos2019/train_images/train_images/2927665214e1.png,0.0,-4.0614123,0.07107051
data/raw/aptos2019/aptos2019/train_images/train_images/29580bed2f7d.png,1.0,11.339463,0.9992362
data/raw/aptos2019/aptos2019/train_images/train_images/295fdc964f6e.png,1.0,11.7634735,0.9994159
data/raw/aptos2019/aptos2019/train_images/train_images/2967e578939f.png,1.0,11.004552,0.99905604
data/raw/aptos2019/aptos2019/train_images/train_images/2974c6ad1d58.png,0.0,-4.222717,0.06461898
data/raw/aptos2019/aptos2019/train_images/train_images/299086c6d1b5.png,1.0,11.658208,0.99937564
data/raw/aptos2019/aptos2019/train_images/train_images/2994f17f58a5.png,0.0,10.361048,0.99858224
data/raw/aptos2019/aptos2019/train_images/train_images/29a13e666266.png,0.0,-2.8775194,0.13930123
data/raw/aptos2019/aptos2019/train_images/train_images/29b52f64d2db.png,0.0,7.7902503,0.992827
data/raw/aptos2019/aptos2019/train_images/train_images/29bc0e721cfe.png,1.0,12.740394,0.99968517
data/raw/aptos2019/aptos2019/train_images/train_images/29d059522fa1.png,0.0,-4.1036925,0.069324106
data/raw/aptos2019/aptos2019/train_images/train_images/29f44aea93a4.png,1.0,11.847417,0.9994461
data/raw/aptos2019/aptos2019/train_images/train_images/29f9e1ac9507.png,0.0,-5.827735,0.024405958
data/raw/aptos2019/aptos2019/train_images/train_images/2a08ed6bbcbc.png,0.0,11.205635,0.99916875
data/raw/aptos2019/aptos2019/train_images/train_images/2a099b247b10.png,1.0,12.320673,0.9995894
data/raw/aptos2019/aptos2019/train_images/train_images/2a2274bcb00a.png,0.0,-3.133044,0.121018454
data/raw/aptos2019/aptos2019/train_images/train_images/2a2a6435f7f3.png,0.0,-1.729275,0.25078833
data/raw/aptos2019/aptos2019/train_images/train_images/2a3378bcfbcc.png,1.0,12.472502,0.999627
data/raw/aptos2019/aptos2019/train_images/train_images/2a3a1ed1c285.png,1.0,11.486954,0.9993042
data/raw/aptos2019/aptos2019/train_images/train_images/2a4520f1f9a3.png,0.0,-6.6235805,0.014892562
data/raw/aptos2019/aptos2019/train_images/train_images/2a47e5b21791.png,1.0,9.732006,0.9978904
data/raw/aptos2019/aptos2019/train_images/train_images/2a5a8b744f08.png,1.0,9.87788,0.9980761
data/raw/aptos2019/aptos2019/train_images/train_images/2a7373eeb352.png,0.0,-2.9489367,0.13396996
data/raw/aptos2019/aptos2019/train_images/train_images/2a8a9e957a6c.png,0.0,11.377343,0.9992543
data/raw/aptos2019/aptos2019/train_images/train_images/2a93334f663a.png,0.0,-5.592238,0.028217774
data/raw/aptos2019/aptos2019/train_images/train_images/2af1bf226f51.png,1.0,10.779507,0.99891174
data/raw/aptos2019/aptos2019/train_images/train_images/2b074afdf626.png,1.0,9.945414,0.99815637
data/raw/aptos2019/aptos2019/train_images/train_images/2b07790a2422.png,1.0,9.503336,0.99756265
data/raw/aptos2019/aptos2019/train_images/train_images/2b10f138e67d.png,0.0,-3.2524002,0.113210574
data/raw/aptos2019/aptos2019/train_images/train_images/2b2f5a0f880d.png,0.0,-0.010280118,0.49837345
data/raw/aptos2019/aptos2019/train_images/train_images/2b3a4a81d748.png,0.0,-4.564139,0.052723847
data/raw/aptos2019/aptos2019/train_images/train_images/2b48daf24be0.png,1.0,12.739478,0.99968493
data/raw/aptos2019/aptos2019/train_images/train_images/2b4c7b5f1f1e.png,0.0,-1.7438768,0.24905595
data/raw/aptos2019/aptos2019/train_images/train_images/2b5bb6d33959.png,0.0,-4.8283925,0.044969358
data/raw/aptos2019/aptos2019/train_images/train_images/2b88cb6e31cd.png,1.0,11.55992,0.9993356
data/raw/aptos2019/aptos2019/train_images/train_images/2ba0b0d9bda2.png,1.0,12.677894,0.9996724
data/raw/aptos2019/aptos2019/train_images/train_images/2bb063318cf1.png,1.0,9.714937,0.99786747
data/raw/aptos2019/aptos2019/train_images/train_images/2bb3c492d6d3.png,0.0,-6.055758,0.02119579
data/raw/aptos2019/aptos2019/train_images/train_images/2bbcfdc477db.png,1.0,11.868665,0.9994535
data/raw/aptos2019/aptos2019/train_images/train_images/2bbd1f99ecc3.png,1.0,10.771885,0.9989065
data/raw/aptos2019/aptos2019/train_images/train_images/2bd4d4fbed5c.png,1.0,12.243806,0.9995689
data/raw/aptos2019/aptos2019/train_images/train_images/2c1d5be654dd.png,1.0,12.126517,0.9995358
data/raw/aptos2019/aptos2019/train_images/train_images/2c2aa057afc5.png,1.0,12.539685,0.9996425
data/raw/aptos2019/aptos2019/train_images/train_images/2c77bf969079.png,0.0,-0.78450847,0.3783648
data/raw/aptos2019/aptos2019/train_images/train_images/2c8101f14723.png,0.0,-5.5012193,0.029841015
data/raw/aptos2019/aptos2019/train_images/train_images/2c827005b8f8.png,0.0,-5.5879326,0.028292593
data/raw/aptos2019/aptos2019/train_images/train_images/2c9dfc270f1b.png,0.0,-7.828397,0.007003026
data/raw/aptos2019/aptos2019/train_images/train_images/2cacdb0dffae.png,0.0,-5.6125846,0.027866812
data/raw/aptos2019/aptos2019/train_images/train_images/2cbfc6182ba2.png,1.0,10.006775,0.99822646
data/raw/aptos2019/aptos2019/train_images/train_images/2cceb07ff706.png,1.0,9.380842,0.9973667
data/raw/aptos2019/aptos2019/train_images/train_images/2cdcc910778d.png,0.0,-4.888165,0.043372426
data/raw/aptos2019/aptos2019/train_images/train_images/2cef97083e6f.png,1.0,6.822104,0.9868426
data/raw/aptos2019/aptos2019/train_images/train_images/2cf18033da31.png,0.0,-2.25434,0.19361149
data/raw/aptos2019/aptos2019/train_images/train_images/2cfe8703f265.png,0.0,-0.40820023,0.43577203
data/raw/aptos2019/aptos2019/train_images/train_images/2d04cead4d3a.png,0.0,-3.2608366,0.11267563
data/raw/aptos2019/aptos2019/train_images/train_images/2d07162a13b1.png,0.0,5.9334803,0.9771378
data/raw/aptos2019/aptos2019/train_images/train_images/2d3f4094c08a.png,0.0,-5.859394,0.023933407
data/raw/aptos2019/aptos2019/train_images/train_images/2d552318eb07.png,1.0,10.5415125,0.998735
data/raw/aptos2019/aptos2019/train_images/train_images/2d558de2cabe.png,0.0,-2.1831245,0.20074545
data/raw/aptos2019/aptos2019/train_images/train_images/2d7666b8884f.png,0.0,5.100482,0.961873
data/raw/aptos2019/aptos2019/train_images/train_images/2d870833c0c9.png,1.0,11.945517,0.9994795
data/raw/aptos2019/aptos2019/train_images/train_images/2d9d97a6e713.png,0.0,5.0018206,0.95951587
data/raw/aptos2019/aptos2019/train_images/train_images/2da82d14e1b7.png,0.0,-2.2692523,0.19214228
data/raw/aptos2019/aptos2019/train_images/train_images/2db0cd3e30da.png,0.0,-6.2460346,0.018836359
data/raw/aptos2019/aptos2019/train_images/train_images/2dc647e00ad3.png,0.0,-5.358717,0.032565627
data/raw/aptos2019/aptos2019/train_images/train_images/2dd28ac497d2.png,0.0,-6.9029803,0.012509063
data/raw/aptos2019/aptos2019/train_images/train_images/2df07eb5779f.png,1.0,11.911799,0.99946815
data/raw/aptos2019/aptos2019/train_images/train_images/2e26762daed5.png,1.0,10.148471,0.9983784
data/raw/aptos2019/aptos2019/train_images/train_images/2e79041ef722.png,1.0,11.275093,0.99920446
data/raw/aptos2019/aptos2019/train_images/train_images/2eba4279e503.png,0.0,-0.38104367,0.44000235
data/raw/aptos2019/aptos2019/train_images/train_images/2ecbc2e3f239.png,0.0,10.108101,0.9983365
data/raw/aptos2019/aptos2019/train_images/train_images/2ef10194e80d.png,0.0,-1.529934,0.27522847
data/raw/aptos2019/aptos2019/train_images/train_images/2ef4a04aed1b.png,0.0,-6.2705917,0.018551266
data/raw/aptos2019/aptos2019/train_images/train_images/2ef955d6d9ff.png,0.0,-4.2631545,0.06308924
data/raw/aptos2019/aptos2019/train_images/train_images/2f143453bb71.png,0.0,-4.928566,0.042323846
data/raw/aptos2019/aptos2019/train_images/train_images/2f284b6a1940.png,1.0,7.3191085,0.99035925
data/raw/aptos2019/aptos2019/train_images/train_images/2f2e1949ad56.png,0.0,0.8643857,0.63345015
data/raw/aptos2019/aptos2019/train_images/train_images/2f42e20db938.png,1.0,12.591937,0.9996542
data/raw/aptos2019/aptos2019/train_images/train_images/2f4e81787d9b.png,0.0,10.046873,0.99827087
data/raw/aptos2019/aptos2019/train_images/train_images/2f5c9cdfb333.png,1.0,10.605415,0.9987851
data/raw/aptos2019/aptos2019/train_images/train_images/2f7789c1e046.png,1.0,12.910476,0.9997173
data/raw/aptos2019/aptos2019/train_images/train_images/2f7fbdcc9a4b.png,0.0,-1.8340484,0.23853636
data/raw/aptos2019/aptos2019/train_images/train_images/2f81ee5f2926.png,0.0,-4.0334797,0.07224648
data/raw/aptos2019/aptos2019/train_images/train_images/2f8d14a7d390.png,0.0,-4.777879,0.046362467
data/raw/aptos2019/aptos2019/train_images/train_images/2f9b66784109.png,1.0,12.637911,0.99966407
data/raw/aptos2019/aptos2019/train_images/train_images/2fb3a8606a77.png,1.0,11.6751375,0.99938226
data/raw/aptos2019/aptos2019/train_images/train_images/2fde69f20585.png,1.0,10.967943,0.9990339
data/raw/aptos2019/aptos2019/train_images/train_images/2fdfb80ea53c.png,0.0,-6.439819,0.016698595
data/raw/aptos2019/aptos2019/train_images/train_images/2fdffb6160a6.png,1.0,11.251461,0.99919254
data/raw/aptos2019/aptos2019/train_images/train_images/2fe06bedb2c4.png,1.0,6.0741134,0.97904396
data/raw/aptos2019/aptos2019/train_images/train_images/2fefb720869a.png,0.0,0.31220698,0.54923683
data/raw/aptos2019/aptos2019/train_images/train_images/300305ce82d2.png,1.0,11.883318,0.9994585
data/raw/aptos2019/aptos2019/train_images/train_images/30263a7d5609.png,0.0,-4.1738553,0.066513434
data/raw/aptos2019/aptos2019/train_images/train_images/302bcdb635ff.png,1.0,9.907475,0.9981117
data/raw/aptos2019/aptos2019/train_images/train_images/3044022c6969.png,0.0,10.229566,0.99845934
data/raw/aptos2019/aptos2019/train_images/train_images/306c841af3fc.png,0.0,-2.7450287,0.14966181
data/raw/aptos2019/aptos2019/train_images/train_images/3079490a4b9c.png,0.0,-0.9849056,0.34902656
data/raw/aptos2019/aptos2019/train_images/train_images/308f7fce6f0d.png,1.0,9.91799,0.9981242
data/raw/aptos2019/aptos2019/train_images/train_images/30941b65348b.png,0.0,0.9980294,0.65285814
data/raw/aptos2019/aptos2019/train_images/train_images/30cab14951ac.png,0.0,-6.889816,0.012612401
data/raw/aptos2019/aptos2019/train_images/train_images/30db694bee42.png,0.0,-4.75674,0.046957567
data/raw/aptos2019/aptos2019/train_images/train_images/310c27067ac0.png,1.0,12.224504,0.99956363
data/raw/aptos2019/aptos2019/train_images/train_images/312694ea8e6a.png,1.0,11.775322,0.9994203
data/raw/aptos2019/aptos2019/train_images/train_images/3128eb593012.png,1.0,5.75872,0.9745321
data/raw/aptos2019/aptos2019/train_images/train_images/3132556f5352.png,0.0,-2.3981981,0.17979217
data/raw/aptos2019/aptos2019/train_images/train_images/31360e44ac64.png,0.0,2.3999345,0.82036984
data/raw/aptos2019/aptos2019/train_images/train_images/31452ad8808c.png,1.0,11.22437,0.99917847
data/raw/aptos2019/aptos2019/train_images/train_images/314862758acf.png,1.0,9.682942,0.99782395
data/raw/aptos2019/aptos2019/train_images/train_images/315c1a0d87fd.png,0.0,-6.0321803,0.021507585
data/raw/aptos2019/aptos2019/train_images/train_images/31616ff6b53b.png,1.0,12.937244,0.99972194
data/raw/aptos2019/aptos2019/train_images/train_images/3178559fbf57.png,0.0,-5.7273383,0.025965422
data/raw/aptos2019/aptos2019/train_images/train_images/318eb706a134.png,0.0,-5.290278,0.033958193
data/raw/aptos2019/aptos2019/train_images/train_images/31b5d6fb0256.png,1.0,11.657698,0.9993755
data/raw/aptos2019/aptos2019/train_images/train_images/31cb39681f6a.png,0.0,5.4646606,0.9694818
data/raw/aptos2019/aptos2019/train_images/train_images/3206171db5be.png,1.0,12.344349,0.99959546
data/raw/aptos2019/aptos2019/train_images/train_images/3218a6d8eb2c.png,1.0,12.571632,0.99964964
data/raw/aptos2019/aptos2019/train_images/train_images/3232b34cbe99.png,0.0,-2.3068855,0.1884724
data/raw/aptos2019/aptos2019/train_images/train_images/3246f07e65b4.png,1.0,12.1566305,0.99954444
data/raw/aptos2019/aptos2019/train_images/train_images/3254e48c8aa0.png,0.0,-4.648916,0.050107606
data/raw/aptos2019/aptos2019/train_images/train_images/3286073a976e.png,0.0,-1.4370031,0.28711417
data/raw/aptos2019/aptos2019/train_images/train_images/328d141ed3aa.png,0.0,-3.489728,0.098984726
data/raw/aptos2019/aptos2019/train_images/train_images/32a3eb37ff40.png,1.0,9.770945,0.99794155
data/raw/aptos2019/aptos2019/train_images/train_images/32d7d360d891.png,0.0,-5.1568766,0.036839448
data/raw/aptos2019/aptos2019/train_images/train_images/32ed318235b8.png,0.0,-7.451,0.00887554
data/raw/aptos2019/aptos2019/train_images/train_images/33105f9b3a04.png,0.0,6.8379283,0.98697203
data/raw/aptos2019/aptos2019/train_images/train_images/331121c65e88.png,0.0,-6.4143405,0.016965432
data/raw/aptos2019/aptos2019/train_images/train_images/331b87d1b9d1.png,1.0,12.654734,0.99966764
data/raw/aptos2019/aptos2019/train_images/train_images/3323fd59782e.png,0.0,-6.8183107,0.013188565
data/raw/aptos2019/aptos2019/train_images/train_images/3325b1fe55d2.png,0.0,-4.1599984,0.067060016
data/raw/aptos2019/aptos2019/train_images/train_images/33596a635b53.png,0.0,-2.0717056,0.21229821
data/raw/aptos2019/aptos2019/train_images/train_images/33778d136069.png,1.0,11.936923,0.9994766
data/raw/aptos2019/aptos2019/train_images/train_images/338326891d84.png,0.0,2.973599,0.86783063
data/raw/aptos2019/aptos2019/train_images/train_images/33b893e18eb3.png,0.0,12.194342,0.9995552
data/raw/aptos2019/aptos2019/train_images/train_images/33b91def2035.png,0.0,-5.888076,0.023513012
data/raw/aptos2019/aptos2019/train_images/train_images/33b978734eab.png,0.0,-3.4155324,0.1032522
data/raw/aptos2019/aptos2019/train_images/train_images/33d72035c27a.png,0.0,-3.4777088,0.099665225
data/raw/aptos2019/aptos2019/train_images/train_images/33e7bf536fc5.png,0.0,-4.2498255,0.06358971
data/raw/aptos2019/aptos2019/train_images/train_images/33e8e26a75d4.png,1.0,11.723024,0.99940073
data/raw/aptos2019/aptos2019/train_images/train_images/33ffddea8c6e.png,0.0,-2.4438636,0.17556967
data/raw/aptos2019/aptos2019/train_images/train_images/3402124408ea.png,1.0,11.873957,0.9994553
data/raw/aptos2019/aptos2019/train_images/train_images/3428230bf1bd.png,1.0,12.032897,0.9995074
data/raw/aptos2019/aptos2019/train_images/train_images/342edf9b889d.png,0.0,-5.7556434,0.025516195
data/raw/aptos2019/aptos2019/train_images/train_images/3435fd8675a2.png,1.0,11.613103,0.99935764
data/raw/aptos2019/aptos2019/train_images/train_images/345b1f0abbba.png,0.0,-7.1626697,0.010633407
data/raw/aptos2019/aptos2019/train_images/train_images/3461dc601cc2.png,0.0,12.352413,0.9995976
data/raw/aptos2019/aptos2019/train_images/train_images/34723fae6475.png,1.0,10.46758,0.9986745
data/raw/aptos2019/aptos2019/train_images/train_images/348598d01e18.png,0.0,-3.230484,0.11461053
data/raw/aptos2019/aptos2019/train_images/train_images/3486f7096276.png,0.0,-2.32374,0.18684633
data/raw/aptos2019/aptos2019/train_images/train_images/349f3c0ac83e.png,1.0,12.011758,0.99950075
data/raw/aptos2019/aptos2019/train_images/train_images/34a7dbd3f05c.png,0.0,-5.24029,0.035011448
data/raw/aptos2019/aptos2019/train_images/train_images/34acae864963.png,0.0,-1.3082482,0.3040775
data/raw/aptos2019/aptos2019/train_images/train_images/351e842842a2.png,0.0,1.0264612,0.65692484
data/raw/aptos2019/aptos2019/train_images/train_images/352e4a939242.png,1.0,12.6743355,0.9996717
data/raw/aptos2019/aptos2019/train_images/train_images/35362d43e753.png,0.0,-3.791794,0.08319359
data/raw/aptos2019/aptos2019/train_images/train_images/354b8911d6ed.png,1.0,11.167997,0.9991487
data/raw/aptos2019/aptos2019/train_images/train_images/356304d15a5c.png,0.0,-4.5538273,0.05305073
data/raw/aptos2019/aptos2019/train_images/train_images/35777eb7859d.png,0.0,-0.44796926,0.42959398
data/raw/aptos2019/aptos2019/train_images/train_images/357f02a779d7.png,0.0,-5.6275554,0.027611285
data/raw/aptos2019/aptos2019/train_images/train_images/3580a545016d.png,0.0,-4.8808975,0.043563657
data/raw/aptos2019/aptos2019/train_images/train_images/358d2224de73.png,0.0,11.995703,0.9994956
data/raw/aptos2019/aptos2019/train_images/train_images/3599029efeb3.png,0.0,-5.539032,0.029155947
data/raw/aptos2019/aptos2019/train_images/train_images/359bab5d784b.png,0.0,-4.341311,0.060227945
data/raw/aptos2019/aptos2019/train_images/train_images/35ac70c0d08f.png,0.0,-2.6066756,0.16115002
data/raw/aptos2019/aptos2019/train_images/train_images/35beb47fe159.png,0.0,-2.2278492,0.19624244
data/raw/aptos2019/aptos2019/train_images/train_images/35cd9832fc0a.png,0.0,-4.3842006,0.058709815
data/raw/aptos2019/aptos2019/train_images/train_images/35d6c4c50072.png,0.0,12.205974,0.9995585
data/raw/aptos2019/aptos2019/train_images/train_images/35df2bc6ae95.png,0.0,-3.9693904,0.075012736
data/raw/aptos2019/aptos2019/train_images/train_images/3601dac9bed7.png,0.0,-5.611768,0.02788082
data/raw/aptos2019/aptos2019/train_images/train_images/36041171f441.png,0.0,11.706419,0.9993944
data/raw/aptos2019/aptos2019/train_images/train_images/360832d84ce0.png,0.0,-1.110104,0.3312459
data/raw/aptos2019/aptos2019/train_images/train_images/362c4a96cebb.png,1.0,12.365363,0.9996008
data/raw/aptos2019/aptos2019/train_images/train_images/365f8c01d994.png,0.0,10.442717,0.99865353
data/raw/aptos2019/aptos2019/train_images/train_images/36677b70b1ef.png,0.0,8.267543,0.9946872
data/raw/aptos2019/aptos2019/train_images/train_images/367c7049929c.png,1.0,9.42354,0.9974368
data/raw/aptos2019/aptos2019/train_images/train_images/36865bbc64d6.png,1.0,3.0064173,0.8701948
data/raw/aptos2019/aptos2019/train_images/train_images/369229040a34.png,0.0,-5.2405806,0.035005238
data/raw/aptos2019/aptos2019/train_images/train_images/3694e8c8e09a.png,0.0,-6.7708135,0.013585561
data/raw/aptos2019/aptos2019/train_images/train_images/36a1e3c780a0.png,1.0,12.29542,0.9995828
data/raw/aptos2019/aptos2019/train_images/train_images/36b5b3c9fb32.png,1.0,12.695618,0.9996761
data/raw/aptos2019/aptos2019/train_images/train_images/36e4b704b905.png,0.0,-3.4150789,0.103278786
data/raw/aptos2019/aptos2019/train_images/train_images/370f575adb23.png,0.0,-2.7962801,0.14558068
data/raw/aptos2019/aptos2019/train_images/train_images/3710ff45299c.png,0.0,-3.0583096,0.1261405
data/raw/aptos2019/aptos2019/train_images/train_images/3730c322d35b.png,0.0,-3.4251056,0.10269257
data/raw/aptos2019/aptos2019/train_images/train_images/3732de8b416f.png,0.0,-4.429983,0.05712892
data/raw/aptos2019/aptos2019/train_images/train_images/374535e0adb8.png,1.0,10.610355,0.9987889
data/raw/aptos2019/aptos2019/train_images/train_images/3748349334f6.png,1.0,12.713,0.9996797
data/raw/aptos2019/aptos2019/train_images/train_images/378963f9df22.png,1.0,12.727186,0.99968255
data/raw/aptos2019/aptos2019/train_images/train_images/3796af4d987a.png,1.0,4.452039,0.9436183
data/raw/aptos2019/aptos2019/train_images/train_images/37c4dfe03aba.png,1.0,12.371027,0.99960226
data/raw/aptos2019/aptos2019/train_images/train_images/37c523296d42.png,0.0,-5.2327743,0.035172515
data/raw/aptos2019/aptos2019/train_images/train_images/37de05ef12a5.png,1.0,12.311688,0.999587
data/raw/aptos2019/aptos2019/train_images/train_images/38055d8b9f08.png,1.0,12.638115,0.99966407
data/raw/aptos2019/aptos2019/train_images/train_images/3810040096cb.png,1.0,12.064457,0.9995171
data/raw/aptos2019/aptos2019/train_images/train_images/3823acc4e464.png,0.0,-7.2362437,0.010154544
data/raw/aptos2019/aptos2019/train_images/train_images/382752f6694a.png,0.0,11.32104,0.9992273
data/raw/aptos2019/aptos2019/train_images/train_images/38373431d996.png,0.0,-0.5288779,0.41709435
data/raw/aptos2019/aptos2019/train_images/train_images/383e72af1955.png,1.0,12.509129,0.99963546
data/raw/aptos2019/aptos2019/train_images/train_images/384631079d1e.png,0.0,8.127454,0.9941975
data/raw/aptos2019/aptos2019/train_images/train_images/38487e1a5b1f.png,1.0,11.052238,0.9990841
data/raw/aptos2019/aptos2019/train_images/train_images/384db24ebbd7.png,0.0,-4.3735814,0.059082314
data/raw/aptos2019/aptos2019/train_images/train_images/384e6c915722.png,0.0,-4.384137,0.058712024
data/raw/aptos2019/aptos2019/train_images/train_images/387138ddf43d.png,0.0,-2.032291,0.21649954
data/raw/aptos2019/aptos2019/train_images/train_images/388279491b5d.png,0.0,-7.4451776,0.008908016
data/raw/aptos2019/aptos2019/train_images/train_images/388f12e8df0b.png,1.0,12.742094,0.9996855
data/raw/aptos2019/aptos2019/train_images/train_images/389552047476.png,0.0,-1.4762071,0.28206277
data/raw/aptos2019/aptos2019/train_images/train_images/38b9bb961847.png,0.0,10.410407,0.99862576
data/raw/aptos2019/aptos2019/train_images/train_images/38c7153457e2.png,0.0,-6.206969,0.019298771
data/raw/aptos2019/aptos2019/train_images/train_images/38e0e28d35d3.png,0.0,6.974295,0.9880363
data/raw/aptos2019/aptos2019/train_images/train_images/38e111cac46f.png,1.0,11.788718,0.9994252
data/raw/aptos2019/aptos2019/train_images/train_images/38f1901f214a.png,0.0,-5.362941,0.032481514
data/raw/aptos2019/aptos2019/train_images/train_images/3908b3cfd620.png,0.0,-1.9736406,0.22286205
data/raw/aptos2019/aptos2019/train_images/train_images/39134907127a.png,1.0,12.390312,0.99960715
data/raw/aptos2019/aptos2019/train_images/train_images/393fa5a023a5.png,0.0,-4.770955,0.0465566
data/raw/aptos2019/aptos2019/train_images/train_images/39923b29988a.png,1.0,12.556305,0.9996462
data/raw/aptos2019/aptos2019/train_images/train_images/39aa3cd93c50.png,1.0,12.875059,0.99971086
data/raw/aptos2019/aptos2019/train_images/train_images/39b5b05d6cd9.png,1.0,12.611002,0.9996582
data/raw/aptos2019/aptos2019/train_images/train_images/39f8935185e6.png,0.0,-3.1543317,0.119592674
data/raw/aptos2019/aptos2019/train_images/train_images/39fd8ef3a45c.png,0.0,-2.271361,0.19193521
data/raw/aptos2019/aptos2019/train_images/train_images/3a122851e526.png,1.0,12.984872,0.9997303
data/raw/aptos2019/aptos2019/train_images/train_images/3a1d3ce00f0c.png,1.0,7.756357,0.9926726
data/raw/aptos2019/aptos2019/train_images/train_images/3a1ecf5e2839.png,1.0,7.87087,0.9931814
data/raw/aptos2019/aptos2019/train_images/train_images/3a4cfea0a766.png,0.0,-7.2421756,0.01011688
data/raw/aptos2019/aptos2019/train_images/train_images/3a61e690f4bb.png,1.0,12.228977,0.9995648
data/raw/aptos2019/aptos2019/train_images/train_images/3a643599f852.png,0.0,-5.495886,0.029938888
data/raw/aptos2019/aptos2019/train_images/train_images/3a6e9730b298.png,1.0,11.391127,0.9992607
data/raw/aptos2019/aptos2019/train_images/train_images/3aa2b1ce6700.png,1.0,10.686923,0.99884605
data/raw/aptos2019/aptos2019/train_images/train_images/3abac0961bfd.png,0.0,3.1300385,0.87877905
data/raw/aptos2019/aptos2019/train_images/train_images/3ac3fbfca7d4.png,1.0,12.835142,0.99970347
data/raw/aptos2019/aptos2019/train_images/train_images/3ac92ac3d65a.png,0.0,-4.662254,0.049707357
data/raw/aptos2019/aptos2019/train_images/train_images/3af9aaa880e9.png,0.0,-0.3253399,0.44870633
data/raw/aptos2019/aptos2019/train_images/train_images/3b018e8b7303.png,1.0,12.236999,0.9995671
data/raw/aptos2019/aptos2019/train_images/train_images/3b0190bbe615.png,0.0,-4.8617845,0.044070452
data/raw/aptos2019/aptos2019/train_images/train_images/3b10191dfd25.png,0.0,-2.5086823,0.16971074
data/raw/aptos2019/aptos2019/train_images/train_images/3b185ac445d0.png,1.0,12.509675,0.9996357
data/raw/aptos2019/aptos2019/train_images/train_images/3b232b394e4f.png,1.0,9.881604,0.9980806
data/raw/aptos2019/aptos2019/train_images/train_images/3b2b91590590.png,0.0,-7.523432,0.00848124
data/raw/aptos2019/aptos2019/train_images/train_images/3b4a5fcbe5e0.png,1.0,12.368173,0.99960154
data/raw/aptos2019/aptos2019/train_images/train_images/3b58b02c89ed.png,1.0,12.854204,0.99970704
data/raw/aptos2019/aptos2019/train_images/train_images/3b5dffe159b6.png,0.0,-6.009462,0.021812255
data/raw/aptos2019/aptos2019/train_images/train_images/3b73a3a4a734.png,0.0,9.5830145,0.9976822
data/raw/aptos2019/aptos2019/train_images/train_images/3b9817a39adf.png,0.0,-5.4432864,0.03092096
data/raw/aptos2019/aptos2019/train_images/train_images/3b9c1f42c2f2.png,1.0,11.763889,0.999416
data/raw/aptos2019/aptos2019/train_images/train_images/3bf2deaa5ef0.png,0.0,-7.2021146,0.010373967
data/raw/aptos2019/aptos2019/train_images/train_images/3bf3085ac167.png,0.0,-6.2198176,0.019145466
data/raw/aptos2019/aptos2019/train_images/train_images/3c1efa38d0da.png,1.0,11.84687,0.99944586
data/raw/aptos2019/aptos2019/train_images/train_images/3c28fd846b43.png,0.0,-4.8985586,0.04310032
data/raw/aptos2019/aptos2019/train_images/train_images/3c311c9109b0.png,1.0,11.724688,0.99940133
data/raw/aptos2019/aptos2019/train_images/train_images/3c326543fff6.png,0.0,-4.649226,0.050098255
data/raw/aptos2019/aptos2019/train_images/train_images/3c42512c81e0.png,0.0,-5.5067153,0.029740483
data/raw/aptos2019/aptos2019/train_images/train_images/3c726de3ee90.png,0.0,5.922971,0.97698873
data/raw/aptos2019/aptos2019/train_images/train_images/3c72f580d4ba.png,0.0,10.656162,0.99882346
data/raw/aptos2019/aptos2019/train_images/train_images/3c78bfca247b.png,1.0,12.121468,0.99953425
data/raw/aptos2019/aptos2019/train_images/train_images/3c9529918097.png,0.0,-4.660106,0.04977159
data/raw/aptos2019/aptos2019/train_images/train_images/3ca12e02dd4e.png,0.0,-5.225989,0.035318527
data/raw/aptos2019/aptos2019/train_images/train_images/3ca8be3b40d6.png,0.0,-3.6500468,0.090296656
data/raw/aptos2019/aptos2019/train_images/train_images/3cab32dd6ef9.png,0.0,-5.0852704,0.038481608
data/raw/aptos2019/aptos2019/train_images/train_images/3ccf96c1dd6d.png,1.0,12.3415165,0.99959475
data/raw/aptos2019/aptos2019/train_images/train_images/3cd801ffdbf0.png,1.0,12.764436,0.99968994
data/raw/aptos2019/aptos2019/train_images/train_images/3cd9713c0ecb.png,0.0,-1.6879177,0.25573823
data/raw/aptos2019/aptos2019/train_images/train_images/3cdda8b3df19.png,1.0,11.437983,0.9992824
data/raw/aptos2019/aptos2019/train_images/train_images/3cdef7c591cc.png,0.0,-5.697569,0.026446199
data/raw/aptos2019/aptos2019/train_images/train_images/3ce2f8a77a32.png,0.0,-4.8239923,0.045089122
data/raw/aptos2019/aptos2019/train_images/train_images/3d2ecffe0386.png,0.0,-5.416752,0.031428143
data/raw/aptos2019/aptos2019/train_images/train_images/3d3e288d490e.png,1.0,12.787872,0.99969447
data/raw/aptos2019/aptos2019/train_images/train_images/3d663a6a50a3.png,1.0,11.636945,0.9993672
data/raw/aptos2019/aptos2019/train_images/train_images/3dbc90c7ee7d.png,0.0,12.834919,0.99970335
data/raw/aptos2019/aptos2019/train_images/train_images/3dbfbc11e105.png,1.0,11.690932,0.99938846
data/raw/aptos2019/aptos2019/train_images/train_images/3ddb86eb530e.png,1.0,12.225773,0.999564
data/raw/aptos2019/aptos2019/train_images/train_images/3de8ad4151e1.png,0.0,1.9592263,0.775554
data/raw/aptos2019/aptos2019/train_images/train_images/3dec415b188a.png,0.0,0.110609755,0.51749337
data/raw/aptos2019/aptos2019/train_images/train_images/3dfc50108072.png,1.0,12.333796,0.99959284
data/raw/aptos2019/aptos2019/train_images/train_images/3e1f8fecb06f.png,1.0,12.332781,0.9995925
data/raw/aptos2019/aptos2019/train_images/train_images/3e3a3955b9c5.png,1.0,12.182349,0.99955183
data/raw/aptos2019/aptos2019/train_images/train_images/3e61703b5ab2.png,0.0,-6.052031,0.021244781
data/raw/aptos2019/aptos2019/train_images/train_images/3e6bfc4d5c65.png,1.0,9.531524,0.9976057
data/raw/aptos2019/aptos2019/train_images/train_images/3e86335bc2fd.png,1.0,12.801316,0.9996971
data/raw/aptos2019/aptos2019/train_images/train_images/3ee17aa12e46.png,0.0,4.8414044,0.95538294
data/raw/aptos2019/aptos2019/train_images/train_images/3ee4841936ef.png,1.0,8.42506,0.99518883
data/raw/aptos2019/aptos2019/train_images/train_images/3f0d3629d69e.png,0.0,-1.0810406,0.33533302
data/raw/aptos2019/aptos2019/train_images/train_images/3f3de2a6b0f5.png,1.0,12.216308,0.99956137
data/raw/aptos2019/aptos2019/train_images/train_images/3f47f83217b5.png,1.0,10.283241,0.9985108
data/raw/aptos2019/aptos2019/train_images/train_images/3f49f8d100e9.png,1.0,12.4316845,0.9996172
data/raw/aptos2019/aptos2019/train_images/train_images/3f5b4c2948e8.png,1.0,10.843455,0.9989548
data/raw/aptos2019/aptos2019/train_images/train_images/3f6bccf21ce8.png,0.0,-4.034743,0.0721929
data/raw/aptos2019/aptos2019/train_images/train_images/3f6c627e2ff2.png,0.0,-3.375995,0.105592154
data/raw/aptos2019/aptos2019/train_images/train_images/3f73c91b7e32.png,0.0,8.138607,0.99423814
data/raw/aptos2019/aptos2019/train_images/train_images/3f752fcccec0.png,1.0,12.391623,0.9996074
data/raw/aptos2019/aptos2019/train_images/train_images/3f82631e9080.png,0.0,-3.989546,0.07413242
data/raw/aptos2019/aptos2019/train_images/train_images/3f8d5c940ba4.png,1.0,12.643925,0.9996654
data/raw/aptos2019/aptos2019/train_images/train_images/3f98be586fe3.png,0.0,-3.697069,0.087881766
data/raw/aptos2019/aptos2019/train_images/train_images/3fa4f4d77177.png,1.0,12.690582,0.99967504
data/raw/aptos2019/aptos2019/train_images/train_images/3fc219927a97.png,1.0,11.232357,0.99918264
data/raw/aptos2019/aptos2019/train_images/train_images/3fd45879afe6.png,0.0,-3.984988,0.07433067
data/raw/aptos2019/aptos2019/train_images/train_images/3fd7df6099e3.png,1.0,12.366874,0.9996012
data/raw/aptos2019/aptos2019/train_images/train_images/3fe282197c1c.png,0.0,-3.8757994,0.07922741
data/raw/aptos2019/aptos2019/train_images/train_images/3ffa14d60b24.png,1.0,12.36965,0.9996019
data/raw/aptos2019/aptos2019/train_images/train_images/40140a925c43.png,1.0,12.700153,0.99967706
data/raw/aptos2019/aptos2019/train_images/train_images/401fdfd0db07.png,0.0,-3.6721046,0.08915649
data/raw/aptos2019/aptos2019/train_images/train_images/4029d70e9d8a.png,0.0,9.761978,0.99792993
data/raw/aptos2019/aptos2019/train_images/train_images/4036471a1bb7.png,0.0,-4.7553477,0.04699702
data/raw/aptos2019/aptos2019/train_images/train_images/404ede327e98.png,0.0,-5.753202,0.025554642
data/raw/aptos2019/aptos2019/train_images/train_images/405085b53d7b.png,0.0,-5.0639725,0.038983457
data/raw/aptos2019/aptos2019/train_images/train_images/40527a5e95dd.png,1.0,11.44169,0.9992841
data/raw/aptos2019/aptos2019/train_images/train_images/405b4f78658f.png,1.0,12.54444,0.99964356
data/raw/aptos2019/aptos2019/train_images/train_images/408ea9d5e082.png,1.0,12.401615,0.9996099
data/raw/aptos2019/aptos2019/train_images/train_images/40c24aded50c.png,0.0,-0.7312907,0.38631836
data/raw/aptos2019/aptos2019/train_images/train_images/40dd4e6e4444.png,0.0,-2.949864,0.1339019
data/raw/aptos2019/aptos2019/train_images/train_images/40e9b5630438.png,0.0,3.8953826,0.92167205
data/raw/aptos2019/aptos2019/train_images/train_images/41345cec5957.png,0.0,-4.84335,0.04456457
data/raw/aptos2019/aptos2019/train_images/train_images/4134b290f5f3.png,0.0,-4.9173927,0.042611394
data/raw/aptos2019/aptos2019/train_images/train_images/4145dcb25053.png,0.0,-3.9742293,0.07480051
data/raw/aptos2019/aptos2019/train_images/train_images/4158c340fa49.png,0.0,-5.326493,0.033214293
data/raw/aptos2019/aptos2019/train_images/train_images/415d5c5e785f.png,0.0,-5.863069,0.023879137
data/raw/aptos2019/aptos2019/train_images/train_images/415f2d2bd2a1.png,0.0,-6.79467,0.013384711
data/raw/aptos2019/aptos2019/train_images/train_images/417f408ee8e0.png,1.0,9.241107,0.9971239
data/raw/aptos2019/aptos2019/train_images/train_images/4189d4e631ec.png,1.0,12.5973425,0.99965537
data/raw/aptos2019/aptos2019/train_images/train_images/419406328dcd.png,1.0,12.295727,0.9995828
data/raw/aptos2019/aptos2019/train_images/train_images/41960d5f58c2.png,0.0,-4.788741,0.046059486
data/raw/aptos2019/aptos2019/train_images/train_images/41ab357d103f.png,0.0,-7.736569,0.0074189603
data/raw/aptos2019/aptos2019/train_images/train_images/4205e9deb058.png,0.0,-3.131758,0.12110508
data/raw/aptos2019/aptos2019/train_images/train_images/4210809074c1.png,0.0,-5.026091,0.03989161
data/raw/aptos2019/aptos2019/train_images/train_images/423abbaa5fad.png,1.0,12.930643,0.9997209
data/raw/aptos2019/aptos2019/train_images/train_images/4242c0d87f57.png,1.0,12.671265,0.9996711
data/raw/aptos2019/aptos2019/train_images/train_images/4246ed634f25.png,1.0,12.695995,0.9996762
data/raw/aptos2019/aptos2019/train_images/train_images/4276b82e4489.png,0.0,2.5484092,0.83380264
data/raw/aptos2019/aptos2019/train_images/train_images/4289af3afbd2.png,1.0,12.137979,0.99953914
data/raw/aptos2019/aptos2019/train_images/train_images/4294a14c656a.png,1.0,12.872566,0.9997104
data/raw/aptos2019/aptos2019/train_images/train_images/42985aa2e32f.png,0.0,3.8528519,0.9197067
data/raw/aptos2019/aptos2019/train_images/train_images/42a67337fa8e.png,1.0,10.769247,0.9989046
data/raw/aptos2019/aptos2019/train_images/train_images/42a850acd2ac.png,1.0,12.226025,0.999564
data/raw/aptos2019/aptos2019/train_images/train_images/42af7282349b.png,0.0,1.6015059,0.73371446
data/raw/aptos2019/aptos2019/train_images/train_images/42b08dca9b2f.png,1.0,11.3766165,0.9992539
data/raw/aptos2019/aptos2019/train_images/train_images/42b93b574f23.png,1.0,12.202772,0.99955755
data/raw/aptos2019/aptos2019/train_images/train_images/42b9c1977681.png,0.0,-4.359339,0.059585385
data/raw/aptos2019/aptos2019/train_images/train_images/42c65af5ab16.png,0.0,-4.1699486,0.0666671
data/raw/aptos2019/aptos2019/train_images/train_images/42cc993f23a9.png,1.0,11.031596,0.9990721
data/raw/aptos2019/aptos2019/train_images/train_images/4318b6adeb97.png,0.0,-1.6826261,0.25637618
data/raw/aptos2019/aptos2019/train_images/train_images/4350a1b2f3cb.png,0.0,-1.5119356,0.27750653
data/raw/aptos2019/aptos2019/train_images/train_images/435414ccccf7.png,0.0,-6.195444,0.019437298
data/raw/aptos2019/aptos2019/train_images/train_images/435d900fa7b2.png,1.0,12.593447,0.9996544
data/raw/aptos2019/aptos2019/train_images/train_images/4360a112db10.png,1.0,11.40102,0.9992654
data/raw/aptos2019/aptos2019/train_images/train_images/436e1793d240.png,1.0,8.92688,0.9964934
data/raw/aptos2019/aptos2019/train_images/train_images/436e7a7af761.png,0.0,-2.7549784,0.14886221
data/raw/aptos2019/aptos2019/train_images/train_images/436fa3fd145a.png,0.0,-3.9302304,0.07675057
data/raw/aptos2019/aptos2019/train_images/train_images/437900a99871.png,1.0,12.100686,0.99952805
data/raw/aptos2019/aptos2019/train_images/train_images/437cbec4a3f8.png,1.0,12.61501,0.9996592
data/raw/aptos2019/aptos2019/train_images/train_images/43823561c3f0.png,0.0,-4.6358266,0.050503366
data/raw/aptos2019/aptos2019/train_images/train_images/4384fa687afa.png,1.0,11.676183,0.99938273
data/raw/aptos2019/aptos2019/train_images/train_images/4393c5bc576a.png,0.0,5.250958,0.965216
data/raw/aptos2019/aptos2019/train_images/train_images/43bc7c066dfb.png,0.0,-3.3673434,0.10611036
data/raw/aptos2019/aptos2019/train_images/train_images/43ddd0ab0cc4.png,1.0,11.979704,0.9994905
data/raw/aptos2019/aptos2019/train_images/train_images/43e9c66eb0f3.png,0.0,-5.337867,0.032983925
data/raw/aptos2019/aptos2019/train_images/train_images/43f22d1be8dd.png,0.0,-5.567262,0.028654462
data/raw/aptos2019/aptos2019/train_images/train_images/4403538fb50f.png,0.0,-5.0634403,0.03899607
data/raw/aptos2019/aptos2019/train_images/train_images/4409965eb2a4.png,0.0,-5.9110293,0.023181776
data/raw/aptos2019/aptos2019/train_images/train_images/441117562359.png,1.0,12.563475,0.99964786
data/raw/aptos2019/aptos2019/train_images/train_images/441848e0f308.png,0.0,-0.9143929,0.35923293
data/raw/aptos2019/aptos2019/train_images/train_images/441affbe99aa.png,1.0,12.702854,0.99967754
data/raw/aptos2019/aptos2019/train_images/train_images/44271f3cb18f.png,0.0,-0.65650284,0.39759806
data/raw/aptos2019/aptos2019/train_images/train_images/445a8a6da55c.png,0.0,-3.6286216,0.09141668
data/raw/aptos2019/aptos2019/train_images/train_images/4462fba1d2a1.png,1.0,12.612267,0.9996586
data/raw/aptos2019/aptos2019/train_images/train_images/4464bb62bf20.png,0.0,-3.0207973,0.12878071
data/raw/aptos2019/aptos2019/train_images/train_images/4478b870e549.png,1.0,10.708682,0.9988619
data/raw/aptos2019/aptos2019/train_images/train_images/44855f666225.png,1.0,12.861204,0.99970824
data/raw/aptos2019/aptos2019/train_images/train_images/44878f34e31f.png,0.0,-4.2270036,0.06445519
data/raw/aptos2019/aptos2019/train_images/train_images/4489d421e5aa.png,1.0,12.124906,0.9995353
data/raw/aptos2019/aptos2019/train_images/train_images/44976c3b11a6.png,0.0,-1.4383217,0.2869434
data/raw/aptos2019/aptos2019/train_images/train_images/44a4d04162cc.png,0.0,-2.7541635,0.14892757
data/raw/aptos2019/aptos2019/train_images/train_images/44a86263117b.png,0.0,1.9736084,0.7771344
data/raw/aptos2019/aptos2019/train_images/train_images/44c869174e3a.png,1.0,11.976148,0.9994893
data/raw/aptos2019/aptos2019/train_images/train_images/44e0d56e9d42.png,1.0,11.033468,0.99907315
data/raw/aptos2019/aptos2019/train_images/train_images/44e951e45dca.png,1.0,9.446143,0.99747306
data/raw/aptos2019/aptos2019/train_images/train_images/44ecf3f4efa5.png,1.0,12.262657,0.999574
data/raw/aptos2019/aptos2019/train_images/train_images/44f4ae58990e.png,1.0,10.573047,0.99876
data/raw/aptos2019/aptos2019/train_images/train_images/44f7f3ef9d50.png,0.0,-5.132819,0.037383508
data/raw/aptos2019/aptos2019/train_images/train_images/4528fbbd43a3.png,0.0,-3.3788717,0.105420314
data/raw/aptos2019/aptos2019/train_images/train_images/45369821d6a3.png,0.0,-8.495859,0.0046012984
data/raw/aptos2019/aptos2019/train_images/train_images/453a1e2754b2.png,1.0,10.715058,0.99886644
data/raw/aptos2019/aptos2019/train_images/train_images/453d553b0a94.png,1.0,8.278557,0.9947239
data/raw/aptos2019/aptos2019/train_images/train_images/454792eb6e05.png,0.0,-1.1647323,0.32363242
data/raw/aptos2019/aptos2019/train_images/train_images/454a944eb557.png,0.0,-4.283076,0.06234811
data/raw/aptos2019/aptos2019/train_images/train_images/4554062fa836.png,0.0,-5.2673955,0.034436483
data/raw/aptos2019/aptos2019/train_images/train_images/45693d027798.png,0.0,-2.6783164,0.15511474
data/raw/aptos2019/aptos2019/train_images/train_images/457c7c927e27.png,1.0,12.611615,0.99965847
data/raw/aptos2019/aptos2019/train_images/train_images/45ae04cfde5d.png,1.0,7.8279185,0.99299484
data/raw/aptos2019/aptos2019/train_images/train_images/45c39ab9e797.png,1.0,7.673696,0.9922822
data/raw/aptos2019/aptos2019/train_images/train_images/45e4b7eada54.png,0.0,9.528254,0.99760073
data/raw/aptos2019/aptos2019/train_images/train_images/460893cd86e3.png,1.0,12.351974,0.9995975
data/raw/aptos2019/aptos2019/train_images/train_images/461fa5292fda.png,0.0,-7.2647357,0.009974893
data/raw/aptos2019/aptos2019/train_images/train_images/462937ece243.png,0.0,-5.73813,0.025793247
data/raw/aptos2019/aptos2019/train_images/train_images/465c618f7b23.png,1.0,12.465131,0.9996252
data/raw/aptos2019/aptos2019/train_images/train_images/4661006f3ba6.png,0.0,9.19599,0.9970408
data/raw/aptos2019/aptos2019/train_images/train_images/467b7d9d811c.png,1.0,7.757767,0.99267924
data/raw/aptos2019/aptos2019/train_images/train_images/4689b739d240.png,1.0,3.4841845,0.90070194
data/raw/aptos2019/aptos2019/train_images/train_images/46923eea9a4e.png,1.0,12.397849,0.99960893
data/raw/aptos2019/aptos2019/train_images/train_images/46acc506fa61.png,0.0,-2.4861557,0.17172907
data/raw/aptos2019/aptos2019/train_images/train_images/46c1548d730e.png,1.0,12.039102,0.99950933
data/raw/aptos2019/aptos2019/train_images/train_images/46cdc8b685bd.png,1.0,7.804095,0.99288917
data/raw/aptos2019/aptos2019/train_images/train_images/46d3316c4857.png,1.0,12.719301,0.9996809
data/raw/aptos2019/aptos2019/train_images/train_images/46f56c38051f.png,1.0,12.493065,0.99963176
data/raw/aptos2019/aptos2019/train_images/train_images/4704dbb59536.png,0.0,-4.8702707,0.043844737
data/raw/aptos2019/aptos2019/train_images/train_images/4731e708ede3.png,0.0,-4.0606666,0.071101665
data/raw/aptos2019/aptos2019/train_images/train_images/475300735b7f.png,0.0,-5.5441527,0.029064357
data/raw/aptos2019/aptos2019/train_images/train_images/47536db39f00.png,0.0,-1.8503778,0.23666431
data/raw/aptos2019/aptos2019/train_images/train_images/475c7ded0f7a.png,1.0,9.464575,0.99750227
data/raw/aptos2019/aptos2019/train_images/train_images/478fc46eaa49.png,0.0,-7.138183,0.010797684
data/raw/aptos2019/aptos2019/train_images/train_images/47b756014447.png,1.0,11.709531,0.9993956
data/raw/aptos2019/aptos2019/train_images/train_images/47d1603a555b.png,0.0,3.473722,0.9001081
data/raw/aptos2019/aptos2019/train_images/train_images/47e51065b819.png,1.0,12.105345,0.9995295
data/raw/aptos2019/aptos2019/train_images/train_images/4818672273af.png,1.0,11.691036,0.99938846
data/raw/aptos2019/aptos2019/train_images/train_images/482088e6be44.png,0.0,-2.531368,0.16769727
data/raw/aptos2019/aptos2019/train_images/train_images/4826d10030b3.png,0.0,-3.1472406,0.12006599
data/raw/aptos2019/aptos2019/train_images/train_images/484dbeb9bf2a.png,0.0,-3.724172,0.086516514
data/raw/aptos2019/aptos2019/train_images/train_images/48543037d0b3.png,1.0,10.622235,0.9987979
data/raw/aptos2019/aptos2019/train_images/train_images/4860f7813654.png,0.0,-5.981488,0.022193206
data/raw/aptos2019/aptos2019/train_images/train_images/486e852a3b4d.png,0.0,-4.102951,0.06935439
data/raw/aptos2019/aptos2019/train_images/train_images/48a45619d1a3.png,0.0,-4.7666774,0.046676915
data/raw/aptos2019/aptos2019/train_images/train_images/48afe8c47454.png,1.0,12.292308,0.999582
data/raw/aptos2019/aptos2019/train_images/train_images/48c49f662f7d.png,1.0,12.296421,0.99958307
data/raw/aptos2019/aptos2019/train_images/train_images/48c72dec46e5.png,1.0,12.377959,0.99960405
data/raw/aptos2019/aptos2019/train_images/train_images/48fda42bd5d4.png,1.0,12.583584,0.99965227
data/raw/aptos2019/aptos2019/train_images/train_images/4926dea289f8.png,0.0,-5.8275666,0.024408493
data/raw/aptos2019/aptos2019/train_images/train_images/4927945ecfed.png,0.0,-5.468282,0.030450433
data/raw/aptos2019/aptos2019/train_images/train_images/49386d603494.png,0.0,0.7502277,0.61651903
data/raw/aptos2019/aptos2019/train_images/train_images/493d99f030e2.png,0.0,-3.9710076,0.07494174
data/raw/aptos2019/aptos2019/train_images/train_images/49419f8d5cb4.png,1.0,12.359686,0.9995994
data/raw/aptos2019/aptos2019/train_images/train_images/494fc9c745a3.png,0.0,9.462169,0.99749845
data/raw/aptos2019/aptos2019/train_images/train_images/495106ae3b68.png,0.0,-6.352885,0.017626422
data/raw/aptos2019/aptos2019/train_images/train_images/495255c7492f.png,0.0,10.592015,0.9987747
data/raw/aptos2019/aptos2019/train_images/train_images/4958bfcc9f38.png,0.0,-5.052667,0.039252385
data/raw/aptos2019/aptos2019/train_images/train_images/496155f71d0a.png,0.0,-7.4589257,0.008831525
data/raw/aptos2019/aptos2019/train_images/train_images/4982378d72f9.png,0.0,-6.0719256,0.020984545
data/raw/aptos2019/aptos2019/train_images/train_images/498f143c0374.png,1.0,12.253499,0.9995715
data/raw/aptos2019/aptos2019/train_images/train_images/499c8df39222.png,1.0,12.061229,0.9995161
data/raw/aptos2019/aptos2019/train_images/train_images/49a4765f8822.png,1.0,10.425695,0.9986389
data/raw/aptos2019/aptos2019/train_images/train_images/49c5e7f6b8d2.png,0.0,10.686415,0.9988457
data/raw/aptos2019/aptos2019/train_images/train_images/49d69c4c6290.png,1.0,12.625699,0.99966145
data/raw/aptos2019/aptos2019/train_images/train_images/49e4b95ee2dc.png,0.0,0.3686437,0.5580631
data/raw/aptos2019/aptos2019/train_images/train_images/49eb73968c44.png,0.0,-5.197752,0.035932474
data/raw/aptos2019/aptos2019/train_images/train_images/4a05f81b3aba.png,0.0,-0.6711194,0.3953846
data/raw/aptos2019/aptos2019/train_images/train_images/4a0890b08532.png,1.0,12.400846,0.99960977
data/raw/aptos2019/aptos2019/train_images/train_images/4a0bba3b7d83.png,1.0,12.560428,0.99964714
data/raw/aptos2019/aptos2019/train_images/train_images/4a1afe4044f4.png,0.0,-3.931359,0.076699965
data/raw/aptos2019/aptos2019/train_images/train_images/4a213b405ee4.png,0.0,9.2707615,0.99717724
data/raw/aptos2019/aptos2019/train_images/train_images/4a3da369b227.png,1.0,12.067172,0.9995179
data/raw/aptos2019/aptos2019/train_images/train_images/4a44cc840ebe.png,1.0,12.630548,0.9996625
data/raw/aptos2019/aptos2019/train_images/train_images/4a4cb731f91a.png,0.0,4.082261,0.9297956
data/raw/aptos2019/aptos2019/train_images/train_images/4a558a1cd243.png,1.0,12.026306,0.9995053
data/raw/aptos2019/aptos2019/train_images/train_images/4a589edaea60.png,0.0,-2.9697955,0.13244574
data/raw/aptos2019/aptos2019/train_images/train_images/4a5a6efc0bef.png,0.0,-5.805346,0.024745613
data/raw/aptos2019/aptos2019/train_images/train_images/4a693dd3921a.png,1.0,12.746643,0.99968636
data/raw/aptos2019/aptos2019/train_images/train_images/4a7dc013e802.png,1.0,10.929069,0.99900985
data/raw/aptos2019/aptos2019/train_images/train_images/4a96c28f3f07.png,0.0,-6.896089,0.012563055
data/raw/aptos2019/aptos2019/train_images/train_images/4aa07d720638.png,0.0,7.1653695,0.9893846
data/raw/aptos2019/aptos2019/train_images/train_images/4aa3d771c5e4.png,0.0,-4.5239315,0.05400929
data/raw/aptos2019/aptos2019/train_images/train_images/4ab8c0cece7f.png,0.0,1.5664345,0.7293555
data/raw/aptos2019/aptos2019/train_images/train_images/4abca30b676b.png,1.0,12.121813,0.99953437
data/raw/aptos2019/aptos2019/train_images/train_images/4ad6109706e8.png,1.0,12.392122,0.9996075
data/raw/aptos2019/aptos2019/train_images/train_images/4ad8d3ec8789.png,0.0,-5.4021573,0.03171052
data/raw/aptos2019/aptos2019/train_images/train_images/4b1001050f1d.png,1.0,11.452558,0.9992889
data/raw/aptos2019/aptos2019/train_images/train_images/4b237b958555.png,0.0,-3.676117,0.08895051
data/raw/aptos2019/aptos2019/train_images/train_images/4b422b48d0d4.png,1.0,12.265604,0.99957484
data/raw/aptos2019/aptos2019/train_images/train_images/4b5ffea77373.png,1.0,12.028311,0.999506
data/raw/aptos2019/aptos2019/train_images/train_images/4b618537d52f.png,1.0,12.683095,0.9996735
data/raw/aptos2019/aptos2019/train_images/train_images/4b6895d0cf8d.png,0.0,-2.6230674,0.15975262
data/raw/aptos2019/aptos2019/train_images/train_images/4b6cb0bcfd44.png,0.0,-7.247355,0.010084107
data/raw/aptos2019/aptos2019/train_images/train_images/4bcee3cbe232.png,0.0,-5.681773,0.026704801
data/raw/aptos2019/aptos2019/train_images/train_images/4bd5d0b30198.png,0.0,-4.8356113,0.04477356
data/raw/aptos2019/aptos2019/train_images/train_images/4bd941611343.png,1.0,8.678306,0.9958984
data/raw/aptos2019/aptos2019/train_images/train_images/4beeca5cc859.png,0.0,-7.2173023,0.010275749
data/raw/aptos2019/aptos2019/train_images/train_images/4c129470cec4.png,0.0,9.353941,0.99732167
data/raw/aptos2019/aptos2019/train_images/train_images/4c17e85686f0.png,0.0,-4.4004292,0.058144793
data/raw/aptos2019/aptos2019/train_images/train_images/4c389d033cb0.png,0.0,-4.653667,0.04996468
data/raw/aptos2019/aptos2019/train_images/train_images/4c3c1ed09771.png,0.0,9.7391,0.9978998
data/raw/aptos2019/aptos2019/train_images/train_images/4c52922f3bfd.png,1.0,10.744588,0.9988875
data/raw/aptos2019/aptos2019/train_images/train_images/4c53cc97ea13.png,0.0,0.6550488,0.6021815
data/raw/aptos2019/aptos2019/train_images/train_images/4c570172778b.png,1.0,12.794121,0.99969566
data/raw/aptos2019/aptos2019/train_images/train_images/4c5ab774a381.png,0.0,-3.6420107,0.0907153
data/raw/aptos2019/aptos2019/train_images/train_images/4c60b10a3a6a.png,1.0,12.568368,0.9996489
data/raw/aptos2019/aptos2019/train_images/train_images/4c60f6fcea75.png,0.0,-0.94825596,0.35431483
data/raw/aptos2019/aptos2019/train_images/train_images/4c635a01593d.png,0.0,-5.1307063,0.03743165
data/raw/aptos2019/aptos2019/train_images/train_images/4c6c5a1bf5ab.png,0.0,-2.9686172,0.13253143
data/raw/aptos2019/aptos2019/train_images/train_images/4c78d9d18da9.png,1.0,12.615255,0.9996592
data/raw/aptos2019/aptos2019/train_images/train_images/4c9f0fdaaef7.png,1.0,11.501913,0.99931073
data/raw/aptos2019/aptos2019/train_images/train_images/4cae247d9909.png,0.0,8.43507,0.99521905
data/raw/aptos2019/aptos2019/train_images/train_images/4ccee4db09b6.png,0.0,-5.000923,0.040506154
data/raw/aptos2019/aptos2019/train_images/train_images/4ccfa0b4e96c.png,1.0,11.937556,0.99947685
data/raw/aptos2019/aptos2019/train_images/train_images/4cddfc22b0ad.png,0.0,-1.7896074,0.24368249
data/raw/aptos2019/aptos2019/train_images/train_images/4cde86044ad1.png,0.0,-7.144116,0.01075765
data/raw/aptos2019/aptos2019/train_images/train_images/4ce74e5eb51d.png,1.0,12.556515,0.9996463
data/raw/aptos2019/aptos2019/train_images/train_images/4cf4d528c08e.png,0.0,-4.9088707,0.042831957
data/raw/aptos2019/aptos2019/train_images/train_images/4cfd22ae43d4.png,0.0,-3.155764,0.119497254
data/raw/aptos2019/aptos2019/train_images/train_images/4d009cebabc9.png,1.0,12.317279,0.99958855
data/raw/aptos2019/aptos2019/train_images/train_images/4d167ca69ea8.png,0.0,-6.5163083,0.015922068
data/raw/aptos2019/aptos2019/train_images/train_images/4d17559ac1e2.png,0.0,0.962121,0.64769006
data/raw/aptos2019/aptos2019/train_images/train_images/4d1cf360b2d7.png,1.0,12.307068,0.9995858
data/raw/aptos2019/aptos2019/train_images/train_images/4d1e7def7624.png,0.0,-0.39599952,0.4376715
data/raw/aptos2019/aptos2019/train_images/train_images/4d21ce39c905.png,1.0,10.309818,0.9985355
data/raw/aptos2019/aptos2019/train_images/train_images/4d3de40ced3a.png,0.0,-5.701896,0.026375774
data/raw/aptos2019/aptos2019/train_images/train_images/4d47300e3ddb.png,1.0,12.727146,0.99968255
data/raw/aptos2019/aptos2019/train_images/train_images/4d7d6928534a.png,0.0,10.808705,0.9989316
data/raw/aptos2019/aptos2019/train_images/train_images/4d9fc85a8259.png,1.0,10.316776,0.99854195
data/raw/aptos2019/aptos2019/train_images/train_images/4da2961e62fe.png,0.0,2.1439488,0.795247
data/raw/aptos2019/aptos2019/train_images/train_images/4da6e2089d57.png,1.0,11.031229,0.99907184
data/raw/aptos2019/aptos2019/train_images/train_images/4dbce359d0e1.png,1.0,12.121776,0.99953437
data/raw/aptos2019/aptos2019/train_images/train_images/4dc2211a1c31.png,1.0,1.9317124,0.77250844
data/raw/aptos2019/aptos2019/train_images/train_images/4dd14c380696.png,0.0,-4.450181,0.05644425
data/raw/aptos2019/aptos2019/train_images/train_images/4dd4a4bf2421.png,0.0,-7.8999887,0.0066948864
data/raw/aptos2019/aptos2019/train_images/train_images/4dd5d5ccddcf.png,0.0,10.320326,0.9985453
data/raw/aptos2019/aptos2019/train_images/train_images/4dd71fc7f22b.png,1.0,6.327578,0.9820941
data/raw/aptos2019/aptos2019/train_images/train_images/4dd7b322f342.png,0.0,-3.9475844,0.07597592
data/raw/aptos2019/aptos2019/train_images/train_images/4dd9d29eae5d.png,0.0,8.165455,0.9943347
data/raw/aptos2019/aptos2019/train_images/train_images/4df6a81b476e.png,1.0,12.592763,0.9996543
data/raw/aptos2019/aptos2019/train_images/train_images/4e0656629d02.png,0.0,-1.6083521,0.26543987
data/raw/aptos2019/aptos2019/train_images/train_images/4e1e252317b5.png,0.0,-5.2951703,0.03385677
data/raw/aptos2019/aptos2019/train_images/train_images/4e231670b48c.png,0.0,-6.6641893,0.014520178
data/raw/aptos2019/aptos2019/train_images/train_images/4e43d05cc2ef.png,1.0,12.691573,0.9996753
data/raw/aptos2019/aptos2019/train_images/train_images/4e4a6224a04e.png,0.0,-3.4568982,0.10085327
data/raw/aptos2019/aptos2019/train_images/train_images/4e54ccfd49b2.png,0.0,-4.516052,0.054264653
data/raw/aptos2019/aptos2019/train_images/train_images/4e6071b73120.png,0.0,5.6966486,0.9735388
data/raw/aptos2019/aptos2019/train_images/train_images/4e7694eebb91.png,1.0,12.3660145,0.99960107
data/raw/aptos2019/aptos2019/train_images/train_images/4e82c3c8d31f.png,0.0,3.6412797,0.90924656
data/raw/aptos2019/aptos2019/train_images/train_images/4e8585a96739.png,0.0,2.147555,0.79561836
data/raw/aptos2019/aptos2019/train_images/train_images/4e85aa647534.png,0.0,-5.4506907,0.03078085
data/raw/aptos2019/aptos2019/train_images/train_images/4eabad7948cf.png,0.0,-5.527038,0.02937158
data/raw/aptos2019/aptos2019/train_images/train_images/4eaf2f81819d.png,0.0,-3.0305703,0.12808837
data/raw/aptos2019/aptos2019/train_images/train_images/4ec7796df40e.png,0.0,-4.9529824,0.041701928
data/raw/aptos2019/aptos2019/train_images/train_images/4ecd1fdd1435.png,0.0,8.11323,0.9941453
data/raw/aptos2019/aptos2019/train_images/train_images/4ed31cc07366.png,1.0,12.289888,0.9995813
data/raw/aptos2019/aptos2019/train_images/train_images/4ee1ad981a6d.png,1.0,9.302907,0.9972339
data/raw/aptos2019/aptos2019/train_images/train_images/4ef0b485a7da.png,1.0,12.342871,0.9995951
data/raw/aptos2019/aptos2019/train_images/train_images/4ef16a53d899.png,0.0,-4.888067,0.043374997
data/raw/aptos2019/aptos2019/train_images/train_images/4ef7144e24ff.png,0.0,8.906681,0.9964484
data/raw/aptos2019/aptos2019/train_images/train_images/4f0866b90c27.png,1.0,12.302311,0.9995846
data/raw/aptos2019/aptos2019/train_images/train_images/4f20f9a9a65b.png,1.0,12.288871,0.99958104
data/raw/aptos2019/aptos2019/train_images/train_images/4f46d7ee61ed.png,1.0,12.262796,0.999574
data/raw/aptos2019/aptos2019/train_images/train_images/4f5dd7660b17.png,0.0,-2.4883432,0.17153223
data/raw/aptos2019/aptos2019/train_images/train_images/4f60129e9a5b.png,1.0,12.333638,0.9995927
data/raw/aptos2019/aptos2019/train_images/train_images/4f6abc40c72d.png,0.0,-4.7509108,0.047122944
data/raw/aptos2019/aptos2019/train_images/train_images/4f7755e74a9e.png,0.0,12.313127,0.9995875
data/raw/aptos2019/aptos2019/train_images/train_images/4fa26d065ad3.png,0.0,3.6732547,0.9109026
data/raw/aptos2019/aptos2019/train_images/train_images/4faf4063db8c.png,0.0,-5.2929235,0.03390331
data/raw/aptos2019/aptos2019/train_images/train_images/4fd5ec0dca09.png,0.0,-3.4400618,0.10182362
data/raw/aptos2019/aptos2019/train_images/train_images/4fef9ed8a4c5.png,1.0,12.847759,0.99970573
data/raw/aptos2019/aptos2019/train_images/train_images/4ffa38550c95.png,0.0,-3.9993184,0.07370905
data/raw/aptos2019/aptos2019/train_images/train_images/500aad15b7c8.png,0.0,-2.008498,0.21906471
data/raw/aptos2019/aptos2019/train_images/train_images/501c319f7a9f.png,0.0,-5.326535,0.033213437
data/raw/aptos2019/aptos2019/train_images/train_images/504a69096fcb.png,0.0,-3.4178355,0.1031173
data/raw/aptos2019/aptos2019/train_images/train_images/5056fa7d505f.png,0.0,-4.3417835,0.06021103
data/raw/aptos2019/aptos2019/train_images/train_images/5069feccd866.png,0.0,-6.287889,0.018353
data/raw/aptos2019/aptos2019/train_images/train_images/5077cdb88aed.png,0.0,-3.609753,0.09241339
data/raw/aptos2019/aptos2019/train_images/train_images/5078caaf1f57.png,0.0,-3.204205,0.11630904
data/raw/aptos2019/aptos2019/train_images/train_images/50840c36f0b4.png,0.0,7.3797436,0.9907189
data/raw/aptos2019/aptos2019/train_images/train_images/5090917a2676.png,0.0,7.119913,0.9890781
data/raw/aptos2019/aptos2019/train_images/train_images/50915e2329a1.png,0.0,-5.2065825,0.035739385
data/raw/aptos2019/aptos2019/train_images/train_images/50916d67bb51.png,0.0,-3.855824,0.08015455
data/raw/aptos2019/aptos2019/train_images/train_images/50a2aef380c8.png,1.0,12.323223,0.9995901
data/raw/aptos2019/aptos2019/train_images/train_images/50d8249f7bc9.png,0.0,-5.4288106,0.031196656
data/raw/aptos2019/aptos2019/train_images/train_images/50d8a8fb7737.png,1.0,12.702443,0.99967754
data/raw/aptos2019/aptos2019/train_images/train_images/50ddd7d976df.png,0.0,-4.4018645,0.058095068
data/raw/aptos2019/aptos2019/train_images/train_images/50f5201fd18a.png,0.0,-6.2868805,0.018364502
data/raw/aptos2019/aptos2019/train_images/train_images/51030843fde2.png,1.0,10.509776,0.99870944
data/raw/aptos2019/aptos2019/train_images/train_images/510aa0a898fa.png,1.0,12.0326605,0.9995073
data/raw/aptos2019/aptos2019/train_images/train_images/511fd66b2df8.png,0.0,-2.173588,0.20171556
data/raw/aptos2019/aptos2019/train_images/train_images/51269b77d312.png,1.0,12.781782,0.9996933
data/raw/aptos2019/aptos2019/train_images/train_images/513b0a4651fa.png,0.0,4.2463136,0.9362778
data/raw/aptos2019/aptos2019/train_images/train_images/51405d042000.png,1.0,12.239912,0.9995678
data/raw/aptos2019/aptos2019/train_images/train_images/5152bf091152.png,1.0,9.790836,0.9979673
data/raw/aptos2019/aptos2019/train_images/train_images/5173d54fc214.png,1.0,11.608646,0.99935573
data/raw/aptos2019/aptos2019/train_images/train_images/5188a8afa879.png,1.0,11.829879,0.9994399
data/raw/aptos2019/aptos2019/train_images/train_images/518e880613de.png,1.0,12.763433,0.9996897
data/raw/aptos2019/aptos2019/train_images/train_images/519c6e8f78dc.png,0.0,-3.8062978,0.08249614
data/raw/aptos2019/aptos2019/train_images/train_images/51a078d6d43a.png,0.0,-4.9169974,0.042621598
data/raw/aptos2019/aptos2019/train_images/train_images/51a1d162e223.png,1.0,12.108466,0.99953043
data/raw/aptos2019/aptos2019/train_images/train_images/51aa3361294c.png,0.0,-3.283933,0.11122248
data/raw/aptos2019/aptos2019/train_images/train_images/51af8a689511.png,0.0,-5.0168705,0.04011571
data/raw/aptos2019/aptos2019/train_images/train_images/51af8c112682.png,1.0,12.191884,0.99955446
data/raw/aptos2019/aptos2019/train_images/train_images/51cd8d2057fa.png,0.0,-5.917743,0.023085753
data/raw/aptos2019/aptos2019/train_images/train_images/51cfeccaf40d.png,1.0,10.623295,0.9987987
data/raw/aptos2019/aptos2019/train_images/train_images/51d0034d177d.png,1.0,12.488803,0.9996308
data/raw/aptos2019/aptos2019/train_images/train_images/51d574513bcb.png,1.0,11.810095,0.99943286
data/raw/aptos2019/aptos2019/train_images/train_images/51d780864365.png,1.0,11.984262,0.99949193
data/raw/aptos2019/aptos2019/train_images/train_images/51da6aebba8f.png,1.0,12.560022,0.999647
data/raw/aptos2019/aptos2019/train_images/train_images/51e656e5a541.png,0.0,-7.1358466,0.010813491
data/raw/aptos2019/aptos2019/train_images/train_images/521b5377a727.png,0.0,1.8719274,0.7657906
data/raw/aptos2019/aptos2019/train_images/train_images/52230bbef30e.png,1.0,10.779197,0.9989115
data/raw/aptos2019/aptos2019/train_images/train_images/523b3f0fc646.png,0.0,8.953356,0.9965514
data/raw/aptos2019/aptos2019/train_images/train_images/523d0c2cb4d6.png,1.0,12.9071455,0.9997167
data/raw/aptos2019/aptos2019/train_images/train_images/523ff163211b.png,1.0,12.69207,0.9996754
data/raw/aptos2019/aptos2019/train_images/train_images/524f240e0c90.png,1.0,11.99144,0.9994943
data/raw/aptos2019/aptos2019/train_images/train_images/5257cb536da2.png,0.0,-3.8622167,0.07985676
data/raw/aptos2019/aptos2019/train_images/train_images/525acfea47e8.png,1.0,12.474082,0.99962735
data/raw/aptos2019/aptos2019/train_images/train_images/525d0dd8dc45.png,0.0,-4.819258,0.04521829
data/raw/aptos2019/aptos2019/train_images/train_images/5264a54e1830.png,0.0,-2.5429103,0.16668017
data/raw/aptos2019/aptos2019/train_images/train_images/5265dc9acdf8.png,1.0,12.383637,0.9996055
data/raw/aptos2019/aptos2019/train_images/train_images/527bea76116c.png,1.0,10.953709,0.9990252
data/raw/aptos2019/aptos2019/train_images/train_images/52886bed8a07.png,1.0,12.636687,0.99966383
data/raw/aptos2019/aptos2019/train_images/train_images/5288f7441f64.png,0.0,-5.031529,0.03976001
data/raw/aptos2019/aptos2019/train_images/train_images/5293576816aa.png,0.0,-7.414509,0.009081015
data/raw/aptos2019/aptos2019/train_images/train_images/529906ff9dfa.png,0.0,-3.2967882,0.1104208
data/raw/aptos2019/aptos2019/train_images/train_images/5299a532f0e0.png,0.0,-3.435302,0.10209946
data/raw/aptos2019/aptos2019/train_images/train_images/52ae917fcea4.png,0.0,10.626559,0.99880123
data/raw/aptos2019/aptos2019/train_images/train_images/52dbec057cc8.png,1.0,1.8814946,0.76687485
data/raw/aptos2019/aptos2019/train_images/train_images/52ddde91a349.png,0.0,-4.732275,0.04765537
data/raw/aptos2019/aptos2019/train_images/train_images/52edbe29d655.png,0.0,-2.4051201,0.17914706
data/raw/aptos2019/aptos2019/train_images/train_images/530d78467615.png,1.0,11.337951,0.9992355
data/raw/aptos2019/aptos2019/train_images/train_images/531b39880c32.png,0.0,11.486492,0.99930406
data/raw/aptos2019/aptos2019/train_images/train_images/5321ab64f9ea.png,0.0,-3.0211802,0.12875353
data/raw/aptos2019/aptos2019/train_images/train_images/53273d664cd8.png,0.0,-6.296034,0.018260362
data/raw/aptos2019/aptos2019/train_images/train_images/5327f88a1919.png,1.0,12.736805,0.99968445
data/raw/aptos2019/aptos2019/train_images/train_images/53327edb9e4d.png,0.0,-0.07835836,0.48760477
data/raw/aptos2019/aptos2019/train_images/train_images/5347b4c8e9b3.png,0.0,2.7842858,0.8534726
data/raw/aptos2019/aptos2019/train_images/train_images/535682537302.png,0.0,-6.5127835,0.015957054
data/raw/aptos2019/aptos2019/train_images/train_images/53704c80f0d8.png,0.0,9.342527,0.9973022
data/raw/aptos2019/aptos2019/train_images/train_images/537e50fdf22e.png,1.0,12.78718,0.99969435
data/raw/aptos2019/aptos2019/train_images/train_images/537e5c578f40.png,0.0,-0.49822706,0.42181802
data/raw/aptos2019/aptos2019/train_images/train_images/53c874dbc594.png,0.0,-0.0735004,0.48837298
data/raw/aptos2019/aptos2019/train_images/train_images/53ddae6a619e.png,0.0,-3.2748415,0.11179254
data/raw/aptos2019/aptos2019/train_images/train_images/53f6c1c65c04.png,0.0,10.011592,0.99823195
data/raw/aptos2019/aptos2019/train_images/train_images/54038e56131d.png,0.0,-6.703194,0.014171155
data/raw/aptos2019/aptos2019/train_images/train_images/540e4973829e.png,0.0,-4.3427567,0.060176175
data/raw/aptos2019/aptos2019/train_images/train_images/541db13517e2.png,1.0,11.435802,0.99928135
data/raw/aptos2019/aptos2019/train_images/train_images/542964865b1e.png,0.0,-3.9732773,0.074842215
data/raw/aptos2019/aptos2019/train_images/train_images/54334705a34d.png,0.0,-4.951859,0.041730348
data/raw/aptos2019/aptos2019/train_images/train_images/5445255635f0.png,0.0,-5.0256467,0.039902385
data/raw/aptos2019/aptos2019/train_images/train_images/545df1bbcd61.png,0.0,5.957542,0.9774755
data/raw/aptos2019/aptos2019/train_images/train_images/547b37da9223.png,1.0,12.792068,0.9996953
data/raw/aptos2019/aptos2019/train_images/train_images/5486da4273d7.png,1.0,12.841871,0.99970466
data/raw/aptos2019/aptos2019/train_images/train_images/549381330191.png,0.0,-3.7640607,0.08454212
data/raw/aptos2019/aptos2019/train_images/train_images/54b322c66d01.png,0.0,-5.201853,0.035842687
data/raw/aptos2019/aptos2019/train_images/train_images/54bbe3da103e.png,1.0,12.010005,0.99950016
data/raw/aptos2019/aptos2019/train_images/train_images/54bdcdecd8f3.png,0.0,-3.314809,0.10930547
data/raw/aptos2019/aptos2019/train_images/train_images/54cab3596214.png,1.0,11.114028,0.9991192
data/raw/aptos2019/aptos2019/train_images/train_images/54dc6e8107cd.png,1.0,11.079283,0.9990996
data/raw/aptos2019/aptos2019/train_images/train_images/54f57cf26126.png,0.0,-3.1049004,0.122925945
data/raw/aptos2019/aptos2019/train_images/train_images/55034b1dbff2.png,1.0,10.451745,0.99866116
data/raw/aptos2019/aptos2019/train_images/train_images/55092c0071eb.png,1.0,11.74181,0.99940777
data/raw/aptos2019/aptos2019/train_images/train_images/5511f114e7ee.png,0.0,-5.5618663,0.028749669
data/raw/aptos2019/aptos2019/train_images/train_images/5548a7961a3e.png,0.0,-1.6758329,0.25719666
data/raw/aptos2019/aptos2019/train_images/train_images/555d0bef3c5b.png,0.0,-5.8859057,0.023544569
data/raw/aptos2019/aptos2019/train_images/train_images/55968f0e63c4.png,0.0,-4.8599086,0.044120483
data/raw/aptos2019/aptos2019/train_images/train_images/55eac26bd383.png,0.0,4.4953103,0.9450577
data/raw/aptos2019/aptos2019/train_images/train_images/55eb405ec71e.png,1.0,12.397566,0.99960893
data/raw/aptos2019/aptos2019/train_images/train_images/55f7f018c61c.png,0.0,-5.4904,0.030039886
data/raw/aptos2019/aptos2019/train_images/train_images/55fd453001cc.png,1.0,11.433424,0.9992803
data/raw/aptos2019/aptos2019/train_images/train_images/5633ced07d8e.png,0.0,10.728511,0.99887604
data/raw/aptos2019/aptos2019/train_images/train_images/565f3404f9b2.png,0.0,-6.521708,0.015868608
data/raw/aptos2019/aptos2019/train_images/train_images/5671eb95512b.png,0.0,10.569799,0.9987575
data/raw/aptos2019/aptos2019/train_images/train_images/568455854a11.png,0.0,-2.5962136,0.1620471
data/raw/aptos2019/aptos2019/train_images/train_images/56e56aa08362.png,1.0,12.143729,0.9995408
data/raw/aptos2019/aptos2019/train_images/train_images/5712e2aa73a2.png,0.0,7.177522,0.989465
data/raw/aptos2019/aptos2019/train_images/train_images/571bbdbf585e.png,0.0,-4.16031,0.06704768
data/raw/aptos2019/aptos2019/train_images/train_images/5723d0ec895e.png,1.0,11.248447,0.999191
data/raw/aptos2019/aptos2019/train_images/train_images/5728b8aa98ef.png,0.0,-5.4964056,0.02992934
data/raw/aptos2019/aptos2019/train_images/train_images/573ea80a53be.png,0.0,-1.0287306,0.34275153
data/raw/aptos2019/aptos2019/train_images/train_images/57469423a012.png,1.0,12.076033,0.99952066
data/raw/aptos2019/aptos2019/train_images/train_images/576e189d23d4.png,1.0,12.227639,0.99956447
data/raw/aptos2019/aptos2019/train_images/train_images/57760be09c03.png,1.0,9.883104,0.9980824
data/raw/aptos2019/aptos2019/train_images/train_images/5777ef74c9ec.png,0.0,7.915938,0.99337196
data/raw/aptos2019/aptos2019/train_images/train_images/578109578b46.png,0.0,3.4786432,0.9003878
data/raw/aptos2019/aptos2019/train_images/train_images/57a5e4274275.png,0.0,-0.7586367,0.38222355
data/raw/aptos2019/aptos2019/train_images/train_images/57a5f1015504.png,1.0,5.8136806,0.9753813
data/raw/aptos2019/aptos2019/train_images/train_images/57a710de68a4.png,0.0,-6.495588,0.016128847
data/raw/aptos2019/aptos2019/train_images/train_images/57ce57a8cfb0.png,1.0,11.001562,0.99905425
data/raw/aptos2019/aptos2019/train_images/train_images/57db4781e7ec.png,0.0,-5.7186656,0.026104607
data/raw/aptos2019/aptos2019/train_images/train_images/57f5ad4b5b29.png,0.0,-1.476666,0.282004
data/raw/aptos2019/aptos2019/train_images/train_images/57f933d3d7c7.png,1.0,10.204482,0.9984347
data/raw/aptos2019/aptos2019/train_images/train_images/58059e73d2d4.png,0.0,-4.6001377,0.051597513
data/raw/aptos2019/aptos2019/train_images/train_images/5814cbd2e9bf.png,0.0,-1.9179229,0.22902888
data/raw/aptos2019/aptos2019/train_images/train_images/58184d6fd087.png,0.0,4.4678063,0.9441469
data/raw/aptos2019/aptos2019/train_images/train_images/582115961a3d.png,0.0,5.877167,0.97632796
data/raw/aptos2019/aptos2019/train_images/train_images/582f739b8f62.png,1.0,12.188764,0.9995536
data/raw/aptos2019/aptos2019/train_images/train_images/58529a8638d0.png,1.0,10.731709,0.9988783
data/raw/aptos2019/aptos2019/train_images/train_images/586f5c56081e.png,0.0,-5.4008985,0.03173499
data/raw/aptos2019/aptos2019/train_images/train_images/587146a55885.png,0.0,10.460316,0.99866843
data/raw/aptos2019/aptos2019/train_images/train_images/5879285f9d8d.png,0.0,-0.07978432,0.48737937
data/raw/aptos2019/aptos2019/train_images/train_images/5889a0c75cac.png,0.0,-4.942288,0.041973244
data/raw/aptos2019/aptos2019/train_images/train_images/58a9e0d7f7af.png,0.0,-3.4123662,0.10343789
data/raw/aptos2019/aptos2019/train_images/train_images/58af2c054ced.png,0.0,-3.2134728,0.115707554
data/raw/aptos2019/aptos2019/train_images/train_images/58b866484a05.png,1.0,10.483133,0.99868745
data/raw/aptos2019/aptos2019/train_images/train_images/58c12863f33d.png,0.0,-4.677448,0.049255095
data/raw/aptos2019/aptos2019/train_images/train_images/58ccba7eec9c.png,0.0,11.279852,0.99920684
data/raw/aptos2019/aptos2019/train_images/train_images/58eb3809f456.png,0.0,-5.797536,0.024865182
data/raw/aptos2019/aptos2019/train_images/train_images/58f07741ee3b.png,0.0,-0.75068396,0.3834127
data/raw/aptos2019/aptos2019/train_images/train_images/5905a9b06a73.png,1.0,12.10339,0.9995289
data/raw/aptos2019/aptos2019/train_images/train_images/594f69b503ad.png,1.0,12.386766,0.9996062
data/raw/aptos2019/aptos2019/train_images/train_images/596f4fdb0004.png,0.0,-5.4871492,0.030099882
data/raw/aptos2019/aptos2019/train_images/train_images/598b8f5b3822.png,0.0,-4.205589,0.06527727
data/raw/aptos2019/aptos2019/train_images/train_images/59928f999ae7.png,0.0,-3.483438,0.099340335
data/raw/aptos2019/aptos2019/train_images/train_images/599498e9e4bc.png,0.0,-2.5119414,0.16942029
data/raw/aptos2019/aptos2019/train_images/train_images/5995321563b7.png,0.0,-5.202539,0.035827674
data/raw/aptos2019/aptos2019/train_images/train_images/599b89048034.png,1.0,11.627737,0.9993635
data/raw/aptos2019/aptos2019/train_images/train_images/59bd19c1c5bb.png,0.0,-5.130788,0.0374298
data/raw/aptos2019/aptos2019/train_images/train_images/59e5212f7139.png,0.0,9.428957,0.99744546
data/raw/aptos2019/aptos2019/train_images/train_images/59ee65760535.png,1.0,7.6221137,0.9920282
data/raw/aptos2019/aptos2019/train_images/train_images/59f3f70abddd.png,1.0,4.520457,0.9458782
data/raw/aptos2019/aptos2019/train_images/train_images/59fee5bc3479.png,1.0,11.923498,0.9994721
data/raw/aptos2019/aptos2019/train_images/train_images/5a03fe3ed15c.png,1.0,11.433355,0.9992803
data/raw/aptos2019/aptos2019/train_images/train_images/5a091e8cd95c.png,0.0,-0.25670102,0.45947427
data/raw/aptos2019/aptos2019/train_images/train_images/5a0fe0ee4301.png,0.0,-4.56123,0.052815855
data/raw/aptos2019/aptos2019/train_images/train_images/5a11d21c2828.png,1.0,11.96983,0.9994873
data/raw/aptos2019/aptos2019/train_images/train_images/5a179c123fd8.png,0.0,-3.8724036,0.07938433
data/raw/aptos2019/aptos2019/train_images/train_images/5a27b9b2a9c1.png,0.0,-4.867213,0.04392594
data/raw/aptos2019/aptos2019/train_images/train_images/5a2c27b95c7c.png,1.0,11.7621975,0.9994154
data/raw/aptos2019/aptos2019/train_images/train_images/5a444c32cd9a.png,0.0,-5.6067157,0.027967611
data/raw/aptos2019/aptos2019/train_images/train_images/5a5d3798c357.png,1.0,11.329376,0.99923134
data/raw/aptos2019/aptos2019/train_images/train_images/5a93c0f783c4.png,0.0,-1.2970726,0.30557626
data/raw/aptos2019/aptos2019/train_images/train_images/5ac7a414560e.png,0.0,-6.018521,0.021690268
data/raw/aptos2019/aptos2019/train_images/train_images/5ad3dabeb2cd.png,0.0,-5.017973,0.040088855
data/raw/aptos2019/aptos2019/train_images/train_images/5b068765e846.png,0.0,6.088638,0.9792316
data/raw/aptos2019/aptos2019/train_images/train_images/5b0e53f53ef3.png,0.0,3.102085,0.8768819
data/raw/aptos2019/aptos2019/train_images/train_images/5b1c4cefeb24.png,0.0,0.7902404,0.6224881
data/raw/aptos2019/aptos2019/train_images/train_images/5b2648ad455e.png,0.0,-5.6943407,0.026498849
data/raw/aptos2019/aptos2019/train_images/train_images/5b301a6d1ac7.png,1.0,0.11398515,0.51802677
data/raw/aptos2019/aptos2019/train_images/train_images/5b32ece9c627.png,0.0,-4.341285,0.06022886
data/raw/aptos2019/aptos2019/train_images/train_images/5b3d41626ec5.png,0.0,-4.2284703,0.064399235
data/raw/aptos2019/aptos2019/train_images/train_images/5b3e7197ac1c.png,1.0,12.484525,0.99962974
data/raw/aptos2019/aptos2019/train_images/train_images/5b47043942f4.png,0.0,-3.3575916,0.10669719
data/raw/aptos2019/aptos2019/train_images/train_images/5b5b80a3edee.png,1.0,12.171772,0.99954885
data/raw/aptos2019/aptos2019/train_images/train_images/5b644a403e1f.png,1.0,12.890784,0.9997137
data/raw/aptos2019/aptos2019/train_images/train_images/5b72ff04333d.png,0.0,11.11628,0.9991204
data/raw/aptos2019/aptos2019/train_images/train_images/5b76117c4bcb.png,1.0,12.15433,0.9995437
data/raw/aptos2019/aptos2019/train_images/train_images/5b804948e35f.png,0.0,7.815879,0.99294174
data/raw/aptos2019/aptos2019/train_images/train_images/5b994ff78547.png,0.0,-6.2196975,0.019146895
data/raw/aptos2019/aptos2019/train_images/train_images/5ba156a35ff2.png,0.0,-6.4868917,0.016216407
data/raw/aptos2019/aptos2019/train_images/train_images/5baed382f062.png,0.0,-5.4643164,0.030524623
data/raw/aptos2019/aptos2019/train_images/train_images/5bda2ed09e62.png,1.0,11.287258,0.9992106
data/raw/aptos2019/aptos2019/train_images/train_images/5bea250d8bf5.png,0.0,-3.5921855,0.09335013
data/raw/aptos2019/aptos2019/train_images/train_images/5bf3357a2823.png,0.0,-1.4476479,0.28573728
data/raw/aptos2019/aptos2019/train_images/train_images/5bf6f2958e53.png,0.0,-6.8562894,0.012879385
data/raw/aptos2019/aptos2019/train_images/train_images/5c6194562ed2.png,1.0,7.6146684,0.99199075
data/raw/aptos2019/aptos2019/train_images/train_images/5c7ab966a3ee.png,1.0,9.1158905,0.9968875
data/raw/aptos2019/aptos2019/train_images/train_images/5c817060c0ed.png,0.0,-8.251798,0.0053657205
data/raw/aptos2019/aptos2019/train_images/train_images/5c8482926a08.png,1.0,11.022585,0.99906677
data/raw/aptos2019/aptos2019/train_images/train_images/5c85d22bd0de.png,0.0,-4.3511815,0.05987534
data/raw/aptos2019/aptos2019/train_images/train_images/5ca73d28f17f.png,0.0,-5.082442,0.038547907
data/raw/aptos2019/aptos2019/train_images/train_images/5ca779ace6e7.png,0.0,-2.39996,0.17962779
data/raw/aptos2019/aptos2019/train_images/train_images/5cab3ef4b31c.png,0.0,10.996092,0.99905103
data/raw/aptos2019/aptos2019/train_images/train_images/5cbe88914a72.png,0.0,-3.847048,0.08056501
data/raw/aptos2019/aptos2019/train_images/train_images/5cc6dea19614.png,1.0,10.540305,0.99873406
data/raw/aptos2019/aptos2019/train_images/train_images/5cde55f745af.png,1.0,12.426199,0.9996159
data/raw/aptos2019/aptos2019/train_images/train_images/5ce5eeaf757a.png,0.0,-1.4827421,0.28122604
data/raw/aptos2019/aptos2019/train_images/train_images/5cf9127f251a.png,1.0,11.589685,0.999348
data/raw/aptos2019/aptos2019/train_images/train_images/5d024177e214.png,1.0,12.216912,0.9995615
data/raw/aptos2019/aptos2019/train_images/train_images/5d3c8c1f57da.png,0.0,-2.888175,0.13849464
data/raw/aptos2019/aptos2019/train_images/train_images/5d4e5fd34d91.png,0.0,-5.2217994,0.035408977
data/raw/aptos2019/aptos2019/train_images/train_images/5d5b5da5f939.png,0.0,-4.91814,0.0425921
data/raw/aptos2019/aptos2019/train_images/train_images/5d6239c0fd39.png,0.0,-5.3078394,0.033595473
data/raw/aptos2019/aptos2019/train_images/train_images/5d74f98d62be.png,1.0,11.138285,0.9991326
data/raw/aptos2019/aptos2019/train_images/train_images/5d9c841eb245.png,0.0,-5.9710603,0.022336876
data/raw/aptos2019/aptos2019/train_images/train_images/5db2e3a4594a.png,0.0,-2.210932,0.19793668
data/raw/aptos2019/aptos2019/train_images/train_images/5db895d3f1fc.png,0.0,-4.918502,0.042582758
data/raw/aptos2019/aptos2019/train_images/train_images/5dd2e26fc244.png,1.0,12.090844,0.9995252
data/raw/aptos2019/aptos2019/train_images/train_images/5de4615a5161.png,0.0,-5.41483,0.031465184
data/raw/aptos2019/aptos2019/train_images/train_images/5e18af29d812.png,1.0,11.173086,0.99915147
data/raw/aptos2019/aptos2019/train_images/train_images/5e505e25cd3e.png,0.0,-1.6281465,0.26300445
data/raw/aptos2019/aptos2019/train_images/train_images/5e5275ddee29.png,0.0,-5.8285885,0.024393097
data/raw/aptos2019/aptos2019/train_images/train_images/5e52c9fe676f.png,1.0,12.509305,0.9996356
data/raw/aptos2019/aptos2019/train_images/train_images/5e7630f8438e.png,1.0,12.4900675,0.99963105
data/raw/aptos2019/aptos2019/train_images/train_images/5e7cc6ab4ac4.png,1.0,12.362484,0.9996001
data/raw/aptos2019/aptos2019/train_images/train_images/5e7db41b3bee.png,1.0,12.090881,0.9995252
data/raw/aptos2019/aptos2019/train_images/train_images/5e97cb2b0888.png,0.0,-3.7035248,0.08755481
data/raw/aptos2019/aptos2019/train_images/train_images/5ea9e447bb62.png,0.0,-6.2900395,0.018328497
data/raw/aptos2019/aptos2019/train_images/train_images/5ead17e894ae.png,0.0,-1.6833895,0.25628406
data/raw/aptos2019/aptos2019/train_images/train_images/5eb311bcb5f9.png,1.0,12.648439,0.99966633
data/raw/aptos2019/aptos2019/train_images/train_images/5eb8fb1aad41.png,0.0,-4.515781,0.054273453
data/raw/aptos2019/aptos2019/train_images/train_images/5ed6dc419e4d.png,1.0,12.476733,0.99962795
data/raw/aptos2019/aptos2019/train_images/train_images/5efa24b03d5e.png,0.0,6.143627,0.9799278
data/raw/aptos2019/aptos2019/train_images/train_images/5f13e8a07344.png,1.0,12.930726,0.9997209
data/raw/aptos2019/aptos2019/train_images/train_images/5f4a8c074bd5.png,0.0,-6.844043,0.012978294
data/raw/aptos2019/aptos2019/train_images/train_images/5f51192841f7.png,0.0,-6.6690736,0.014476016
data/raw/aptos2019/aptos2019/train_images/train_images/5f6db235c04d.png,0.0,-3.5864666,0.09365689
data/raw/aptos2019/aptos2019/train_images/train_images/5f70ad48a525.png,1.0,12.266661,0.9995751
data/raw/aptos2019/aptos2019/train_images/train_images/5fcff7280019.png,0.0,-4.467109,0.055876385
data/raw/aptos2019/aptos2019/train_images/train_images/6028a575dc27.png,0.0,7.053552,0.98861504
data/raw/aptos2019/aptos2019/train_images/train_images/6061f5b7378d.png,1.0,3.5104845,0.90218073
data/raw/aptos2019/aptos2019/train_images/train_images/606daaf0bfc7.png,0.0,-2.9042718,0.13728362
data/raw/aptos2019/aptos2019/train_images/train_images/6089fa333013.png,1.0,12.402769,0.99961025
data/raw/aptos2019/aptos2019/train_images/train_images/609be3ca5ddf.png,0.0,-3.5619922,0.09498001
data/raw/aptos2019/aptos2019/train_images/train_images/60aa4e649abf.png,0.0,-4.8756204,0.043703027
data/raw/aptos2019/aptos2019/train_images/train_images/60e269e3e188.png,1.0,12.846161,0.9997055
data/raw/aptos2019/aptos2019/train_images/train_images/60edda7b4871.png,0.0,-5.0663075,0.038928133
data/raw/aptos2019/aptos2019/train_images/train_images/60eeae3ba23d.png,1.0,11.830296,0.99944
data/raw/aptos2019/aptos2019/train_images/train_images/6107a2e9f60e.png,0.0,-1.6813464,0.2565306
data/raw/aptos2019/aptos2019/train_images/train_images/6110ecb3bb1c.png,0.0,-2.0016499,0.21980704
data/raw/aptos2019/aptos2019/train_images/train_images/612f2df37a1d.png,1.0,12.3134775,0.9995875
data/raw/aptos2019/aptos2019/train_images/train_images/613028ede6a0.png,1.0,12.430209,0.99961686
data/raw/aptos2019/aptos2019/train_images/train_images/613bacb35c05.png,0.0,7.673246,0.99228
data/raw/aptos2019/aptos2019/train_images/train_images/6155cf375354.png,0.0,-6.1777115,0.019652354
data/raw/aptos2019/aptos2019/train_images/train_images/6180920bc224.png,0.0,2.1102939,0.79175705
data/raw/aptos2019/aptos2019/train_images/train_images/6181aa9f75f4.png,1.0,12.744387,0.999686
data/raw/aptos2019/aptos2019/train_images/train_images/6194e0fff071.png,1.0,12.476608,0.99962795
data/raw/aptos2019/aptos2019/train_images/train_images/61a62b1dcc36.png,0.0,-5.4674263,0.030466435
data/raw/aptos2019/aptos2019/train_images/train_images/61ac9b0dc6b9.png,1.0,12.02808,0.9995059
data/raw/aptos2019/aptos2019/train_images/train_images/61bbc11fe503.png,1.0,12.370594,0.99960214
data/raw/aptos2019/aptos2019/train_images/train_images/61bbe8db6f3a.png,0.0,5.5332,0.9707394
data/raw/aptos2019/aptos2019/train_images/train_images/61c2fbd16e38.png,1.0,12.073094,0.9995198
data/raw/aptos2019/aptos2019/train_images/train_images/61c667663f2f.png,0.0,-0.8869496,0.3632405
data/raw/aptos2019/aptos2019/train_images/train_images/61d9c88a3a4b.png,0.0,-5.09925,0.03815559
data/raw/aptos2019/aptos2019/train_images/train_images/61da799bf0aa.png,0.0,-4.444714,0.056628805
data/raw/aptos2019/aptos2019/train_images/train_images/61e301bd3c25.png,1.0,12.050889,0.9995129
data/raw/aptos2019/aptos2019/train_images/train_images/61f403fdb434.png,1.0,10.917265,0.9990025
data/raw/aptos2019/aptos2019/train_images/train_images/62318d514160.png,1.0,12.582525,0.999652
data/raw/aptos2019/aptos2019/train_images/train_images/624fb7317106.png,1.0,10.522236,0.9987196
data/raw/aptos2019/aptos2019/train_images/train_images/6253f23229b1.png,1.0,11.682207,0.999385
data/raw/aptos2019/aptos2019/train_images/train_images/628b581aa905.png,0.0,-3.924207,0.0770211
data/raw/aptos2019/aptos2019/train_images/train_images/6294b378d09f.png,0.0,-2.8608563,0.14057042
data/raw/aptos2019/aptos2019/train_images/train_images/6298468d7d75.png,0.0,12.189126,0.99955374
data/raw/aptos2019/aptos2019/train_images/train_images/62ab144d5cee.png,1.0,12.569716,0.9996493
data/raw/aptos2019/aptos2019/train_images/train_images/62b4be2799ca.png,0.0,-7.1444993,0.010755072
data/raw/aptos2019/aptos2019/train_images/train_images/62b826899151.png,0.0,-4.8466034,0.044476975
data/raw/aptos2019/aptos2019/train_images/train_images/62cc7ddb53b6.png,1.0,11.443246,0.9992848
data/raw/aptos2019/aptos2019/train_images/train_images/62e6f814c8f5.png,1.0,11.006757,0.99905735
data/raw/aptos2019/aptos2019/train_images/train_images/62ecdc90dd42.png,1.0,12.676716,0.9996722
data/raw/aptos2019/aptos2019/train_images/train_images/6324d77cf926.png,0.0,-6.5466237,0.015624225
data/raw/aptos2019/aptos2019/train_images/train_images/63363410389a.png,0.0,4.233506,0.9357925
data/raw/aptos2019/aptos2019/train_images/train_images/633fe9dbaf39.png,0.0,-1.7958313,0.24295723
data/raw/aptos2019/aptos2019/train_images/train_images/6363b360aefb.png,1.0,12.395183,0.99960834
data/raw/aptos2019/aptos2019/train_images/train_images/6377e23928f6.png,0.0,7.049955,0.9885894
data/raw/aptos2019/aptos2019/train_images/train_images/639915f58a2f.png,0.0,-5.256226,0.0346723
data/raw/aptos2019/aptos2019/train_images/train_images/63a03880939c.png,0.0,3.2650688,0.8875919
data/raw/aptos2019/aptos2019/train_images/train_images/63b4d030b016.png,1.0,12.567692,0.9996488
data/raw/aptos2019/aptos2019/train_images/train_images/63b71347e95d.png,0.0,-5.899613,0.023345947
data/raw/aptos2019/aptos2019/train_images/train_images/63c0eafd6aa9.png,0.0,-7.633297,0.00791608
data/raw/aptos2019/aptos2019/train_images/train_images/63c3c571b8ee.png,1.0,12.556509,0.9996463
data/raw/aptos2019/aptos2019/train_images/train_images/63c7b0265775.png,0.0,-4.0216913,0.07274813
data/raw/aptos2019/aptos2019/train_images/train_images/63d217b059b6.png,1.0,12.425905,0.9996158
data/raw/aptos2019/aptos2019/train_images/train_images/63e041a757eb.png,0.0,-2.088569,0.21051896
data/raw/aptos2019/aptos2019/train_images/train_images/64678182d8a8.png,0.0,6.1140933,0.9795568
data/raw/aptos2019/aptos2019/train_images/train_images/64a13949e879.png,1.0,12.3638935,0.99960047
data/raw/aptos2019/aptos2019/train_images/train_images/64ac539f58cb.png,0.0,-5.753494,0.025550043
data/raw/aptos2019/aptos2019/train_images/train_images/64b9206afb3f.png,0.0,-3.7881742,0.08336848
data/raw/aptos2019/aptos2019/train_images/train_images/64bad93fde3f.png,1.0,11.907118,0.9994666
data/raw/aptos2019/aptos2019/train_images/train_images/64c6c6ee0d98.png,0.0,-4.5525928,0.05309
data/raw/aptos2019/aptos2019/train_images/train_images/64eb5a79dfdd.png,0.0,7.627609,0.9920556
data/raw/aptos2019/aptos2019/train_images/train_images/64fedbf97473.png,1.0,11.693856,0.9993895
data/raw/aptos2019/aptos2019/train_images/train_images/650104ede84c.png,0.0,-6.67667,0.014407592
data/raw/aptos2019/aptos2019/train_images/train_images/6504b703c429.png,0.0,-2.7211487,0.15159532
data/raw/aptos2019/aptos2019/train_images/train_images/650fbed3fdca.png,1.0,11.790316,0.99942577
data/raw/aptos2019/aptos2019/train_images/train_images/6531070bf03c.png,1.0,12.677927,0.9996724
data/raw/aptos2019/aptos2019/train_images/train_images/653534ded339.png,1.0,10.273802,0.9985019
data/raw/aptos2019/aptos2019/train_images/train_images/655cafb4c932.png,0.0,10.522682,0.99871993
data/raw/aptos2019/aptos2019/train_images/train_images/657859f893d9.png,1.0,12.531946,0.9996407
data/raw/aptos2019/aptos2019/train_images/train_images/658ad9f09f5d.png,0.0,-5.1710668,0.03652212
data/raw/aptos2019/aptos2019/train_images/train_images/65a3b13ad9a0.png,0.0,3.4908454,0.90107834
data/raw/aptos2019/aptos2019/train_images/train_images/65a7fe9482fe.png,0.0,-7.086743,0.011151005
data/raw/aptos2019/aptos2019/train_images/train_images/65c958379680.png,1.0,12.2796545,0.99957854
data/raw/aptos2019/aptos2019/train_images/train_images/65cf00be6fb4.png,0.0,-1.6464854,0.260761
data/raw/aptos2019/aptos2019/train_images/train_images/65dda202653d.png,0.0,-3.2405057,0.113968514
data/raw/aptos2019/aptos2019/train_images/train_images/65e120143825.png,1.0,12.2693405,0.9995758
data/raw/aptos2019/aptos2019/train_images/train_images/65e51e18242b.png,0.0,6.5713673,0.9846148
data/raw/aptos2019/aptos2019/train_images/train_images/65e530ee2e79.png,1.0,9.403321,0.9974038
data/raw/aptos2019/aptos2019/train_images/train_images/65e6f1bd9875.png,0.0,-5.1139545,0.037815515
data/raw/aptos2019/aptos2019/train_images/train_images/65f5d2a6eb7e.png,0.0,-2.3022478,0.18892173
data/raw/aptos2019/aptos2019/train_images/train_images/65f69234c8a7.png,0.0,-5.397705,0.031797156
data/raw/aptos2019/aptos2019/train_images/train_images/6630f8675a97.png,1.0,11.599481,0.99935204
data/raw/aptos2019/aptos2019/train_images/train_images/66366a90d1ef.png,0.0,0.041668788,0.5065924
data/raw/aptos2019/aptos2019/train_images/train_images/66375b3c64db.png,1.0,12.751898,0.99968743
data/raw/aptos2019/aptos2019/train_images/train_images/66393d8c60ba.png,0.0,-3.8869038,0.07871625
data/raw/aptos2019/aptos2019/train_images/train_images/663a923d5398.png,1.0,7.6461973,0.99214786
data/raw/aptos2019/aptos2019/train_images/train_images/66460ecab347.png,0.0,-6.6670313,0.014494464
data/raw/aptos2019/aptos2019/train_images/train_images/664b1f9a2087.png,1.0,12.789479,0.9996948
data/raw/aptos2019/aptos2019/train_images/train_images/6653ad026901.png,0.0,-3.3802285,0.10533937
data/raw/aptos2019/aptos2019/train_images/train_images/665ce639a331.png,0.0,10.787547,0.9989172
data/raw/aptos2019/aptos2019/train_images/train_images/6666c4f18396.png,1.0,7.7921796,0.9928357
data/raw/aptos2019/aptos2019/train_images/train_images/668a319c2d23.png,0.0,-4.50264,0.054701906
data/raw/aptos2019/aptos2019/train_images/train_images/668e853258cd.png,1.0,12.477009,0.99962807
data/raw/aptos2019/aptos2019/train_images/train_images/66a0bf258013.png,1.0,11.360483,0.99924636
data/raw/aptos2019/aptos2019/train_images/train_images/66b88a4bc474.png,0.0,-4.4760594,0.05557831
data/raw/aptos2019/aptos2019/train_images/train_images/66bae1ba227f.png,1.0,12.431743,0.9996172
data/raw/aptos2019/aptos2019/train_images/train_images/66bfec8d6bcd.png,0.0,-5.474511,0.030334273
data/raw/aptos2019/aptos2019/train_images/train_images/66cd9c28e636.png,0.0,11.506894,0.999313
data/raw/aptos2019/aptos2019/train_images/train_images/66d2ca47aa44.png,1.0,11.417942,0.99927324
data/raw/aptos2019/aptos2019/train_images/train_images/6733544ae7a6.png,1.0,12.097244,0.9995271
data/raw/aptos2019/aptos2019/train_images/train_images/6735931000ec.png,1.0,12.006172,0.99949896
data/raw/aptos2019/aptos2019/train_images/train_images/674057ab250c.png,1.0,12.544659,0.99964356
data/raw/aptos2019/aptos2019/train_images/train_images/675de69373f8.png,0.0,-4.193073,0.06576225
data/raw/aptos2019/aptos2019/train_images/train_images/6762b2b48ea5.png,0.0,4.405051,0.94201523
data/raw/aptos2019/aptos2019/train_images/train_images/677f087cd697.png,0.0,4.1575065,0.9328413
data/raw/aptos2019/aptos2019/train_images/train_images/67844c46bc61.png,1.0,12.449327,0.9996215
data/raw/aptos2019/aptos2019/train_images/train_images/67c03349bb31.png,1.0,12.063614,0.99951684
data/raw/aptos2019/aptos2019/train_images/train_images/67d8f94f04e0.png,0.0,-5.5465713,0.029021196
data/raw/aptos2019/aptos2019/train_images/train_images/67ed8cc78b97.png,0.0,-3.6242898,0.09164465
data/raw/aptos2019/aptos2019/train_images/train_images/67f5d89da548.png,0.0,10.974693,0.9990381
data/raw/aptos2019/aptos2019/train_images/train_images/6810410187a0.png,1.0,11.404365,0.9992669
data/raw/aptos2019/aptos2019/train_images/train_images/681c3c115684.png,1.0,8.964606,0.9965758
data/raw/aptos2019/aptos2019/train_images/train_images/682312e82ee3.png,0.0,-4.8513365,0.044349853
data/raw/aptos2019/aptos2019/train_images/train_images/683023cda6a5.png,0.0,-3.7157023,0.08694109
data/raw/aptos2019/aptos2019/train_images/train_images/68332fdcaa70.png,0.0,3.901544,0.92195314
data/raw/aptos2019/aptos2019/train_images/train_images/684dd88a0d49.png,0.0,-3.0942872,0.12365196
data/raw/aptos2019/aptos2019/train_images/train_images/6852f4531591.png,0.0,-0.38065413,0.44006312
data/raw/aptos2019/aptos2019/train_images/train_images/686ed1dbae20.png,1.0,9.07165,0.99679935
data/raw/aptos2019/aptos2019/train_images/train_images/687759336b0d.png,1.0,12.538818,0.99964225
data/raw/aptos2019/aptos2019/train_images/train_images/6889bc64ab09.png,1.0,12.13525,0.9995383
data/raw/aptos2019/aptos2019/train_images/train_images/68987fb159ab.png,0.0,-2.6045709,0.16133018
data/raw/aptos2019/aptos2019/train_images/train_images/68ddb15a74de.png,0.0,-6.2944016,0.018278891
data/raw/aptos2019/aptos2019/train_images/train_images/691eeb59b4cb.png,0.0,-5.3224006,0.03329756
data/raw/aptos2019/aptos2019/train_images/train_images/692e946b1f85.png,0.0,-2.8279185,0.14310771
data/raw/aptos2019/aptos2019/train_images/train_images/69591ebb198d.png,1.0,11.288968,0.99921143
data/raw/aptos2019/aptos2019/train_images/train_images/6966abf40b8c.png,0.0,-3.8081095,0.0824094
data/raw/aptos2019/aptos2019/train_images/train_images/697538183db5.png,1.0,11.377071,0.99925417
data/raw/aptos2019/aptos2019/train_images/train_images/6987804eb464.png,1.0,12.788492,0.9996946
data/raw/aptos2019/aptos2019/train_images/train_images/698d6e422a80.png,1.0,12.682813,0.9996735
data/raw/aptos2019/aptos2019/train_images/train_images/69b3a00927fc.png,0.0,-6.404821,0.0170662
data/raw/aptos2019/aptos2019/train_images/train_images/69c4cbb630de.png,0.0,-5.7193313,0.026093896
data/raw/aptos2019/aptos2019/train_images/train_images/69df7ade0575.png,1.0,12.841927,0.99970466
data/raw/aptos2019/aptos2019/train_images/train_images/69f43381317b.png,0.0,0.44103897,0.56933093
data/raw/aptos2019/aptos2019/train_images/train_images/69fff98cb32a.png,1.0,11.0380535,0.9990758
data/raw/aptos2019/aptos2019/train_images/train_images/6a244e855d0e.png,1.0,12.251064,0.9995709
data/raw/aptos2019/aptos2019/train_images/train_images/6a2642131e4a.png,0.0,-6.0598793,0.021141747
data/raw/aptos2019/aptos2019/train_images/train_images/6a2c3f4ef329.png,0.0,-1.4310564,0.28788513
data/raw/aptos2019/aptos2019/train_images/train_images/6a57a3db3eff.png,0.0,-5.112619,0.03784629
data/raw/aptos2019/aptos2019/train_images/train_images/6a905a7202d2.png,0.0,-4.840504,0.044641312
data/raw/aptos2019/aptos2019/train_images/train_images/6a91eb157f47.png,1.0,12.2325735,0.9995658
data/raw/aptos2019/aptos2019/train_images/train_images/6af071b0ac6e.png,0.0,-5.1856213,0.036199376
data/raw/aptos2019/aptos2019/train_images/train_images/6b07971c3bf6.png,0.0,9.610113,0.9977215
data/raw/aptos2019/aptos2019/train_images/train_images/6b128e648646.png,1.0,12.803537,0.99969745
data/raw/aptos2019/aptos2019/train_images/train_images/6b30767595d8.png,0.0,-4.2087917,0.065153696
data/raw/aptos2019/aptos2019/train_images/train_images/6b3860e8f64f.png,0.0,-5.1119533,0.037861638
data/raw/aptos2019/aptos2019/train_images/train_images/6b664ed2a938.png,0.0,-3.592259,0.09334619
data/raw/aptos2019/aptos2019/train_images/train_images/6b66b0e86f7e.png,0.0,-7.2082553,0.010334145
data/raw/aptos2019/aptos2019/train_images/train_images/6b7cf869622a.png,1.0,8.809914,0.996225
data/raw/aptos2019/aptos2019/train_images/train_images/6b869f37cdf3.png,1.0,11.052893,0.9990845
data/raw/aptos2019/aptos2019/train_images/train_images/6b91e99c9408.png,0.0,-6.3123345,0.018076343
data/raw/aptos2019/aptos2019/train_images/train_images/6ba5ed791444.png,1.0,12.71248,0.99967957
data/raw/aptos2019/aptos2019/train_images/train_images/6baafa56895c.png,1.0,12.763044,0.9996897
data/raw/aptos2019/aptos2019/train_images/train_images/6bb30ec3231a.png,0.0,-5.5169945,0.02955333
data/raw/aptos2019/aptos2019/train_images/train_images/6bcce181be65.png,0.0,-5.1428876,0.03715488
data/raw/aptos2019/aptos2019/train_images/train_images/6bf26b777e3a.png,0.0,-6.542045,0.015668854
data/raw/aptos2019/aptos2019/train_images/train_images/6bf2a81a5d91.png,0.0,-3.944291,0.07612236
data/raw/aptos2019/aptos2019/train_images/train_images/6c00dd8bf708.png,0.0,-2.3859951,0.18093386
data/raw/aptos2019/aptos2019/train_images/train_images/6c250a30593b.png,1.0,12.518295,0.9996376
data/raw/aptos2019/aptos2019/train_images/train_images/6c2555a9cae4.png,1.0,11.080792,0.99910045
data/raw/aptos2019/aptos2019/train_images/train_images/6c30dd481717.png,0.0,-2.7031515,0.15306607
data/raw/aptos2019/aptos2019/train_images/train_images/6c315ad3d07f.png,1.0,12.649372,0.99966645
data/raw/aptos2019/aptos2019/train_images/train_images/6c3589d7ed8d.png,0.0,-6.0006523,0.021931535
data/raw/aptos2019/aptos2019/train_images/train_images/6c4ec95dd8ba.png,0.0,-4.4635205,0.055996314
data/raw/aptos2019/aptos2019/train_images/train_images/6c6505a0c637.png,0.0,-6.0366263,0.02144845
data/raw/aptos2019/aptos2019/train_images/train_images/6c6efb6b1358.png,0.0,10.098695,0.9983266
data/raw/aptos2019/aptos2019/train_images/train_images/6c9c902a97de.png,0.0,-3.6098397,0.09240878
data/raw/aptos2019/aptos2019/train_images/train_images/6cb96a6fb029.png,0.0,-4.8832545,0.043501545
data/raw/aptos2019/aptos2019/train_images/train_images/6cbc3dad809c.png,1.0,9.820408,0.998005
data/raw/aptos2019/aptos2019/train_images/train_images/6ccfdb031184.png,0.0,-3.6279826,0.09145027
data/raw/aptos2019/aptos2019/train_images/train_images/6cd606dc52e9.png,1.0,4.97486,0.9588479
data/raw/aptos2019/aptos2019/train_images/train_images/6cdd0f985270.png,0.0,10.734061,0.99887997
data/raw/aptos2019/aptos2019/train_images/train_images/6cee2e148520.png,0.0,-3.6553848,0.09001954
data/raw/aptos2019/aptos2019/train_images/train_images/6cfb7b44ef6f.png,1.0,10.159073,0.99838924
data/raw/aptos2019/aptos2019/train_images/train_images/6cffc6c6851a.png,0.0,-5.5403223,0.029132841
data/raw/aptos2019/aptos2019/train_images/train_images/6d0c0531083f.png,1.0,12.4587,0.99962366
data/raw/aptos2019/aptos2019/train_images/train_images/6d10709053ae.png,0.0,-3.6103508,0.09238165
data/raw/aptos2019/aptos2019/train_images/train_images/6d259b5b4c76.png,1.0,12.182326,0.99955183
data/raw/aptos2019/aptos2019/train_images/train_images/6d292ca4c9ad.png,0.0,4.130786,0.931774
data/raw/aptos2019/aptos2019/train_images/train_images/6d3d1fe6c32a.png,1.0,8.6692095,0.9958748
data/raw/aptos2019/aptos2019/train_images/train_images/6d454444f17c.png,1.0,12.26399,0.99957436
data/raw/aptos2019/aptos2019/train_images/train_images/6d4f6c9a8406.png,0.0,-4.8550525,0.044250287
data/raw/aptos2019/aptos2019/train_images/train_images/6d5a8362dd1e.png,0.0,-4.5939703,0.05178885
data/raw/aptos2019/aptos2019/train_images/train_images/6d6be4cfc73f.png,0.0,-5.797704,0.024862599
data/raw/aptos2019/aptos2019/train_images/train_images/6d6fcf49e515.png,0.0,-5.3169546,0.033408683
data/raw/aptos2019/aptos2019/train_images/train_images/6d7d26025122.png,1.0,11.864907,0.9994522
data/raw/aptos2019/aptos2019/train_images/train_images/6d9effbcde78.png,0.0,-5.229404,0.035244968
data/raw/aptos2019/aptos2019/train_images/train_images/6daef3e5ca22.png,1.0,11.935458,0.99947613
data/raw/aptos2019/aptos2019/train_images/train_images/6dc0281f11e3.png,0.0,-2.88854,0.13846709
data/raw/aptos2019/aptos2019/train_images/train_images/6dc07f968794.png,0.0,-3.5368993,0.096353896
data/raw/aptos2019/aptos2019/train_images/train_images/6dcde47060f9.png,1.0,11.472516,0.99929786
data/raw/aptos2019/aptos2019/train_images/train_images/6de39b94f634.png,0.0,-5.216657,0.035520304
data/raw/aptos2019/aptos2019/train_images/train_images/6df8b7b6e837.png,0.0,-4.453289,0.056339584
data/raw/aptos2019/aptos2019/train_images/train_images/6dfd80748e72.png,1.0,12.508348,0.99963534
data/raw/aptos2019/aptos2019/train_images/train_images/6e018411ba4a.png,0.0,-3.1861548,0.11748831
data/raw/aptos2019/aptos2019/train_images/train_images/6e092b306fe1.png,1.0,11.634984,0.99936646
data/raw/aptos2019/aptos2019/train_images/train_images/6e092caa065f.png,0.0,-7.6463027,0.007851698
data/raw/aptos2019/aptos2019/train_images/train_images/6e0f78e188ff.png,0.0,-5.568006,0.028641364
data/raw/aptos2019/aptos2019/train_images/train_images/6e1db8711879.png,0.0,-4.3277946,0.060713947
data/raw/aptos2019/aptos2019/train_images/train_images/6e3526053de0.png,0.0,0.5664397,0.5886736
data/raw/aptos2019/aptos2019/train_images/train_images/6e44f6d04fc9.png,0.0,-4.6084027,0.051342137
data/raw/aptos2019/aptos2019/train_images/train_images/6e68e742f5bc.png,1.0,8.190388,0.99442285
data/raw/aptos2019/aptos2019/train_images/train_images/6e73acb2cf60.png,1.0,12.011028,0.9995005
data/raw/aptos2019/aptos2019/train_images/train_images/6e861bc3bd7b.png,0.0,-6.1803617,0.019620065
data/raw/aptos2019/aptos2019/train_images/train_images/6e92b1c5ac8e.png,1.0,12.353628,0.99959785
data/raw/aptos2019/aptos2019/train_images/train_images/6ea07d19b4ce.png,0.0,5.637181,0.97255176
data/raw/aptos2019/aptos2019/train_images/train_images/6efa36d59ada.png,1.0,12.076318,0.9995208
data/raw/aptos2019/aptos2019/train_images/train_images/6f0463c1ff18.png,1.0,8.565655,0.9955967
data/raw/aptos2019/aptos2019/train_images/train_images/6f0e5848d9ce.png,0.0,-5.141813,0.03717922
data/raw/aptos2019/aptos2019/train_images/train_images/6f3b62e5b7f5.png,0.0,3.9693136,0.9249839
data/raw/aptos2019/aptos2019/train_images/train_images/6f460f9968c7.png,0.0,-3.0628788,0.12582208
data/raw/aptos2019/aptos2019/train_images/train_images/6f4719c6bb4b.png,1.0,12.318573,0.9995888
data/raw/aptos2019/aptos2019/train_images/train_images/6f4e0538d1e4.png,1.0,10.554788,0.99874556
data/raw/aptos2019/aptos2019/train_images/train_images/6f689fced922.png,0.0,-6.661937,0.014540588
data/raw/aptos2019/aptos2019/train_images/train_images/6f923b60934b.png,1.0,2.383063,0.81879103
data/raw/aptos2019/aptos2019/train_images/train_images/6fb656d506b2.png,1.0,12.171126,0.9995486
data/raw/aptos2019/aptos2019/train_images/train_images/6fbaaf8eb67a.png,0.0,-2.3316903,0.18608306
data/raw/aptos2019/aptos2019/train_images/train_images/6fe4751a3b42.png,0.0,-0.6089973,0.40482074
data/raw/aptos2019/aptos2019/train_images/train_images/6fe67482bfae.png,1.0,12.946007,0.9997235
data/raw/aptos2019/aptos2019/train_images/train_images/6fe67fd7f5d1.png,0.0,-2.9775822,0.13188052
data/raw/aptos2019/aptos2019/train_images/train_images/702de9dcde32.png,1.0,9.385892,0.99737513
data/raw/aptos2019/aptos2019/train_images/train_images/705f508d1e42.png,0.0,-6.8661857,0.0128
data/raw/aptos2019/aptos2019/train_images/train_images/709784f7fcc2.png,1.0,11.7836685,0.99942327
data/raw/aptos2019/aptos2019/train_images/train_images/70d0392397de.png,0.0,-0.52709466,0.41736877
data/raw/aptos2019/aptos2019/train_images/train_images/70d657f8f503.png,1.0,12.702269,0.9996774
data/raw/aptos2019/aptos2019/train_images/train_images/70ed3ec68b94.png,1.0,12.924753,0.9997198
data/raw/aptos2019/aptos2019/train_images/train_images/70f5caf5f305.png,1.0,12.09178,0.9995254
data/raw/aptos2019/aptos2019/train_images/train_images/7102f29e052e.png,1.0,12.645644,0.99966574
data/raw/aptos2019/aptos2019/train_images/train_images/710b05a96e0f.png,1.0,11.647938,0.9993716
data/raw/aptos2019/aptos2019/train_images/train_images/7116128c65ab.png,0.0,3.6992123,0.9122269
data/raw/aptos2019/aptos2019/train_images/train_images/711d1480d2e3.png,1.0,11.680138,0.9993843
data/raw/aptos2019/aptos2019/train_images/train_images/7131bf4c9e6f.png,0.0,-4.4434524,0.056671478
data/raw/aptos2019/aptos2019/train_images/train_images/7179f85bfd6f.png,0.0,0.29199287,0.54606766
data/raw/aptos2019/aptos2019/train_images/train_images/71a39c660432.png,1.0,12.600396,0.99965596
data/raw/aptos2019/aptos2019/train_images/train_images/71c1a3cdbe47.png,0.0,3.8261907,0.9184518
data/raw/aptos2019/aptos2019/train_images/train_images/71c22da3d6c6.png,0.0,-6.038371,0.021425286
data/raw/aptos2019/aptos2019/train_images/train_images/71e4130bf5c8.png,1.0,12.744795,0.999686
data/raw/aptos2019/aptos2019/train_images/train_images/71e43b4f8ba6.png,0.0,-6.338871,0.017780649
data/raw/aptos2019/aptos2019/train_images/train_images/71f6a6e4620a.png,0.0,7.43839,0.991054
data/raw/aptos2019/aptos2019/train_images/train_images/720b5f62ce80.png,0.0,-5.9016757,0.023316203
data/raw/aptos2019/aptos2019/train_images/train_images/721214151233.png,0.0,-2.4101746,0.17867714
data/raw/aptos2019/aptos2019/train_images/train_images/7214fc7cbe03.png,0.0,-5.0369277,0.03962977
data/raw/aptos2019/aptos2019/train_images/train_images/7247a2c97f71.png,1.0,12.166286,0.9995472
data/raw/aptos2019/aptos2019/train_images/train_images/72595230840c.png,1.0,12.755963,0.99968827
data/raw/aptos2019/aptos2019/train_images/train_images/72606afaf3da.png,0.0,-3.5605848,0.0950566
data/raw/aptos2019/aptos2019/train_images/train_images/7269a1d84a57.png,0.0,-4.9902644,0.040769137
data/raw/aptos2019/aptos2019/train_images/train_images/726dff37edc0.png,0.0,-2.0066311,0.21926686
data/raw/aptos2019/aptos2019/train_images/train_images/7270367410a1.png,1.0,12.611403,0.99965835
data/raw/aptos2019/aptos2019/train_images/train_images/72a867980067.png,0.0,-2.5830986,0.16317731
data/raw/aptos2019/aptos2019/train_images/train_images/72c31aa48e2c.png,0.0,-5.9053893,0.02326274
data/raw/aptos2019/aptos2019/train_images/train_images/72d98188648f.png,1.0,12.222033,0.9995629
data/raw/aptos2019/aptos2019/train_images/train_images/731b19a460ad.png,1.0,6.950701,0.98785853
data/raw/aptos2019/aptos2019/train_images/train_images/7335a2d43ada.png,0.0,12.309219,0.9995864
data/raw/aptos2019/aptos2019/train_images/train_images/7347bd23ba80.png,0.0,-6.1962423,0.019427672
data/raw/aptos2019/aptos2019/train_images/train_images/7347f5133a6a.png,0.0,6.830914,0.9869148
data/raw/aptos2019/aptos2019/train_images/train_images/7350c50667c5.png,1.0,10.396001,0.9986131
data/raw/aptos2019/aptos2019/train_images/train_images/7356dd08b0ae.png,1.0,12.439747,0.9996191
data/raw/aptos2019/aptos2019/train_images/train_images/735836b1ffa6.png,0.0,3.7601116,0.91526425
data/raw/aptos2019/aptos2019/train_images/train_images/737ef6226677.png,0.0,-5.883917,0.02357352
data/raw/aptos2019/aptos2019/train_images/train_images/73881f55a3ec.png,0.0,10.278046,0.99850583
data/raw/aptos2019/aptos2019/train_images/train_images/73a07e2ea23e.png,0.0,-2.7551825,0.14884585
data/raw/aptos2019/aptos2019/train_images/train_images/73ba798fee25.png,0.0,-6.0959115,0.020674944
data/raw/aptos2019/aptos2019/train_images/train_images/73d40ce06a67.png,0.0,-5.4425435,0.03093505
data/raw/aptos2019/aptos2019/train_images/train_images/73e83a07a16d.png,1.0,8.351642,0.99496114
data/raw/aptos2019/aptos2019/train_images/train_images/73ef3c3dcbe4.png,0.0,-2.9738271,0.13215284
data/raw/aptos2019/aptos2019/train_images/train_images/74211a2b6dcf.png,0.0,-1.9841466,0.2217126
data/raw/aptos2019/aptos2019/train_images/train_images/7427dedafccf.png,0.0,11.590952,0.99934846
data/raw/aptos2019/aptos2019/train_images/train_images/7435e9a3e36e.png,0.0,-5.1170754,0.037743717
data/raw/aptos2019/aptos2019/train_images/train_images/74418f620068.png,1.0,6.8427324,0.9870111
data/raw/aptos2019/aptos2019/train_images/train_images/7455e2b5fc57.png,1.0,12.554037,0.9996457
data/raw/aptos2019/aptos2019/train_images/train_images/74898f372d2b.png,0.0,-5.841888,0.024193592
data/raw/aptos2019/aptos2019/train_images/train_images/74eee788edee.png,1.0,12.681453,0.9996731
data/raw/aptos2019/aptos2019/train_images/train_images/750e0168399d.png,0.0,-2.912566,0.13666314
data/raw/aptos2019/aptos2019/train_images/train_images/75238d945315.png,0.0,-3.5098736,0.09785342
data/raw/aptos2019/aptos2019/train_images/train_images/7526c59c36d3.png,0.0,-1.7086595,0.2532477
data/raw/aptos2019/aptos2019/train_images/train_images/7526cf435753.png,0.0,-5.238966,0.035039775
data/raw/aptos2019/aptos2019/train_images/train_images/75369248dba0.png,0.0,-3.4299889,0.10240814
data/raw/aptos2019/aptos2019/train_images/train_images/753b14c27c83.png,1.0,8.212617,0.9945003
data/raw/aptos2019/aptos2019/train_images/train_images/7550966ef777.png,1.0,9.663626,0.99779725
data/raw/aptos2019/aptos2019/train_images/train_images/7569ac24762e.png,0.0,-3.1704118,0.118525326
data/raw/aptos2019/aptos2019/train_images/train_images/756b0d6488bb.png,0.0,7.945637,0.9934946
data/raw/aptos2019/aptos2019/train_images/train_images/757572337fd0.png,1.0,12.481219,0.999629
data/raw/aptos2019/aptos2019/train_images/train_images/757e39293591.png,0.0,-2.4453313,0.17543527
data/raw/aptos2019/aptos2019/train_images/train_images/75a071608ea6.png,0.0,-1.1844822,0.32090247
data/raw/aptos2019/aptos2019/train_images/train_images/75a4343b12f9.png,0.0,1.1288096,0.6713713
data/raw/aptos2019/aptos2019/train_images/train_images/75a7bc945b7d.png,1.0,12.893333,0.9997142
data/raw/aptos2019/aptos2019/train_images/train_images/75c180e04f65.png,0.0,-6.410716,0.017003726
data/raw/aptos2019/aptos2019/train_images/train_images/75ed83dbccce.png,0.0,-3.195363,0.11688544
data/raw/aptos2019/aptos2019/train_images/train_images/76095c338728.png,0.0,0.40249956,0.56334066
data/raw/aptos2019/aptos2019/train_images/train_images/760b6f4c6d82.png,1.0,11.929029,0.999474
data/raw/aptos2019/aptos2019/train_images/train_images/762d6e5d5068.png,1.0,12.605461,0.99965703
data/raw/aptos2019/aptos2019/train_images/train_images/7635921c5efb.png,0.0,-4.0130234,0.07311905
data/raw/aptos2019/aptos2019/train_images/train_images/763ad1236efe.png,0.0,-1.7526239,0.24802206
data/raw/aptos2019/aptos2019/train_images/train_images/76516f828d88.png,0.0,1.2645311,0.6900362
data/raw/aptos2019/aptos2019/train_images/train_images/7663aba8d762.png,1.0,11.209149,0.99917066
data/raw/aptos2019/aptos2019/train_images/train_images/767d777ee889.png,0.0,-3.6915631,0.08816148
data/raw/aptos2019/aptos2019/train_images/train_images/76b950c6ed5e.png,0.0,-7.0786614,0.011207541
data/raw/aptos2019/aptos2019/train_images/train_images/76bc31e0d3be.png,0.0,-4.7543097,0.04702645
data/raw/aptos2019/aptos2019/train_images/train_images/76be29bb30b2.png,0.0,-3.6305068,0.091317624
data/raw/aptos2019/aptos2019/train_images/train_images/76c0c7e1b6cb.png,1.0,11.428398,0.999278
data/raw/aptos2019/aptos2019/train_images/train_images/76cab26493f1.png,0.0,-5.283735,0.034094304
data/raw/aptos2019/aptos2019/train_images/train_images/76cb010f7aa0.png,0.0,-4.9044776,0.04294608
data/raw/aptos2019/aptos2019/train_images/train_images/76df141d966b.png,0.0,-5.1290174,0.037470188
data/raw/aptos2019/aptos2019/train_images/train_images/76e589911303.png,0.0,4.8974314,0.95687026
data/raw/aptos2019/aptos2019/train_images/train_images/76e5b50f95a7.png,0.0,-2.3304493,0.18620205
data/raw/aptos2019/aptos2019/train_images/train_images/76e6a9238570.png,1.0,12.548792,0.9996445
data/raw/aptos2019/aptos2019/train_images/train_images/76f3473df8a6.png,0.0,-4.7953234,0.04587679
data/raw/aptos2019/aptos2019/train_images/train_images/76fe19ff64fb.png,1.0,9.640558,0.99776495
data/raw/aptos2019/aptos2019/train_images/train_images/772af553b8b7.png,1.0,12.252058,0.99957114
data/raw/aptos2019/aptos2019/train_images/train_images/7743f4e04a6d.png,1.0,10.928685,0.9990096
data/raw/aptos2019/aptos2019/train_images/train_images/77543f66a84a.png,1.0,12.503548,0.99963427
data/raw/aptos2019/aptos2019/train_images/train_images/77a1f1398fdb.png,0.0,-4.7627106,0.046788756
data/raw/aptos2019/aptos2019/train_images/train_images/77ab222bf85c.png,0.0,-4.155599,0.067234404
data/raw/aptos2019/aptos2019/train_images/train_images/77acc2cafee1.png,0.0,-4.5283537,0.053866487
data/raw/aptos2019/aptos2019/train_images/train_images/77b7b71ebcc3.png,0.0,-1.5957549,0.26699725
data/raw/aptos2019/aptos2019/train_images/train_images/77baa08a1345.png,1.0,9.013957,0.9966807
data/raw/aptos2019/aptos2019/train_images/train_images/77e15f213b04.png,0.0,-3.3724952,0.105801515
data/raw/aptos2019/aptos2019/train_images/train_images/77e7c7a160c8.png,1.0,9.928779,0.9981369
data/raw/aptos2019/aptos2019/train_images/train_images/77f69c7ff324.png,1.0,11.541016,0.99932766
data/raw/aptos2019/aptos2019/train_images/train_images/780be525036d.png,0.0,-3.734236,0.08601447
data/raw/aptos2019/aptos2019/train_images/train_images/780f9c237c56.png,0.0,-3.5758612,0.094228186
data/raw/aptos2019/aptos2019/train_images/train_images/780f9daaa24b.png,0.0,-6.3548713,0.017604662
data/raw/aptos2019/aptos2019/train_images/train_images/7828dd083cdc.png,0.0,-1.8914489,0.23200078
data/raw/aptos2019/aptos2019/train_images/train_images/7831ce1d895e.png,0.0,-6.340198,0.017765988
data/raw/aptos2019/aptos2019/train_images/train_images/784d6d302f98.png,0.0,-5.6570687,0.027114196
data/raw/aptos2019/aptos2019/train_images/train_images/785777558f05.png,1.0,11.264977,0.99919933
data/raw/aptos2019/aptos2019/train_images/train_images/788ddb0b70b7.png,1.0,12.511981,0.9996362
data/raw/aptos2019/aptos2019/train_images/train_images/78937523f7a8.png,0.0,-6.1953826,0.019438041
data/raw/aptos2019/aptos2019/train_images/train_images/789434d095d1.png,1.0,12.434524,0.99961793
data/raw/aptos2019/aptos2019/train_images/train_images/789c60cba801.png,0.0,-6.233004,0.018989377
data/raw/aptos2019/aptos2019/train_images/train_images/789f0ec1eab8.png,0.0,-4.941786,0.041986022
data/raw/aptos2019/aptos2019/train_images/train_images/78a577c3e0bf.png,1.0,11.449124,0.9992874
data/raw/aptos2019/aptos2019/train_images/train_images/78b3f819dcc5.png,1.0,10.666727,0.99883133
data/raw/aptos2019/aptos2019/train_images/train_images/78bcdffb8785.png,0.0,8.087515,0.9940499
data/raw/aptos2019/aptos2019/train_images/train_images/78d53c82a23e.png,1.0,12.23501,0.9995665
data/raw/aptos2019/aptos2019/train_images/train_images/79059d0592c4.png,1.0,10.603064,0.9987833
data/raw/aptos2019/aptos2019/train_images/train_images/79540be95177.png,1.0,12.363018,0.99960023
data/raw/aptos2019/aptos2019/train_images/train_images/799214e8b07c.png,0.0,-3.8253467,0.08158824
data/raw/aptos2019/aptos2019/train_images/train_images/799cb4c816ae.png,1.0,9.056722,0.9967691
data/raw/aptos2019/aptos2019/train_images/train_images/79ade634c633.png,0.0,-5.495342,0.029948892
data/raw/aptos2019/aptos2019/train_images/train_images/79be2ff796bf.png,1.0,12.487259,0.99963045
data/raw/aptos2019/aptos2019/train_images/train_images/79cbae28d8b2.png,0.0,-6.233903,0.018978788
data/raw/aptos2019/aptos2019/train_images/train_images/79d44db3da2d.png,1.0,12.143742,0.9995408
data/raw/aptos2019/aptos2019/train_images/train_images/7a06ea127e02.png,0.0,-6.116404,0.020413974
data/raw/aptos2019/aptos2019/train_images/train_images/7a0cff4c24b2.png,1.0,11.820633,0.99943656
data/raw/aptos2019/aptos2019/train_images/train_images/7a12f49e29df.png,0.0,-1.5548903,0.27208912
data/raw/aptos2019/aptos2019/train_images/train_images/7a238a1d3cf3.png,1.0,4.2021894,0.93459135
data/raw/aptos2019/aptos2019/train_images/train_images/7a39c91416e2.png,0.0,-2.2460074,0.19443615
data/raw/aptos2019/aptos2019/train_images/train_images/7a3ea1779b13.png,0.0,10.186434,0.9984168
data/raw/aptos2019/aptos2019/train_images/train_images/7a42443ed106.png,0.0,-2.632486,0.15895408
data/raw/aptos2019/aptos2019/train_images/train_images/7a46cfa69bae.png,0.0,-3.9458725,0.07605201
data/raw/aptos2019/aptos2019/train_images/train_images/7a6495a39d87.png,0.0,-3.1571717,0.119403556
data/raw/aptos2019/aptos2019/train_images/train_images/7a6e384a0846.png,1.0,11.8699045,0.99945384
data/raw/aptos2019/aptos2019/train_images/train_images/7a77c3eb468c.png,0.0,-3.7634363,0.0845727
data/raw/aptos2019/aptos2019/train_images/train_images/7a9f45fdf29b.png,0.0,-4.159637,0.06707432
data/raw/aptos2019/aptos2019/train_images/train_images/7aabd768abff.png,0.0,-6.0837092,0.020831881
data/raw/aptos2019/aptos2019/train_images/train_images/7ad0c4975890.png,0.0,2.9345644,0.86497116
data/raw/aptos2019/aptos2019/train_images/train_images/7adfb8fc0621.png,0.0,-3.6774614,0.08888158
data/raw/aptos2019/aptos2019/train_images/train_images/7ae69d22075a.png,0.0,5.704671,0.9736693
data/raw/aptos2019/aptos2019/train_images/train_images/7af4d8704032.png,0.0,-5.1712193,0.036518723
data/raw/aptos2019/aptos2019/train_images/train_images/7b20210d9120.png,0.0,11.934639,0.9994758
data/raw/aptos2019/aptos2019/train_images/train_images/7b211d8bd249.png,1.0,11.852567,0.9994479
data/raw/aptos2019/aptos2019/train_images/train_images/7b29e3783919.png,1.0,12.959616,0.9997259
data/raw/aptos2019/aptos2019/train_images/train_images/7b49041cbf17.png,1.0,12.698269,0.9996767
data/raw/aptos2019/aptos2019/train_images/train_images/7b691d9ced34.png,0.0,-7.0648108,0.0113051
data/raw/aptos2019/aptos2019/train_images/train_images/7b87b0015282.png,0.0,-3.7736404,0.08407408
data/raw/aptos2019/aptos2019/train_images/train_images/7b8c78b41c0d.png,1.0,10.488395,0.99869186
data/raw/aptos2019/aptos2019/train_images/train_images/7b9d519cbd66.png,0.0,-5.7613277,0.025426894
data/raw/aptos2019/aptos2019/train_images/train_images/7ba6b23c4b46.png,0.0,-2.4216926,0.17760992
data/raw/aptos2019/aptos2019/train_images/train_images/7bc00e58d419.png,0.0,-4.535723,0.05362928
data/raw/aptos2019/aptos2019/train_images/train_images/7bc2e0fa3f72.png,1.0,11.725653,0.9994017
data/raw/aptos2019/aptos2019/train_images/train_images/7bc4dd99eee5.png,1.0,9.6882515,0.9978313
data/raw/aptos2019/aptos2019/train_images/train_images/7bda86d95c5b.png,1.0,12.340527,0.9995945
data/raw/aptos2019/aptos2019/train_images/train_images/7be1b9aa78aa.png,0.0,-6.5034394,0.01605018
data/raw/aptos2019/aptos2019/train_images/train_images/7c2e852171c0.png,0.0,-6.953222,0.012122323
data/raw/aptos2019/aptos2019/train_images/train_images/7c2f820a6425.png,1.0,11.1131735,0.99911875
data/raw/aptos2019/aptos2019/train_images/train_images/7c3747c0b2c3.png,0.0,-7.509024,0.008558266
data/raw/aptos2019/aptos2019/train_images/train_images/7c52fe73e748.png,1.0,10.367871,0.99858826
data/raw/aptos2019/aptos2019/train_images/train_images/7c629b491d1a.png,1.0,-0.07502197,0.4881324
data/raw/aptos2019/aptos2019/train_images/train_images/7c6594b50690.png,0.0,-7.2005143,0.01038437
data/raw/aptos2019/aptos2019/train_images/train_images/7c90ab025331.png,1.0,10.659232,0.9988257
data/raw/aptos2019/aptos2019/train_images/train_images/7cc4b7aabe04.png,1.0,12.013054,0.9995011
data/raw/aptos2019/aptos2019/train_images/train_images/7ccb267fd394.png,0.0,11.50815,0.9993135
data/raw/aptos2019/aptos2019/train_images/train_images/7ccf9d25dc48.png,0.0,-6.264607,0.018620355
data/raw/aptos2019/aptos2019/train_images/train_images/7ce671f952be.png,0.0,-4.5641613,0.052723143
data/raw/aptos2019/aptos2019/train_images/train_images/7d0a871c45db.png,0.0,-3.7314699,0.08615219
data/raw/aptos2019/aptos2019/train_images/train_images/7d11dbc1e738.png,0.0,-3.0120993,0.12939958
data/raw/aptos2019/aptos2019/train_images/train_images/7d1b40fdbd86.png,1.0,11.305988,0.9992199
data/raw/aptos2019/aptos2019/train_images/train_images/7d1da90d3ca9.png,1.0,10.511107,0.9987105
data/raw/aptos2019/aptos2019/train_images/train_images/7d261f986bef.png,1.0,11.356991,0.9992447
data/raw/aptos2019/aptos2019/train_images/train_images/7d37a2939f12.png,1.0,12.148054,0.999542
data/raw/aptos2019/aptos2019/train_images/train_images/7d3835e4e63a.png,1.0,12.467251,0.9996257
data/raw/aptos2019/aptos2019/train_images/train_images/7d48f8cdfb69.png,0.0,-3.7342756,0.086012505
data/raw/aptos2019/aptos2019/train_images/train_images/7d626a7ffe76.png,1.0,12.610041,0.9996581
data/raw/aptos2019/aptos2019/train_images/train_images/7d8f67cadc29.png,1.0,10.560197,0.99874985
data/raw/aptos2019/aptos2019/train_images/train_images/7d94a000c2d0.png,0.0,-5.6003766,0.02807688
data/raw/aptos2019/aptos2019/train_images/train_images/7da558d92100.png,0.0,-6.9345484,0.012264665
data/raw/aptos2019/aptos2019/train_images/train_images/7ddcfcea7369.png,0.0,-2.2743936,0.19163772
data/raw/aptos2019/aptos2019/train_images/train_images/7dee6bf8b9c1.png,1.0,12.481943,0.99962914
data/raw/aptos2019/aptos2019/train_images/train_images/7e0598cc88a0.png,1.0,11.467488,0.9992956
data/raw/aptos2019/aptos2019/train_images/train_images/7e160c8b611e.png,1.0,12.518179,0.9996376
data/raw/aptos2019/aptos2019/train_images/train_images/7e4019ac7f5a.png,1.0,12.554123,0.9996457
data/raw/aptos2019/aptos2019/train_images/train_images/7e5a76c4e103.png,0.0,-5.6457057,0.027304547
data/raw/aptos2019/aptos2019/train_images/train_images/7e6e90a93aa5.png,1.0,10.942638,0.9990183
data/raw/aptos2019/aptos2019/train_images/train_images/7e70344b0c25.png,0.0,-5.6420703,0.027365716
data/raw/aptos2019/aptos2019/train_images/train_images/7e77b61e1639.png,0.0,-3.2233505,0.115069464
data/raw/aptos2019/aptos2019/train_images/train_images/7e9081e95bf6.png,0.0,-3.1968844,0.11678607
data/raw/aptos2019/aptos2019/train_images/train_images/7e9458de5707.png,1.0,11.443357,0.9992848
data/raw/aptos2019/aptos2019/train_images/train_images/7e980424868e.png,0.0,-4.673903,0.04936025
data/raw/aptos2019/aptos2019/train_images/train_images/7ea756985353.png,0.0,9.7803955,0.9979539
data/raw/aptos2019/aptos2019/train_images/train_images/7ec0e61a7e29.png,0.0,-1.9799489,0.22217137
data/raw/aptos2019/aptos2019/train_images/train_images/7ec1ffe8220b.png,1.0,12.553679,0.9996457
data/raw/aptos2019/aptos2019/train_images/train_images/7ed4128b2a4e.png,0.0,-7.967843,0.006415276
data/raw/aptos2019/aptos2019/train_images/train_images/7ee6de71c140.png,0.0,-5.8073783,0.024714595
data/raw/aptos2019/aptos2019/train_images/train_images/7eeb191ad06b.png,0.0,-3.1750205,0.11822091
data/raw/aptos2019/aptos2019/train_images/train_images/7eee3d1f1268.png,0.0,-4.09988,0.06947993
data/raw/aptos2019/aptos2019/train_images/train_images/7ef5ff774a48.png,0.0,-0.18470778,0.47080904
data/raw/aptos2019/aptos2019/train_images/train_images/7efc91af4ae6.png,1.0,11.049033,0.9990822
data/raw/aptos2019/aptos2019/train_images/train_images/7f0ffeb0a333.png,0.0,-2.5966206,0.16201213
data/raw/aptos2019/aptos2019/train_images/train_images/7f1f3269f546.png,0.0,-6.736706,0.013877894
data/raw/aptos2019/aptos2019/train_images/train_images/7f2123bc89a3.png,0.0,-3.023613,0.12858091
data/raw/aptos2019/aptos2019/train_images/train_images/7f2cce721e19.png,0.0,-4.882216,0.043528907
data/raw/aptos2019/aptos2019/train_images/train_images/7f39c36469b5.png,0.0,-4.6479244,0.050137483
data/raw/aptos2019/aptos2019/train_images/train_images/7f43becd3e83.png,0.0,1.2652221,0.6901297
data/raw/aptos2019/aptos2019/train_images/train_images/7f60f2a083d3.png,0.0,8.707954,0.99597436
data/raw/aptos2019/aptos2019/train_images/train_images/7f6690fa390a.png,0.0,-5.752057,0.025572695
data/raw/aptos2019/aptos2019/train_images/train_images/7f6ce40f306b.png,1.0,12.287431,0.9995807
data/raw/aptos2019/aptos2019/train_images/train_images/7f84284598f5.png,1.0,8.878275,0.99638426
data/raw/aptos2019/aptos2019/train_images/train_images/7fc3a8bb40de.png,0.0,-4.8331227,0.04484097
data/raw/aptos2019/aptos2019/train_images/train_images/7fdb177b8f7d.png,0.0,-0.39936,0.43714815
data/raw/aptos2019/aptos2019/train_images/train_images/7fe7309d0b4f.png,0.0,-5.483668,0.030164279
data/raw/aptos2019/aptos2019/train_images/train_images/8000a6b97a84.png,1.0,11.986009,0.9994925
data/raw/aptos2019/aptos2019/train_images/train_images/8010c931321f.png,0.0,-5.9012914,0.023321744
data/raw/aptos2019/aptos2019/train_images/train_images/803120c5d287.png,1.0,10.968703,0.9990344
data/raw/aptos2019/aptos2019/train_images/train_images/807135cbc438.png,1.0,9.3891735,0.99738055
data/raw/aptos2019/aptos2019/train_images/train_images/80964d8e0863.png,1.0,12.228241,0.9995646
data/raw/aptos2019/aptos2019/train_images/train_images/80a02014b418.png,0.0,1.6244152,0.7365375
data/raw/aptos2019/aptos2019/train_images/train_images/80b5697f2a5e.png,0.0,-4.887116,0.043399975
data/raw/aptos2019/aptos2019/train_images/train_images/80b5a9519aec.png,1.0,8.799913,0.9962011
data/raw/aptos2019/aptos2019/train_images/train_images/80c67efc8101.png,0.0,-3.823733,0.08166479
data/raw/aptos2019/aptos2019/train_images/train_images/80ca40196225.png,1.0,12.335632,0.9995933
data/raw/aptos2019/aptos2019/train_images/train_images/80dbeb0fdc75.png,0.0,-6.4608054,0.016481904
data/raw/aptos2019/aptos2019/train_images/train_images/80e6e425f966.png,0.0,-4.5358214,0.05362612
data/raw/aptos2019/aptos2019/train_images/train_images/80e7cc0a0649.png,1.0,12.677914,0.9996724
data/raw/aptos2019/aptos2019/train_images/train_images/80ed04a84a16.png,0.0,-4.7525992,0.047074985
data/raw/aptos2019/aptos2019/train_images/train_images/80f6b30ece8c.png,0.0,-0.26547545,0.4580954
data/raw/aptos2019/aptos2019/train_images/train_images/80feb1f7ca5e.png,1.0,8.614148,0.99572915
data/raw/aptos2019/aptos2019/train_images/train_images/810d3779abd9.png,1.0,12.772411,0.9996915
data/raw/aptos2019/aptos2019/train_images/train_images/810ed108f5b7.png,0.0,-5.6632,0.027012028
data/raw/aptos2019/aptos2019/train_images/train_images/8114d6a160df.png,0.0,12.204296,0.99955803
data/raw/aptos2019/aptos2019/train_images/train_images/812d5adafaf2.png,1.0,12.6467,0.999666
data/raw/aptos2019/aptos2019/train_images/train_images/81371b0c01ad.png,0.0,-5.518257,0.029530428
data/raw/aptos2019/aptos2019/train_images/train_images/81704925f759.png,0.0,-4.4248085,0.057305574
data/raw/aptos2019/aptos2019/train_images/train_images/8185ce1cdcef.png,0.0,-7.4353337,0.008963185
data/raw/aptos2019/aptos2019/train_images/train_images/81914ceb4e74.png,0.0,-3.063663,0.12576751
data/raw/aptos2019/aptos2019/train_images/train_images/8191ae701985.png,0.0,-4.9988303,0.04055766
data/raw/aptos2019/aptos2019/train_images/train_images/81b0a2651c45.png,1.0,11.895744,0.9994628
data/raw/aptos2019/aptos2019/train_images/train_images/81bc03e2ff2b.png,1.0,12.339675,0.9995943
data/raw/aptos2019/aptos2019/train_images/train_images/81d79d53ed7b.png,0.0,-4.897963,0.043115865
data/raw/aptos2019/aptos2019/train_images/train_images/8201cab8322d.png,1.0,12.480662,0.9996289
data/raw/aptos2019/aptos2019/train_images/train_images/82088c6734e6.png,0.0,-4.610226,0.051285964
data/raw/aptos2019/aptos2019/train_images/train_images/821789e9053f.png,0.0,9.9082,0.99811256
data/raw/aptos2019/aptos2019/train_images/train_images/8241e43408a8.png,0.0,-6.7755885,0.013545128
data/raw/aptos2019/aptos2019/train_images/train_images/8273fdb4405e.png,0.0,10.682004,0.99884254
data/raw/aptos2019/aptos2019/train_images/train_images/82910bba4753.png,1.0,11.898767,0.99946374
data/raw/aptos2019/aptos2019/train_images/train_images/82ac8463fadd.png,0.0,-2.1486704,0.20426683
data/raw/aptos2019/aptos2019/train_images/train_images/82bb8a01935f.png,1.0,12.306498,0.9995857
data/raw/aptos2019/aptos2019/train_images/train_images/82d364726a58.png,0.0,-5.0559745,0.03917353
data/raw/aptos2019/aptos2019/train_images/train_images/82deb07a6618.png,1.0,12.1947,0.9995553
data/raw/aptos2019/aptos2019/train_images/train_images/82e5bc01f8a4.png,0.0,-2.3744545,0.18201879
data/raw/aptos2019/aptos2019/train_images/train_images/82f2784ead76.png,1.0,12.671801,0.9996712
data/raw/aptos2019/aptos2019/train_images/train_images/83038ca49b6d.png,0.0,-4.956737,0.041607074
data/raw/aptos2019/aptos2019/train_images/train_images/830e297965a1.png,0.0,-6.1713977,0.019729482
data/raw/aptos2019/aptos2019/train_images/train_images/8329e80c10ac.png,0.0,-4.8289223,0.04495497
data/raw/aptos2019/aptos2019/train_images/train_images/8344c783da65.png,0.0,-4.346625,0.060037866
data/raw/aptos2019/aptos2019/train_images/train_images/83517eaeccb9.png,0.0,-3.8193989,0.08187074
data/raw/aptos2019/aptos2019/train_images/train_images/835b9f6e12ba.png,0.0,-5.6837125,0.026672918
data/raw/aptos2019/aptos2019/train_images/train_images/837acf120946.png,0.0,-2.7866623,0.14633943
data/raw/aptos2019/aptos2019/train_images/train_images/838b3e4d0bb4.png,0.0,-3.7241554,0.08651734
data/raw/aptos2019/aptos2019/train_images/train_images/838c87c63422.png,1.0,12.429797,0.99961674
data/raw/aptos2019/aptos2019/train_images/train_images/83a63c4a3e4a.png,0.0,-4.959841,0.041528817
data/raw/aptos2019/aptos2019/train_images/train_images/83b61051737f.png,1.0,10.886195,0.9989827
data/raw/aptos2019/aptos2019/train_images/train_images/83d6e40c869f.png,1.0,12.579992,0.99965155
data/raw/aptos2019/aptos2019/train_images/train_images/83d81ba5959c.png,0.0,-4.3899465,0.05850917
data/raw/aptos2019/aptos2019/train_images/train_images/83df53d58f28.png,0.0,-4.4084125,0.057868715
data/raw/aptos2019/aptos2019/train_images/train_images/83e529e95b0e.png,0.0,1.3646591,0.7034241
data/raw/aptos2019/aptos2019/train_images/train_images/83fda7c0500b.png,0.0,-3.162245,0.11906636
data/raw/aptos2019/aptos2019/train_images/train_images/840527bc6628.png,1.0,12.566774,0.9996486
data/raw/aptos2019/aptos2019/train_images/train_images/840a06a9c690.png,0.0,-2.9768748,0.13193177
data/raw/aptos2019/aptos2019/train_images/train_images/8421107255ae.png,1.0,11.880689,0.99945766
data/raw/aptos2019/aptos2019/train_images/train_images/842d697884f6.png,1.0,11.272616,0.99920326
data/raw/aptos2019/aptos2019/train_images/train_images/8433a032b96c.png,0.0,-1.6955417,0.25482094
data/raw/aptos2019/aptos2019/train_images/train_images/8446826853d0.png,1.0,7.055459,0.9886285
data/raw/aptos2019/aptos2019/train_images/train_images/8448af27ba07.png,0.0,-1.5935183,0.26727438
data/raw/aptos2019/aptos2019/train_images/train_images/847b04287c9c.png,0.0,-5.1046844,0.03802957
data/raw/aptos2019/aptos2019/train_images/train_images/848e66b9e199.png,0.0,-5.626358,0.02763164
data/raw/aptos2019/aptos2019/train_images/train_images/849a91e9ab28.png,0.0,10.19145,0.9984218
data/raw/aptos2019/aptos2019/train_images/train_images/84a72e15b23c.png,0.0,11.506264,0.99931264
data/raw/aptos2019/aptos2019/train_images/train_images/84b472c49cfa.png,0.0,-2.0676787,0.2127247
data/raw/aptos2019/aptos2019/train_images/train_images/84b4da14bc23.png,0.0,-4.932529,0.042222302
data/raw/aptos2019/aptos2019/train_images/train_images/84b79243e430.png,0.0,-4.921858,0.042496253
data/raw/aptos2019/aptos2019/train_images/train_images/84b88e8d3bca.png,0.0,-1.5412455,0.2738028
data/raw/aptos2019/aptos2019/train_images/train_images/84c663f39632.png,1.0,9.820561,0.9980051
data/raw/aptos2019/aptos2019/train_images/train_images/84e8c62165b5.png,1.0,12.272062,0.9995765
data/raw/aptos2019/aptos2019/train_images/train_images/851e40a21f81.png,0.0,-3.2283645,0.11474671
data/raw/aptos2019/aptos2019/train_images/train_images/8543a801dce0.png,1.0,12.06592,0.99951756
data/raw/aptos2019/aptos2019/train_images/train_images/855f0a5442b6.png,1.0,12.56702,0.9996487
data/raw/aptos2019/aptos2019/train_images/train_images/8564b7aa3c1a.png,0.0,-4.7315164,0.047677167
data/raw/aptos2019/aptos2019/train_images/train_images/857230f64a2e.png,1.0,12.769609,0.9996909
data/raw/aptos2019/aptos2019/train_images/train_images/8596a24a14bd.png,1.0,12.915844,0.99971825
data/raw/aptos2019/aptos2019/train_images/train_images/85cbb84ac8e0.png,1.0,12.531155,0.9996406
data/raw/aptos2019/aptos2019/train_images/train_images/85cc6d636898.png,1.0,12.159056,0.99954516
data/raw/aptos2019/aptos2019/train_images/train_images/85f99e7e4052.png,0.0,-4.6485925,0.050117344
data/raw/aptos2019/aptos2019/train_images/train_images/85fce24084da.png,1.0,12.566087,0.99964845
data/raw/aptos2019/aptos2019/train_images/train_images/86410aa13b3e.png,0.0,-3.213154,0.11572819
data/raw/aptos2019/aptos2019/train_images/train_images/8650d32f4a9e.png,0.0,-3.430189,0.10239651
data/raw/aptos2019/aptos2019/train_images/train_images/8660e1864665.png,0.0,-7.567348,0.008250682
data/raw/aptos2019/aptos2019/train_images/train_images/86722fcd802c.png,1.0,10.895137,0.99898845
data/raw/aptos2019/aptos2019/train_images/train_images/8676427e4625.png,0.0,9.427715,0.99744344
data/raw/aptos2019/aptos2019/train_images/train_images/8688f3d0fcaf.png,1.0,12.252356,0.99957126
data/raw/aptos2019/aptos2019/train_images/train_images/8693ab1fd2be.png,0.0,-3.2620587,0.11259833
data/raw/aptos2019/aptos2019/train_images/train_images/869bbd3170cc.png,1.0,11.523858,0.99932027
data/raw/aptos2019/aptos2019/train_images/train_images/86d58f850a0c.png,0.0,-1.4245474,0.28873035
data/raw/aptos2019/aptos2019/train_images/train_images/86d6808f0609.png,1.0,12.625483,0.99966145
data/raw/aptos2019/aptos2019/train_images/train_images/86e7f98f73f1.png,1.0,12.159971,0.9995454
data/raw/aptos2019/aptos2019/train_images/train_images/86fbac86ed3e.png,1.0,9.8656025,0.998061
data/raw/aptos2019/aptos2019/train_images/train_images/870f433e8f37.png,0.0,-3.3002856,0.11020355
data/raw/aptos2019/aptos2019/train_images/train_images/870fbe6eaa68.png,0.0,-4.6987014,0.04862901
data/raw/aptos2019/aptos2019/train_images/train_images/8714d17bb6da.png,0.0,3.694225,0.91197383
data/raw/aptos2019/aptos2019/train_images/train_images/87295c5fa1cc.png,0.0,-1.5781882,0.2691787
data/raw/aptos2019/aptos2019/train_images/train_images/873dcc0b468f.png,1.0,10.587939,0.9987716
data/raw/aptos2019/aptos2019/train_images/train_images/873fe0404d6e.png,1.0,8.65929,0.9958489
data/raw/aptos2019/aptos2019/train_images/train_images/874f8c1929f6.png,0.0,-4.491309,0.055073895
data/raw/aptos2019/aptos2019/train_images/train_images/875a2fc5fe23.png,1.0,12.1011,0.99952817
data/raw/aptos2019/aptos2019/train_images/train_images/875d2ffcbf47.png,0.0,-5.6732345,0.02684562
data/raw/aptos2019/aptos2019/train_images/train_images/876deb29f000.png,0.0,-0.4122078,0.43514854
data/raw/aptos2019/aptos2019/train_images/train_images/876e1dd12d38.png,1.0,9.184934,0.9970202
data/raw/aptos2019/aptos2019/train_images/train_images/87774aafe068.png,1.0,12.343014,0.9995951
data/raw/aptos2019/aptos2019/train_images/train_images/8785b71238d8.png,1.0,4.5734606,0.94757
data/raw/aptos2019/aptos2019/train_images/train_images/878e356c8fc9.png,0.0,1.8731912,0.76593405
data/raw/aptos2019/aptos2019/train_images/train_images/879744b9dc65.png,1.0,12.17808,0.99955064
data/raw/aptos2019/aptos2019/train_images/train_images/87a9f4d20f07.png,0.0,-6.28421,0.018394994
data/raw/aptos2019/aptos2019/train_images/train_images/87b1938994b5.png,1.0,12.265962,0.99957496
data/raw/aptos2019/aptos2019/train_images/train_images/87b671c6d4c5.png,0.0,-3.0975277,0.12342989
data/raw/aptos2019/aptos2019/train_images/train_images/87d46b1cc4e9.png,0.0,-5.108689,0.03793696
data/raw/aptos2019/aptos2019/train_images/train_images/880edb2cdb69.png,0.0,-5.712418,0.026205309
data/raw/aptos2019/aptos2019/train_images/train_images/881ec6186e68.png,0.0,-3.2867339,0.111047395
data/raw/aptos2019/aptos2019/train_images/train_images/882a71de424e.png,1.0,11.813646,0.99943405
data/raw/aptos2019/aptos2019/train_images/train_images/883c6a184f16.png,0.0,-4.3363934,0.06040435
data/raw/aptos2019/aptos2019/train_images/train_images/883ddb650967.png,0.0,-3.1472938,0.120062426
data/raw/aptos2019/aptos2019/train_images/train_images/8846b09384a4.png,0.0,-5.6697464,0.026903352
data/raw/aptos2019/aptos2019/train_images/train_images/885fa5fc5da8.png,0.0,-4.77993,0.046305116
data/raw/aptos2019/aptos2019/train_images/train_images/8860c7b11530.png,1.0,7.7726088,0.9927471
data/raw/aptos2019/aptos2019/train_images/train_images/8871e6a26596.png,1.0,8.660641,0.9958525
data/raw/aptos2019/aptos2019/train_images/train_images/887c26fc0e1f.png,1.0,12.405575,0.99961084
data/raw/aptos2019/aptos2019/train_images/train_images/88e4399d207c.png,0.0,-6.4036427,0.017078713
data/raw/aptos2019/aptos2019/train_images/train_images/88e5051f65bd.png,0.0,-5.4839854,0.030158397
data/raw/aptos2019/aptos2019/train_images/train_images/8906c9ed54a2.png,0.0,-5.8430023,0.024176946
data/raw/aptos2019/aptos2019/train_images/train_images/891329021e12.png,0.0,-5.0636215,0.038991775
data/raw/aptos2019/aptos2019/train_images/train_images/891392c9683c.png,1.0,12.378011,0.99960405
data/raw/aptos2019/aptos2019/train_images/train_images/894a37fc3738.png,0.0,-6.603887,0.015076515
data/raw/aptos2019/aptos2019/train_images/train_images/8958a4d17b7e.png,1.0,12.293967,0.99958235
data/raw/aptos2019/aptos2019/train_images/train_images/895fe2bfc5b6.png,0.0,-6.600535,0.015108056
data/raw/aptos2019/aptos2019/train_images/train_images/896ad584a841.png,0.0,-5.7187047,0.026103975
data/raw/aptos2019/aptos2019/train_images/train_images/898f0bc8acfa.png,0.0,-3.5710537,0.09448819
data/raw/aptos2019/aptos2019/train_images/train_images/89b044cbaf85.png,1.0,12.283737,0.9995797
data/raw/aptos2019/aptos2019/train_images/train_images/89b725411cee.png,1.0,11.862357,0.9994512
data/raw/aptos2019/aptos2019/train_images/train_images/89d2a7403a06.png,1.0,11.965084,0.99948573
data/raw/aptos2019/aptos2019/train_images/train_images/89d9c071a56f.png,0.0,3.725888,0.9135693
data/raw/aptos2019/aptos2019/train_images/train_images/89ed6a0dd53f.png,0.0,6.6527085,0.9853755
data/raw/aptos2019/aptos2019/train_images/train_images/89ee1fa16f90.png,1.0,11.302387,0.9992181
data/raw/aptos2019/aptos2019/train_images/train_images/89fc080f7e83.png,1.0,6.4436646,0.9833414
data/raw/aptos2019/aptos2019/train_images/train_images/8a01daa423f7.png,0.0,7.5553756,0.9916871
data/raw/aptos2019/aptos2019/train_images/train_images/8a234d68b27e.png,1.0,12.698999,0.9996768
data/raw/aptos2019/aptos2019/train_images/train_images/8a25a080f28f.png,0.0,11.367639,0.99924964
data/raw/aptos2019/aptos2019/train_images/train_images/8a3eb86ae4bd.png,0.0,-5.525336,0.02940231
data/raw/aptos2019/aptos2019/train_images/train_images/8a482c024fc2.png,0.0,-1.1484395,0.3258936
data/raw/aptos2019/aptos2019/train_images/train_images/8a67f1efa315.png,1.0,11.321413,0.9992274
data/raw/aptos2019/aptos2019/train_images/train_images/8a7765e785fb.png,0.0,-6.3633265,0.017512353
data/raw/aptos2019/aptos2019/train_images/train_images/8a81f62320d6.png,0.0,-7.5184407,0.008507848
data/raw/aptos2019/aptos2019/train_images/train_images/8a87dd2a784e.png,0.0,-5.489602,0.030054599
data/raw/aptos2019/aptos2019/train_images/train_images/8a8a251770cd.png,0.0,-4.259314,0.06323306
data/raw/aptos2019/aptos2019/train_images/train_images/8a9bef2fbd4e.png,1.0,11.736006,0.9994056
data/raw/aptos2019/aptos2019/train_images/train_images/8aa3c4681542.png,0.0,-4.6547246,0.049932927
data/raw/aptos2019/aptos2019/train_images/train_images/8aab201c0691.png,1.0,12.661804,0.9996691
data/raw/aptos2019/aptos2019/train_images/train_images/8ab3faa3701f.png,0.0,1.7082617,0.7467047
data/raw/aptos2019/aptos2019/train_images/train_images/8ab8d9b3ce3f.png,1.0,10.971779,0.9990363
data/raw/aptos2019/aptos2019/train_images/train_images/8ac0c44bbf24.png,1.0,12.293844,0.99958235
data/raw/aptos2019/aptos2019/train_images/train_images/8acdf12f412a.png,0.0,-5.2244873,0.035350922
data/raw/aptos2019/aptos2019/train_images/train_images/8acffaf1f4b9.png,1.0,12.188059,0.9995534
data/raw/aptos2019/aptos2019/train_images/train_images/8ae049175db6.png,1.0,9.9441395,0.99815494
data/raw/aptos2019/aptos2019/train_images/train_images/8af50c9d0a86.png,0.0,-5.317126,0.033405177
data/raw/aptos2019/aptos2019/train_images/train_images/8af6a4e5396f.png,1.0,12.114297,0.9995321
data/raw/aptos2019/aptos2019/train_images/train_images/8b079e79035f.png,0.0,-2.0349464,0.21621458
data/raw/aptos2019/aptos2019/train_images/train_images/8b26d3cd61e8.png,1.0,12.549764,0.99964476
data/raw/aptos2019/aptos2019/train_images/train_images/8b568d47a1fd.png,0.0,-6.2308526,0.019014759
data/raw/aptos2019/aptos2019/train_images/train_images/8b58f9a338e8.png,0.0,-5.3892655,0.031962
data/raw/aptos2019/aptos2019/train_images/train_images/8b76c3c5cb3e.png,1.0,12.475944,0.9996278
data/raw/aptos2019/aptos2019/train_images/train_images/8b8fe3fc8950.png,0.0,-1.6759235,0.25718573
data/raw/aptos2019/aptos2019/train_images/train_images/8bad12d70368.png,1.0,11.543347,0.9993286
data/raw/aptos2019/aptos2019/train_images/train_images/8bbd7835e9aa.png,0.0,8.540428,0.99552613
data/raw/aptos2019/aptos2019/train_images/train_images/8bc6716c2238.png,0.0,10.478598,0.99868375
data/raw/aptos2019/aptos2019/train_images/train_images/8bdb891661a8.png,1.0,8.600353,0.99569184
data/raw/aptos2019/aptos2019/train_images/train_images/8be6629a6039.png,0.0,-5.845354,0.024141856
data/raw/aptos2019/aptos2019/train_images/train_images/8bed09514c3b.png,1.0,9.432209,0.99745077
data/raw/aptos2019/aptos2019/train_images/train_images/8bf05909e1e1.png,0.0,-4.660631,0.049755882
data/raw/aptos2019/aptos2019/train_images/train_images/8bf2d925dc0c.png,0.0,-5.0737104,0.038753226
data/raw/aptos2019/aptos2019/train_images/train_images/8c0d05233238.png,1.0,12.010792,0.9995004
data/raw/aptos2019/aptos2019/train_images/train_images/8c29a76fa08c.png,0.0,4.0074015,0.9266395
data/raw/aptos2019/aptos2019/train_images/train_images/8c2f0f04e1ed.png,0.0,7.8350086,0.993026
data/raw/aptos2019/aptos2019/train_images/train_images/8c4ceddeb1c6.png,0.0,-6.9618983,0.012056738
data/raw/aptos2019/aptos2019/train_images/train_images/8c7c26c52a6c.png,1.0,12.704438,0.9996779
data/raw/aptos2019/aptos2019/train_images/train_images/8c84e96d9b01.png,0.0,-4.1576595,0.06715268
data/raw/aptos2019/aptos2019/train_images/train_images/8c87bd748996.png,1.0,11.661955,0.9993772
data/raw/aptos2019/aptos2019/train_images/train_images/8cb6b5b2f19c.png,1.0,11.588815,0.9993476
data/raw/aptos2019/aptos2019/train_images/train_images/8ceff4c4c860.png,0.0,-5.134433,0.03734678
data/raw/aptos2019/aptos2019/train_images/train_images/8d13c46e7d75.png,0.0,-4.565147,0.052691985
data/raw/aptos2019/aptos2019/train_images/train_images/8d3d67661620.png,1.0,11.664504,0.9993781
data/raw/aptos2019/aptos2019/train_images/train_images/8d4d14a4ab07.png,0.0,-0.875254,0.36495426
data/raw/aptos2019/aptos2019/train_images/train_images/8d4ff745a409.png,0.0,-4.0987854,0.06952473
data/raw/aptos2019/aptos2019/train_images/train_images/8d62ba9cb22a.png,1.0,11.512558,0.9993154
data/raw/aptos2019/aptos2019/train_images/train_images/8d8aca52c07b.png,1.0,6.897158,0.98744535
data/raw/aptos2019/aptos2019/train_images/train_images/8d9516ea3587.png,0.0,-5.9806843,0.02220425
data/raw/aptos2019/aptos2019/train_images/train_images/8dafa62f9322.png,0.0,-2.722317,0.15150025
data/raw/aptos2019/aptos2019/train_images/train_images/8db2ce991101.png,1.0,12.621626,0.9996606
data/raw/aptos2019/aptos2019/train_images/train_images/8dba09a4e5ed.png,1.0,12.225921,0.999564
data/raw/aptos2019/aptos2019/train_images/train_images/8dc22e65c06f.png,0.0,8.026971,0.99381894
data/raw/aptos2019/aptos2019/train_images/train_images/8dfa629ca74e.png,1.0,11.533785,0.99932456
data/raw/aptos2019/aptos2019/train_images/train_images/8dfff47b06b7.png,1.0,9.037566,0.99672985
data/raw/aptos2019/aptos2019/train_images/train_images/8e20b8fac7c3.png,1.0,9.921434,0.99812824
data/raw/aptos2019/aptos2019/train_images/train_images/8e2a3978c244.png,0.0,-5.2153664,0.035548296
data/raw/aptos2019/aptos2019/train_images/train_images/8e3b79e1f1f7.png,1.0,11.534935,0.99932504
data/raw/aptos2019/aptos2019/train_images/train_images/8e4a354e3da2.png,0.0,-2.891441,0.13824822
data/raw/aptos2019/aptos2019/train_images/train_images/8e63fc4ab532.png,1.0,11.784019,0.9994234
data/raw/aptos2019/aptos2019/train_images/train_images/8e67f2d7e0ee.png,0.0,-5.035606,0.03966162
data/raw/aptos2019/aptos2019/train_images/train_images/8e6df9eedcd8.png,0.0,-6.5636153,0.015459692
data/raw/aptos2019/aptos2019/train_images/train_images/8e76054f0831.png,0.0,-6.611544,0.01500473
data/raw/aptos2019/aptos2019/train_images/train_images/8e7981855125.png,0.0,-4.460265,0.05610532
data/raw/aptos2019/aptos2019/train_images/train_images/8ead17dfb6a6.png,0.0,-2.2849174,0.19060811
data/raw/aptos2019/aptos2019/train_images/train_images/8ead8f37423c.png,0.0,-3.8364477,0.081063345
data/raw/aptos2019/aptos2019/train_images/train_images/8eb3337a54e9.png,1.0,10.74837,0.9988901
data/raw/aptos2019/aptos2019/train_images/train_images/8ed586c43023.png,0.0,-5.750703,0.02559406
data/raw/aptos2019/aptos2019/train_images/train_images/8ee50c26fc13.png,0.0,-6.3169923,0.018024094
data/raw/aptos2019/aptos2019/train_images/train_images/8eeac97f02f0.png,1.0,12.175461,0.9995498
data/raw/aptos2019/aptos2019/train_images/train_images/8f06ca4642bd.png,0.0,-6.3139157,0.018058587
data/raw/aptos2019/aptos2019/train_images/train_images/8f10e41a2f02.png,0.0,-6.80067,0.013334662
data/raw/aptos2019/aptos2019/train_images/train_images/8f14bca04b47.png,0.0,-5.3486333,0.032767285
data/raw/aptos2019/aptos2019/train_images/train_images/8f1e7433a95d.png,1.0,10.082222,0.998309
data/raw/aptos2019/aptos2019/train_images/train_images/8f2996b8d855.png,0.0,7.044081,0.9885473
data/raw/aptos2019/aptos2019/train_images/train_images/8f318a978844.png,1.0,12.358114,0.99959904
data/raw/aptos2019/aptos2019/train_images/train_images/8f9819752ca0.png,0.0,-6.34255,0.017740037
data/raw/aptos2019/aptos2019/train_images/train_images/8fbb2ca39911.png,0.0,-0.96661246,0.35166162
data/raw/aptos2019/aptos2019/train_images/train_images/8fc09fecd22f.png,0.0,10.557519,0.9987477
data/raw/aptos2019/aptos2019/train_images/train_images/8fd7ad26e691.png,1.0,12.197891,0.99955624
data/raw/aptos2019/aptos2019/train_images/train_images/8ff2733f6aef.png,1.0,11.7500105,0.99941087
data/raw/aptos2019/aptos2019/train_images/train_images/8ff863f8874f.png,0.0,2.2122147,0.8021922
data/raw/aptos2019/aptos2019/train_images/train_images/8ffa608170d3.png,0.0,-1.9835898,0.22177342
data/raw/aptos2019/aptos2019/train_images/train_images/901a3552fe26.png,0.0,-4.2620206,0.06313167
data/raw/aptos2019/aptos2019/train_images/train_images/902dc5a91a3f.png,0.0,-5.65535,0.027142905
data/raw/aptos2019/aptos2019/train_images/train_images/9033f1493da1.png,1.0,10.757339,0.99889636
data/raw/aptos2019/aptos2019/train_images/train_images/9039cbfcbb2f.png,0.0,-1.1012053,0.33249462
data/raw/aptos2019/aptos2019/train_images/train_images/9041eb43456e.png,1.0,12.805628,0.9996979
data/raw/aptos2019/aptos2019/train_images/train_images/904b03ad5594.png,0.0,-4.5465217,0.05328348
data/raw/aptos2019/aptos2019/train_images/train_images/905cc86bf100.png,1.0,12.39604,0.9996086
data/raw/aptos2019/aptos2019/train_images/train_images/906d02fb822d.png,0.0,-4.1901994,0.06587406
data/raw/aptos2019/aptos2019/train_images/train_images/907aaff827e5.png,1.0,11.972427,0.9994881
data/raw/aptos2019/aptos2019/train_images/train_images/9095d43fb132.png,0.0,-4.482881,0.055352133
data/raw/aptos2019/aptos2019/train_images/train_images/90960ddf4d14.png,0.0,-5.711353,0.026222521
data/raw/aptos2019/aptos2019/train_images/train_images/90a786abe58e.png,0.0,-7.218572,0.010267581
data/raw/aptos2019/aptos2019/train_images/train_images/90a9a41eec6d.png,0.0,-6.591689,0.015191582
data/raw/aptos2019/aptos2019/train_images/train_images/90b8bf342032.png,1.0,12.663968,0.99966955
data/raw/aptos2019/aptos2019/train_images/train_images/90bde2ff8953.png,0.0,-5.705357,0.026319591
data/raw/aptos2019/aptos2019/train_images/train_images/90c982cc2d96.png,0.0,-0.24322352,0.46159336
data/raw/aptos2019/aptos2019/train_images/train_images/910bfd38e2f5.png,1.0,12.927916,0.9997204
data/raw/aptos2019/aptos2019/train_images/train_images/9122b31414d3.png,0.0,-3.8569973,0.08009981
data/raw/aptos2019/aptos2019/train_images/train_images/912fbe06407e.png,0.0,-5.285871,0.034049805
data/raw/aptos2019/aptos2019/train_images/train_images/913490237ad4.png,1.0,11.9233885,0.9994721
data/raw/aptos2019/aptos2019/train_images/train_images/913b1890ed1e.png,1.0,11.097466,0.9991099
data/raw/aptos2019/aptos2019/train_images/train_images/916915f01e17.png,0.0,-6.4731917,0.016355311
data/raw/aptos2019/aptos2019/train_images/train_images/916ec976ff30.png,1.0,12.211231,0.99955994
data/raw/aptos2019/aptos2019/train_images/train_images/917f76f360b6.png,1.0,12.402397,0.9996101
data/raw/aptos2019/aptos2019/train_images/train_images/91a88d3b0358.png,1.0,11.333054,0.9992331
data/raw/aptos2019/aptos2019/train_images/train_images/91b7a4179ecf.png,0.0,-0.791581,0.37731257
data/raw/aptos2019/aptos2019/train_images/train_images/91cf56d3d1af.png,1.0,12.746765,0.9996865
data/raw/aptos2019/aptos2019/train_images/train_images/91e2c2890c9f.png,1.0,10.881364,0.9989795
data/raw/aptos2019/aptos2019/train_images/train_images/91e82fe4e434.png,0.0,-5.9373584,0.022807432
data/raw/aptos2019/aptos2019/train_images/train_images/91e8af9ceee9.png,1.0,11.504155,0.9993118
data/raw/aptos2019/aptos2019/train_images/train_images/91f3c4c1e72b.png,0.0,-2.3499372,0.18434037
data/raw/aptos2019/aptos2019/train_images/train_images/921433215353.png,1.0,11.864028,0.9994518
data/raw/aptos2019/aptos2019/train_images/train_images/922586d86cd8.png,0.0,-5.790809,0.024968617
data/raw/aptos2019/aptos2019/train_images/train_images/9232dc06cfdc.png,0.0,-2.903089,0.13737233
data/raw/aptos2019/aptos2019/train_images/train_images/92587e494d51.png,0.0,-4.6676803,0.049545377
data/raw/aptos2019/aptos2019/train_images/train_images/9274e75dc4d5.png,0.0,-2.0468802,0.21493745
data/raw/aptos2019/aptos2019/train_images/train_images/9287e57326d0.png,0.0,-6.18036,0.019620089
data/raw/aptos2019/aptos2019/train_images/train_images/92889b863ae6.png,0.0,-4.334521,0.060471635
data/raw/aptos2019/aptos2019/train_images/train_images/929cd3867815.png,1.0,5.0583997,0.96088415
data/raw/aptos2019/aptos2019/train_images/train_images/92b0d27fc0ec.png,1.0,10.987576,0.9990458
data/raw/aptos2019/aptos2019/train_images/train_images/92d8a7c8e718.png,1.0,12.596069,0.999655
data/raw/aptos2019/aptos2019/train_images/train_images/92d9e9f08709.png,0.0,7.4773507,0.99126995
data/raw/aptos2019/aptos2019/train_images/train_images/92e3d608fd3c.png,0.0,-5.888507,0.02350675
data/raw/aptos2019/aptos2019/train_images/train_images/92f313287a29.png,1.0,11.107652,0.99911565
data/raw/aptos2019/aptos2019/train_images/train_images/92fcf50b3562.png,0.0,-2.410293,0.17866613
data/raw/aptos2019/aptos2019/train_images/train_images/930fee99213a.png,0.0,-2.8745074,0.13952991
data/raw/aptos2019/aptos2019/train_images/train_images/932181b93b2f.png,1.0,11.520178,0.9993187
data/raw/aptos2019/aptos2019/train_images/train_images/934104859e68.png,0.0,-5.56891,0.028625447
data/raw/aptos2019/aptos2019/train_images/train_images/93421787f520.png,0.0,-4.997682,0.040585943
data/raw/aptos2019/aptos2019/train_images/train_images/936299166bea.png,0.0,-3.3081486,0.10971653
data/raw/aptos2019/aptos2019/train_images/train_images/937bc1b924b1.png,0.0,-4.235476,0.06413261
data/raw/aptos2019/aptos2019/train_images/train_images/93802d1e3c41.png,0.0,-6.543176,0.01565782
data/raw/aptos2019/aptos2019/train_images/train_images/93a1b984de84.png,0.0,-5.787849,0.025014268
data/raw/aptos2019/aptos2019/train_images/train_images/93be637084a2.png,0.0,9.254246,0.99714774
data/raw/aptos2019/aptos2019/train_images/train_images/93d6d20a5ee3.png,0.0,-4.6353383,0.05051819
data/raw/aptos2019/aptos2019/train_images/train_images/94076a9fb9b5.png,0.0,-3.819735,0.08185474
data/raw/aptos2019/aptos2019/train_images/train_images/94111ed3d276.png,0.0,3.2157197,0.8844378
data/raw/aptos2019/aptos2019/train_images/train_images/94145d1f42cf.png,0.0,-4.437523,0.05687243
data/raw/aptos2019/aptos2019/train_images/train_images/941d874c8afb.png,0.0,-4.634735,0.050536495
data/raw/aptos2019/aptos2019/train_images/train_images/942f544c4e15.png,0.0,-6.6021733,0.015092633
data/raw/aptos2019/aptos2019/train_images/train_images/94372043d55b.png,0.0,0.8508728,0.6314622
data/raw/aptos2019/aptos2019/train_images/train_images/944a233fbf8e.png,0.0,10.490711,0.99869376
data/raw/aptos2019/aptos2019/train_images/train_images/946545473380.png,0.0,-4.433045,0.057024624
data/raw/aptos2019/aptos2019/train_images/train_images/949710bead24.png,0.0,-5.237716,0.035066526
data/raw/aptos2019/aptos2019/train_images/train_images/94a67ec0714f.png,1.0,11.085929,0.99910337
data/raw/aptos2019/aptos2019/train_images/train_images/94b9ccc73bb9.png,0.0,-4.032357,0.07229411
data/raw/aptos2019/aptos2019/train_images/train_images/94dcb491143f.png,1.0,11.605423,0.9993544
data/raw/aptos2019/aptos2019/train_images/train_images/94ef1d14597f.png,1.0,12.454155,0.9996226
data/raw/aptos2019/aptos2019/train_images/train_images/94f9ecf4b8d2.png,0.0,-1.807003,0.24165921
data/raw/aptos2019/aptos2019/train_images/train_images/9519a590985d.png,0.0,-5.3186016,0.03337504
data/raw/aptos2019/aptos2019/train_images/train_images/956765d5f46d.png,0.0,-0.62813765,0.40190554
data/raw/aptos2019/aptos2019/train_images/train_images/9568eb7e9c08.png,1.0,10.605416,0.9987851
data/raw/aptos2019/aptos2019/train_images/train_images/958c1fa044ba.png,0.0,-7.06731,0.011287436
data/raw/aptos2019/aptos2019/train_images/train_images/959bb2d01091.png,0.0,-3.1199667,0.12190162
data/raw/aptos2019/aptos2019/train_images/train_images/959dc602febc.png,1.0,12.854992,0.99970716
data/raw/aptos2019/aptos2019/train_images/train_images/95a4cc805c7b.png,0.0,8.4072485,0.99513453
data/raw/aptos2019/aptos2019/train_images/train_images/95e732e043a1.png,1.0,12.397867,0.99960893
data/raw/aptos2019/aptos2019/train_images/train_images/962c0fc85e13.png,0.0,1.8892528,0.7677515
data/raw/aptos2019/aptos2019/train_images/train_images/962cf85e4f6d.png,1.0,11.845181,0.99944526
data/raw/aptos2019/aptos2019/train_images/train_images/966c07831334.png,0.0,-2.705564,0.15286823
data/raw/aptos2019/aptos2019/train_images/train_images/96793edb1003.png,0.0,-2.0467002,0.21495666
data/raw/aptos2019/aptos2019/train_images/train_images/9688c6ef5dc5.png,0.0,-5.1008024,0.038119547
data/raw/aptos2019/aptos2019/train_images/train_images/969f92a390db.png,0.0,-4.8601756,0.044113357
data/raw/aptos2019/aptos2019/train_images/train_images/96a9706b8534.png,0.0,11.845995,0.9994456
data/raw/aptos2019/aptos2019/train_images/train_images/96b5474ae604.png,0.0,-5.4543204,0.030712388
data/raw/aptos2019/aptos2019/train_images/train_images/96c3e3db68bc.png,1.0,12.12121,0.99953413
data/raw/aptos2019/aptos2019/train_images/train_images/96c699221180.png,0.0,-3.534062,0.09651036
data/raw/aptos2019/aptos2019/train_images/train_images/96ce10a1dbd7.png,0.0,-5.12066,0.037661415
data/raw/aptos2019/aptos2019/train_images/train_images/96d48b073f18.png,1.0,12.589281,0.9996536
data/raw/aptos2019/aptos2019/train_images/train_images/96ea316ed0ab.png,0.0,-5.3219867,0.033305988
data/raw/aptos2019/aptos2019/train_images/train_images/971bb98ab935.png,0.0,-3.523642,0.0970869
data/raw/aptos2019/aptos2019/train_images/train_images/973b0facfa9b.png,0.0,-5.6630034,0.027015299
data/raw/aptos2019/aptos2019/train_images/train_images/974c7d7b9c64.png,0.0,-5.053898,0.039223034
data/raw/aptos2019/aptos2019/train_images/train_images/975252e325e3.png,1.0,9.465227,0.99750334
data/raw/aptos2019/aptos2019/train_images/train_images/976082127e2a.png,0.0,-1.5077012,0.27804413
data/raw/aptos2019/aptos2019/train_images/train_images/977e1ca77653.png,0.0,9.84222,0.9980323
data/raw/aptos2019/aptos2019/train_images/train_images/9782c0489eca.png,0.0,12.508286,0.99963534
data/raw/aptos2019/aptos2019/train_images/train_images/9785805af1b8.png,1.0,12.515906,0.9996371
data/raw/aptos2019/aptos2019/train_images/train_images/97a235367f9d.png,0.0,-0.9466577,0.3545463
data/raw/aptos2019/aptos2019/train_images/train_images/97a5ad7548b7.png,1.0,11.079327,0.9990996
data/raw/aptos2019/aptos2019/train_images/train_images/97bf61736b86.png,1.0,11.527131,0.9993217
data/raw/aptos2019/aptos2019/train_images/train_images/97c6cb55866d.png,0.0,1.7131675,0.74729145
data/raw/aptos2019/aptos2019/train_images/train_images/97d02a9b94f7.png,0.0,-6.692536,0.014265697
data/raw/aptos2019/aptos2019/train_images/train_images/97da093947e8.png,1.0,9.577892,0.99767476
data/raw/aptos2019/aptos2019/train_images/train_images/97f290d31813.png,0.0,-2.0095167,0.21895441
data/raw/aptos2019/aptos2019/train_images/train_images/97fdee242fea.png,0.0,-1.2372696,0.31366608
data/raw/aptos2019/aptos2019/train_images/train_images/98277aeb96a7.png,0.0,-0.38212562,0.43983367
data/raw/aptos2019/aptos2019/train_images/train_images/9837048b85dc.png,1.0,12.891876,0.99971384
data/raw/aptos2019/aptos2019/train_images/train_images/983c98354e9c.png,0.0,-1.3112904,0.30367023
data/raw/aptos2019/aptos2019/train_images/train_images/98441214557f.png,0.0,-5.1932573,0.036031146
data/raw/aptos2019/aptos2019/train_images/train_images/9858cc2ae073.png,0.0,-6.1141486,0.02044254
data/raw/aptos2019/aptos2019/train_images/train_images/9859e2a6cc24.png,1.0,12.028921,0.9995061
data/raw/aptos2019/aptos2019/train_images/train_images/9870ce41cac4.png,0.0,-6.3367214,0.017804421
data/raw/aptos2019/aptos2019/train_images/train_images/9878db94d9f3.png,1.0,12.911875,0.99971753
data/raw/aptos2019/aptos2019/train_images/train_images/98d41bce73a8.png,0.0,-2.501315,0.17036876
data/raw/aptos2019/aptos2019/train_images/train_images/98e44127872f.png,0.0,-3.1943283,0.11695304
data/raw/aptos2019/aptos2019/train_images/train_images/98e8adcf085c.png,1.0,10.857412,0.9989641
data/raw/aptos2019/aptos2019/train_images/train_images/98f48850ebce.png,1.0,12.114053,0.9995321
data/raw/aptos2019/aptos2019/train_images/train_images/98fbe56dcc2c.png,0.0,11.883675,0.9994586
data/raw/aptos2019/aptos2019/train_images/train_images/9904939ab83d.png,1.0,12.252842,0.9995714
data/raw/aptos2019/aptos2019/train_images/train_images/9910c827e2fe.png,0.0,-5.1470284,0.03706124
data/raw/aptos2019/aptos2019/train_images/train_images/99132193eaa0.png,0.0,8.971077,0.9965898
data/raw/aptos2019/aptos2019/train_images/train_images/991a0b7a8c87.png,0.0,-6.6122127,0.014998473
data/raw/aptos2019/aptos2019/train_images/train_images/99240ee00485.png,0.0,-4.158361,0.06712487
data/raw/aptos2019/aptos2019/train_images/train_images/992599744a23.png,0.0,-3.8587525,0.080018006
data/raw/aptos2019/aptos2019/train_images/train_images/992b9a07b25f.png,0.0,2.4049351,0.82083577
data/raw/aptos2019/aptos2019/train_images/train_images/996f57c86ba5.png,1.0,12.695841,0.9996761
data/raw/aptos2019/aptos2019/train_images/train_images/996f9bba4ef0.png,0.0,-6.482244,0.016263401
data/raw/aptos2019/aptos2019/train_images/train_images/9985375d709f.png,0.0,-2.6739779,0.15547495
data/raw/aptos2019/aptos2019/train_images/train_images/999115d9386b.png,1.0,12.546461,0.99964404
data/raw/aptos2019/aptos2019/train_images/train_images/999ad827ed35.png,0.0,-2.6062343,0.16118778
data/raw/aptos2019/aptos2019/train_images/train_images/99c626e58464.png,0.0,-4.3818536,0.058791954
data/raw/aptos2019/aptos2019/train_images/train_images/99c6a123ed6a.png,0.0,-5.0628824,0.039009307
data/raw/aptos2019/aptos2019/train_images/train_images/99e8bf998285.png,1.0,8.858539,0.99633896
data/raw/aptos2019/aptos2019/train_images/train_images/99ecdb41d5e7.png,0.0,9.297034,0.99722373
data/raw/aptos2019/aptos2019/train_images/train_images/9a1029536d78.png,0.0,-4.146442,0.06759877
data/raw/aptos2019/aptos2019/train_images/train_images/9a159d4674cd.png,0.0,-5.8288345,0.024389394
data/raw/aptos2019/aptos2019/train_images/train_images/9a28d4e8aef0.png,1.0,12.515493,0.999637
data/raw/aptos2019/aptos2019/train_images/train_images/9a3109657ac1.png,0.0,3.4492497,0.898707
data/raw/aptos2019/aptos2019/train_images/train_images/9a326446c431.png,0.0,-5.3797936,0.032147996
data/raw/aptos2019/aptos2019/train_images/train_images/9a496b1e20f9.png,1.0,6.949015,0.9878457
data/raw/aptos2019/aptos2019/train_images/train_images/9a4f370d341b.png,1.0,11.312893,0.99922323
data/raw/aptos2019/aptos2019/train_images/train_images/9a56cfb980ec.png,0.0,-3.5161002,0.097506106
data/raw/aptos2019/aptos2019/train_images/train_images/9a78c6a7b1c2.png,1.0,9.181876,0.9970144
data/raw/aptos2019/aptos2019/train_images/train_images/9a7bd084395e.png,1.0,12.727684,0.99968266
data/raw/aptos2019/aptos2019/train_images/train_images/9a94e0316ee3.png,1.0,12.72641,0.9996823
data/raw/aptos2019/aptos2019/train_images/train_images/9a9b21215c55.png,1.0,9.397502,0.9973942
data/raw/aptos2019/aptos2019/train_images/train_images/9ab18a4a957f.png,0.0,-3.0899115,0.12395236
data/raw/aptos2019/aptos2019/train_images/train_images/9ac2e3e9fca5.png,0.0,-6.643764,0.014706315
data/raw/aptos2019/aptos2019/train_images/train_images/9ac41b9a809e.png,0.0,-4.700573,0.048574235
data/raw/aptos2019/aptos2019/train_images/train_images/9ad92f1c1542.png,1.0,11.34222,0.99923754
data/raw/aptos2019/aptos2019/train_images/train_images/9ae54843c69a.png,0.0,-4.4837255,0.055324208
data/raw/aptos2019/aptos2019/train_images/train_images/9b093fe95d6b.png,1.0,12.155745,0.9995442
data/raw/aptos2019/aptos2019/train_images/train_images/9b0eb9f41da4.png,1.0,12.1452675,0.99954116
data/raw/aptos2019/aptos2019/train_images/train_images/9b32e8ef0ca0.png,1.0,12.345774,0.9995958
data/raw/aptos2019/aptos2019/train_images/train_images/9b418ce42c13.png,1.0,12.159714,0.9995454
data/raw/aptos2019/aptos2019/train_images/train_images/9b4fc15df3c8.png,0.0,-1.9390167,0.22668022
data/raw/aptos2019/aptos2019/train_images/train_images/9b57e43b44e7.png,0.0,-6.0088053,0.021821124
data/raw/aptos2019/aptos2019/train_images/train_images/9b70f84400af.png,0.0,-5.540428,0.029130947
data/raw/aptos2019/aptos2019/train_images/train_images/9b7b6e4db1d5.png,1.0,11.635038,0.99936646
data/raw/aptos2019/aptos2019/train_images/train_images/9b95d6203406.png,1.0,11.853555,0.99944824
data/raw/aptos2019/aptos2019/train_images/train_images/9ba469af2980.png,0.0,-5.520522,0.029489372
data/raw/aptos2019/aptos2019/train_images/train_images/9bafbbd152d2.png,1.0,12.429678,0.99961674
data/raw/aptos2019/aptos2019/train_images/train_images/9bbb6c455913.png,0.0,-1.800027,0.2424692
data/raw/aptos2019/aptos2019/train_images/train_images/9bd008aab548.png,0.0,-7.337518,0.00953013
data/raw/aptos2019/aptos2019/train_images/train_images/9be0683649ff.png,0.0,-3.602308,0.09280934
data/raw/aptos2019/aptos2019/train_images/train_images/9be71d6d7e59.png,0.0,4.3089294,0.93860155
data/raw/aptos2019/aptos2019/train_images/train_images/9c088d2d1559.png,1.0,9.614662,0.99772817
data/raw/aptos2019/aptos2019/train_images/train_images/9c14ce27cbfc.png,0.0,-4.9896994,0.040783126
data/raw/aptos2019/aptos2019/train_images/train_images/9c514d2d5b3f.png,0.0,-4.0198994,0.072824664
data/raw/aptos2019/aptos2019/train_images/train_images/9c5dd3612f0c.png,1.0,12.883259,0.9997123
data/raw/aptos2019/aptos2019/train_images/train_images/9c6512166557.png,0.0,-4.0097547,0.07325935
data/raw/aptos2019/aptos2019/train_images/train_images/9c72ed6befa0.png,1.0,10.238863,0.99846834
data/raw/aptos2019/aptos2019/train_images/train_images/9c893e16c055.png,0.0,-6.495236,0.01613238
data/raw/aptos2019/aptos2019/train_images/train_images/9cc6b1f9bcbd.png,1.0,9.279377,0.99719256
data/raw/aptos2019/aptos2019/train_images/train_images/9ce46d400cd6.png,0.0,-1.6411934,0.2614071
data/raw/aptos2019/aptos2019/train_images/train_images/9cedf5c7016b.png,1.0,11.633644,0.99936587
data/raw/aptos2019/aptos2019/train_images/train_images/9cf7c1349673.png,0.0,-3.6110246,0.0923459
data/raw/aptos2019/aptos2019/train_images/train_images/9d1feed37610.png,0.0,-4.834874,0.04479352
data/raw/aptos2019/aptos2019/train_images/train_images/9d62478042b6.png,0.0,-3.3642795,0.10629442
data/raw/aptos2019/aptos2019/train_images/train_images/9d74428188bb.png,1.0,11.478006,0.99930024
data/raw/aptos2019/aptos2019/train_images/train_images/9d75de31f1b8.png,0.0,-6.061854,0.021115903
data/raw/aptos2019/aptos2019/train_images/train_images/9d98a0b585f2.png,1.0,12.367203,0.9996013
data/raw/aptos2019/aptos2019/train_images/train_images/9d9bfefa809c.png,1.0,11.764679,0.99941635
data/raw/aptos2019/aptos2019/train_images/train_images/9da74370835a.png,1.0,12.144669,0.99954104
data/raw/aptos2019/aptos2019/train_images/train_images/9dab2e6ba44b.png,1.0,12.183943,0.9995523
data/raw/aptos2019/aptos2019/train_images/train_images/9de9421f17e3.png,0.0,-4.0373826,0.07208109
data/raw/aptos2019/aptos2019/train_images/train_images/9df31421cdd2.png,1.0,12.248629,0.9995702
data/raw/aptos2019/aptos2019/train_images/train_images/9e2058917304.png,0.0,-2.3831725,0.18119876
data/raw/aptos2019/aptos2019/train_images/train_images/9e2a8135f471.png,0.0,-6.8392787,0.013016973
data/raw/aptos2019/aptos2019/train_images/train_images/9e2ba2b979f1.png,0.0,-6.0674186,0.021043226
data/raw/aptos2019/aptos2019/train_images/train_images/9e3510963315.png,1.0,12.67981,0.9996729
data/raw/aptos2019/aptos2019/train_images/train_images/9e5737f771c3.png,0.0,-3.1573355,0.11939264
data/raw/aptos2019/aptos2019/train_images/train_images/9e5ec293267c.png,1.0,12.871031,0.99971014
data/raw/aptos2019/aptos2019/train_images/train_images/9e7a63b2fc6a.png,0.0,-3.598468,0.09301414
data/raw/aptos2019/aptos2019/train_images/train_images/9e99ae6ee7af.png,0.0,-3.6932158,0.08807744
data/raw/aptos2019/aptos2019/train_images/train_images/9eaac43744f5.png,1.0,10.629653,0.9988036
data/raw/aptos2019/aptos2019/train_images/train_images/9eaf735cf01f.png,0.0,11.433102,0.99928015
data/raw/aptos2019/aptos2019/train_images/train_images/9ed666e982cd.png,0.0,11.476351,0.9992995
data/raw/aptos2019/aptos2019/train_images/train_images/9ed6c2b25767.png,0.0,-0.24993557,0.46053782
data/raw/aptos2019/aptos2019/train_images/train_images/9f1b14dfa14c.png,0.0,-5.5121284,0.029641785
data/raw/aptos2019/aptos2019/train_images/train_images/9f1efb799b7b.png,1.0,12.091325,0.9995253
data/raw/aptos2019/aptos2019/train_images/train_images/9f285b3e57ed.png,0.0,-0.52463925,0.41774672
data/raw/aptos2019/aptos2019/train_images/train_images/9f37c98b8187.png,1.0,12.657181,0.9996681
data/raw/aptos2019/aptos2019/train_images/train_images/9f436886e056.png,1.0,11.66948,0.9993801
data/raw/aptos2019/aptos2019/train_images/train_images/9f5a8665cf2e.png,1.0,12.254748,0.99957186
data/raw/aptos2019/aptos2019/train_images/train_images/9f8112c710be.png,0.0,-1.8081213,0.24152954
data/raw/aptos2019/aptos2019/train_images/train_images/9f935fb38440.png,0.0,-0.16388491,0.4740936
data/raw/aptos2019/aptos2019/train_images/train_images/9fa02dfb5553.png,0.0,-5.7393003,0.025774647
data/raw/aptos2019/aptos2019/train_images/train_images/9faad91b6578.png,1.0,12.320118,0.99958926
data/raw/aptos2019/aptos2019/train_images/train_images/9fab29e69a6b.png,1.0,9.162651,0.99697804
data/raw/aptos2019/aptos2019/train_images/train_images/9fefe2b44795.png,1.0,13.076227,0.9997454
data/raw/aptos2019/aptos2019/train_images/train_images/a00b4cb250a7.png,0.0,9.723956,0.9978796
data/raw/aptos2019/aptos2019/train_images/train_images/a01024054596.png,0.0,3.7665915,0.9155818
data/raw/aptos2019/aptos2019/train_images/train_images/a015ce4f51ad.png,1.0,12.486428,0.9996302
data/raw/aptos2019/aptos2019/train_images/train_images/a01c590c444f.png,1.0,12.649798,0.9996666
data/raw/aptos2019/aptos2019/train_images/train_images/a0267206d51e.png,1.0,12.322273,0.99958986
data/raw/aptos2019/aptos2019/train_images/train_images/a02dfd67a925.png,0.0,-1.4568465,0.28455064
data/raw/aptos2019/aptos2019/train_images/train_images/a0445785e2f7.png,0.0,0.8376582,0.62951386
data/raw/aptos2019/aptos2019/train_images/train_images/a04fb36db784.png,1.0,11.409553,0.9992693
data/raw/aptos2019/aptos2019/train_images/train_images/a06a63d866b2.png,0.0,-5.082083,0.038556322
data/raw/aptos2019/aptos2019/train_images/train_images/a06b353e7bed.png,0.0,-3.0173197,0.12902784
data/raw/aptos2019/aptos2019/train_images/train_images/a06e41bd2634.png,1.0,10.393079,0.9986106
data/raw/aptos2019/aptos2019/train_images/train_images/a06e5ac695ce.png,0.0,-5.9873805,0.02211243
data/raw/aptos2019/aptos2019/train_images/train_images/a07d571bf7ba.png,0.0,-2.9861019,0.13126445
data/raw/aptos2019/aptos2019/train_images/train_images/a07d9a5045cb.png,0.0,-7.1368384,0.010806774
data/raw/aptos2019/aptos2019/train_images/train_images/a07efb1ecfc0.png,0.0,-6.195869,0.019432174
data/raw/aptos2019/aptos2019/train_images/train_images/a08a0133754a.png,0.0,-2.6262176,0.15948516
data/raw/aptos2019/aptos2019/train_images/train_images/a0a0cd8af5a6.png,1.0,11.478517,0.9993005
data/raw/aptos2019/aptos2019/train_images/train_images/a0adbe677508.png,0.0,-7.010668,0.01169458
data/raw/aptos2019/aptos2019/train_images/train_images/a0b7ad98df57.png,0.0,-5.2327356,0.035173338
data/raw/aptos2019/aptos2019/train_images/train_images/a0cd7bffdaa0.png,1.0,12.695841,0.9996761
data/raw/aptos2019/aptos2019/train_images/train_images/a0d04a19cf40.png,1.0,12.63726,0.99966395
data/raw/aptos2019/aptos2019/train_images/train_images/a0e635689259.png,0.0,-5.602169,0.028045937
data/raw/aptos2019/aptos2019/train_images/train_images/a0fd94e2ad76.png,0.0,-5.6392097,0.02741394
data/raw/aptos2019/aptos2019/train_images/train_images/a11bf2edd470.png,1.0,11.431883,0.99927956
data/raw/aptos2019/aptos2019/train_images/train_images/a11c62cb3f86.png,0.0,-5.7653823,0.02536339
data/raw/aptos2019/aptos2019/train_images/train_images/a125377fb985.png,1.0,11.641728,0.9993691
data/raw/aptos2019/aptos2019/train_images/train_images/a12ca80bb8c7.png,0.0,-7.480537,0.008712603
data/raw/aptos2019/aptos2019/train_images/train_images/a14bbd9a583e.png,1.0,12.265701,0.99957484
data/raw/aptos2019/aptos2019/train_images/train_images/a14fcf84bfe1.png,1.0,12.81352,0.99969935
data/raw/aptos2019/aptos2019/train_images/train_images/a150ff5dfe07.png,1.0,12.01046,0.9995004
data/raw/aptos2019/aptos2019/train_images/train_images/a15470303941.png,1.0,12.76688,0.9996904
data/raw/aptos2019/aptos2019/train_images/train_images/a15590a7d774.png,1.0,7.4674325,0.99121547
data/raw/aptos2019/aptos2019/train_images/train_images/a1822dd8d05d.png,0.0,-3.757736,0.084852435
data/raw/aptos2019/aptos2019/train_images/train_images/a182b5b191de.png,1.0,12.456307,0.9996232
data/raw/aptos2019/aptos2019/train_images/train_images/a1872f9c0cba.png,0.0,-5.9123907,0.023162272
data/raw/aptos2019/aptos2019/train_images/train_images/a188c60b93fb.png,0.0,-6.8285866,0.013104197
data/raw/aptos2019/aptos2019/train_images/train_images/a19ecd0a706e.png,0.0,5.3216333,0.9666868
data/raw/aptos2019/aptos2019/train_images/train_images/a1b28bcbce00.png,0.0,-2.0211632,0.21769652
data/raw/aptos2019/aptos2019/train_images/train_images/a1e236fbc863.png,0.0,0.05404372,0.50854987
data/raw/aptos2019/aptos2019/train_images/train_images/a1eb88562239.png,0.0,-3.5566065,0.0952734
data/raw/aptos2019/aptos2019/train_images/train_images/a1edf0e66592.png,0.0,-4.187822,0.06596672
data/raw/aptos2019/aptos2019/train_images/train_images/a1faeb4d5f10.png,0.0,-6.126508,0.020286493
data/raw/aptos2019/aptos2019/train_images/train_images/a2163f0c2af5.png,0.0,-6.372298,0.017414933
data/raw/aptos2019/aptos2019/train_images/train_images/a21b37719f9b.png,1.0,12.134573,0.99953806
data/raw/aptos2019/aptos2019/train_images/train_images/a247961a5cd9.png,0.0,-1.1088173,0.33142632
data/raw/aptos2019/aptos2019/train_images/train_images/a2696f444ecb.png,0.0,8.524512,0.995481
data/raw/aptos2019/aptos2019/train_images/train_images/a26f50218b84.png,0.0,-1.9282436,0.22787759
data/raw/aptos2019/aptos2019/train_images/train_images/a2811f512c1c.png,0.0,-4.250903,0.0635491
data/raw/aptos2019/aptos2019/train_images/train_images/a28bfb772f50.png,0.0,12.353271,0.9995977
data/raw/aptos2019/aptos2019/train_images/train_images/a2ad3da4c7d6.png,1.0,12.316112,0.9995882
data/raw/aptos2019/aptos2019/train_images/train_images/a2b97d98f130.png,0.0,-1.7069968,0.25344676
data/raw/aptos2019/aptos2019/train_images/train_images/a2b995b81692.png,0.0,1.7012347,0.7458626
data/raw/aptos2019/aptos2019/train_images/train_images/a2d349f567a6.png,1.0,11.643357,0.9993698
data/raw/aptos2019/aptos2019/train_images/train_images/a2ddabee14e9.png,1.0,9.168022,0.99698824
data/raw/aptos2019/aptos2019/train_images/train_images/a2dff8dbc9f8.png,0.0,-1.2638758,0.31005257
data/raw/aptos2019/aptos2019/train_images/train_images/a30a143a53a3.png,0.0,-5.5895023,0.028265294
data/raw/aptos2019/aptos2019/train_images/train_images/a3132c8828e4.png,0.0,-3.924491,0.077008344
data/raw/aptos2019/aptos2019/train_images/train_images/a32886cb31ab.png,0.0,7.6922235,0.99237156
data/raw/aptos2019/aptos2019/train_images/train_images/a32b5ce3d48a.png,1.0,11.678298,0.99938345
data/raw/aptos2019/aptos2019/train_images/train_images/a3475dc3ac80.png,1.0,10.364417,0.9985852
data/raw/aptos2019/aptos2019/train_images/train_images/a34fc5376669.png,0.0,-3.2685905,0.112185955
data/raw/aptos2019/aptos2019/train_images/train_images/a3706ce27869.png,1.0,11.56915,0.9993394
data/raw/aptos2019/aptos2019/train_images/train_images/a3802934bad7.png,1.0,9.635648,0.9977581
data/raw/aptos2019/aptos2019/train_images/train_images/a384e688e228.png,0.0,-1.7312492,0.2505536
data/raw/aptos2019/aptos2019/train_images/train_images/a386ec9aabde.png,1.0,12.929644,0.99972063
data/raw/aptos2019/aptos2019/train_images/train_images/a3957df90a78.png,1.0,12.167518,0.99954754
data/raw/aptos2019/aptos2019/train_images/train_images/a3ad6c2db6f1.png,0.0,10.690976,0.99884903
data/raw/aptos2019/aptos2019/train_images/train_images/a3bd2e034614.png,0.0,-7.1014166,0.011049064
data/raw/aptos2019/aptos2019/train_images/train_images/a3d2a0c4cd17.png,0.0,10.522839,0.99872005
data/raw/aptos2019/aptos2019/train_images/train_images/a3fcf42ff56d.png,1.0,12.332458,0.9995925
data/raw/aptos2019/aptos2019/train_images/train_images/a419fcb2dfb5.png,0.0,3.3500342,0.8928461
data/raw/aptos2019/aptos2019/train_images/train_images/a4359815f152.png,1.0,12.382397,0.9996051
data/raw/aptos2019/aptos2019/train_images/train_images/a44345b27804.png,0.0,-4.507405,0.054546185
data/raw/aptos2019/aptos2019/train_images/train_images/a443c4fd489c.png,0.0,1.0795609,0.6644582
data/raw/aptos2019/aptos2019/train_images/train_images/a45c30da0c72.png,0.0,-3.6722193,0.08915061
data/raw/aptos2019/aptos2019/train_images/train_images/a45d77edf8d9.png,1.0,1.5098525,0.7222291
data/raw/aptos2019/aptos2019/train_images/train_images/a476fd984005.png,1.0,12.551418,0.9996451
data/raw/aptos2019/aptos2019/train_images/train_images/a47878630dc2.png,1.0,10.6468525,0.9988165
data/raw/aptos2019/aptos2019/train_images/train_images/a484bdf85b4c.png,0.0,-5.3284016,0.033175524
data/raw/aptos2019/aptos2019/train_images/train_images/a49b0b4484ea.png,1.0,10.090775,0.9983182
data/raw/aptos2019/aptos2019/train_images/train_images/a4b8de38eac1.png,1.0,10.939939,0.99901664
data/raw/aptos2019/aptos2019/train_images/train_images/a4d41c495666.png,1.0,12.511867,0.9996362
data/raw/aptos2019/aptos2019/train_images/train_images/a4d4b69f7404.png,1.0,11.151719,0.9991399
data/raw/aptos2019/aptos2019/train_images/train_images/a4ee03ecff60.png,0.0,-3.250675,0.11332023
data/raw/aptos2019/aptos2019/train_images/train_images/a505981d1cab.png,1.0,11.289947,0.9992119
data/raw/aptos2019/aptos2019/train_images/train_images/a528be013a04.png,0.0,0.49075103,0.5770277
data/raw/aptos2019/aptos2019/train_images/train_images/a53d6d2472a6.png,0.0,-3.0970743,0.12346094
data/raw/aptos2019/aptos2019/train_images/train_images/a56729de89e9.png,1.0,12.587776,0.9996532
data/raw/aptos2019/aptos2019/train_images/train_images/a5a2a7003d60.png,0.0,9.315553,0.997256
data/raw/aptos2019/aptos2019/train_images/train_images/a5bb85afc6e8.png,0.0,-2.6901245,0.1541379
data/raw/aptos2019/aptos2019/train_images/train_images/a5c9a8c726b2.png,1.0,12.641704,0.9996649
data/raw/aptos2019/aptos2019/train_images/train_images/a61723fc38c2.png,0.0,-7.591877,0.008124624
data/raw/aptos2019/aptos2019/train_images/train_images/a627eb8c08c5.png,0.0,-3.3725584,0.105797715
data/raw/aptos2019/aptos2019/train_images/train_images/a62e995f167c.png,0.0,-4.2492223,0.063612446
data/raw/aptos2019/aptos2019/train_images/train_images/a62ea0043aa7.png,1.0,11.382595,0.9992568
data/raw/aptos2019/aptos2019/train_images/train_images/a6356a3c5d11.png,0.0,-5.85916,0.023936868
data/raw/aptos2019/aptos2019/train_images/train_images/a64273801bde.png,1.0,11.773771,0.9994197
data/raw/aptos2019/aptos2019/train_images/train_images/a646c084928c.png,0.0,-2.0107172,0.21882452
data/raw/aptos2019/aptos2019/train_images/train_images/a654b25124c3.png,0.0,-3.2137291,0.11569095
data/raw/aptos2019/aptos2019/train_images/train_images/a664d2055886.png,1.0,12.516592,0.99963725
data/raw/aptos2019/aptos2019/train_images/train_images/a66c3165876f.png,1.0,12.362559,0.9996001
data/raw/aptos2019/aptos2019/train_images/train_images/a673193cd5a9.png,0.0,-6.130901,0.020231312
data/raw/aptos2019/aptos2019/train_images/train_images/a6731dd737af.png,0.0,-4.615252,0.051131427
data/raw/aptos2019/aptos2019/train_images/train_images/a688f20f8895.png,1.0,9.616398,0.9977307
data/raw/aptos2019/aptos2019/train_images/train_images/a6b6d27c1b32.png,0.0,-7.274789,0.009912257
data/raw/aptos2019/aptos2019/train_images/train_images/a6c9e96a10d7.png,1.0,10.629221,0.99880326
data/raw/aptos2019/aptos2019/train_images/train_images/a6d45de20e4d.png,1.0,12.158198,0.9995449
data/raw/aptos2019/aptos2019/train_images/train_images/a70d0f12a641.png,0.0,-4.417307,0.057562575
data/raw/aptos2019/aptos2019/train_images/train_images/a721efb1e049.png,1.0,9.543962,0.99762434
data/raw/aptos2019/aptos2019/train_images/train_images/a73c3d516c59.png,0.0,-3.8841832,0.07884119
data/raw/aptos2019/aptos2019/train_images/train_images/a73d012c4c38.png,0.0,-3.9564974,0.075580865
data/raw/aptos2019/aptos2019/train_images/train_images/a75bab2463d4.png,0.0,12.253693,0.9995716
data/raw/aptos2019/aptos2019/train_images/train_images/a76132e79688.png,0.0,-6.8768196,0.012715241
data/raw/aptos2019/aptos2019/train_images/train_images/a763661f98a5.png,1.0,12.565343,0.9996482
data/raw/aptos2019/aptos2019/train_images/train_images/a7673ac44509.png,0.0,-5.579527,0.028439207
data/raw/aptos2019/aptos2019/train_images/train_images/a76b69e443ce.png,1.0,6.6495824,0.9853469
data/raw/aptos2019/aptos2019/train_images/train_images/a77dbec966d4.png,0.0,8.641409,0.99580187
data/raw/aptos2019/aptos2019/train_images/train_images/a77eb914b383.png,0.0,-1.6490923,0.2604431
data/raw/aptos2019/aptos2019/train_images/train_images/a790a3b36390.png,1.0,11.441433,0.99928397
data/raw/aptos2019/aptos2019/train_images/train_images/a7b03e58a6e1.png,0.0,-5.241222,0.034991536
data/raw/aptos2019/aptos2019/train_images/train_images/a7b7dc8788b9.png,1.0,12.276243,0.9995777
data/raw/aptos2019/aptos2019/train_images/train_images/a7c10ca6c117.png,0.0,-7.941912,0.0065207356
data/raw/aptos2019/aptos2019/train_images/train_images/a7ec056502e7.png,0.0,8.791946,0.99618196
data/raw/aptos2019/aptos2019/train_images/train_images/a804cef3e51f.png,1.0,4.6833224,0.9509187
data/raw/aptos2019/aptos2019/train_images/train_images/a80dab8eddf4.png,1.0,11.371327,0.9992514
data/raw/aptos2019/aptos2019/train_images/train_images/a81b06f50612.png,1.0,10.943562,0.9990189
data/raw/aptos2019/aptos2019/train_images/train_images/a821b6ecef33.png,0.0,-6.681549,0.014363806
data/raw/aptos2019/aptos2019/train_images/train_images/a8263d248523.png,0.0,-3.5572712,0.095237136
data/raw/aptos2019/aptos2019/train_images/train_images/a82a12ad3fb1.png,0.0,-3.2179892,0.115415394
data/raw/aptos2019/aptos2019/train_images/train_images/a85cda5f725d.png,0.0,-4.707282,0.048378393
data/raw/aptos2019/aptos2019/train_images/train_images/a86128b601a7.png,0.0,-7.7188687,0.0075019062
data/raw/aptos2019/aptos2019/train_images/train_images/a8652b2de23f.png,1.0,12.473316,0.9996271
data/raw/aptos2019/aptos2019/train_images/train_images/a86c6283fd78.png,1.0,10.408005,0.9986237
data/raw/aptos2019/aptos2019/train_images/train_images/a879c3569552.png,1.0,12.2716875,0.9995765
data/raw/aptos2019/aptos2019/train_images/train_images/a87f53bc984a.png,1.0,12.365275,0.9996008
data/raw/aptos2019/aptos2019/train_images/train_images/a88365134c3c.png,0.0,-5.7381964,0.025792195
data/raw/aptos2019/aptos2019/train_images/train_images/a8854768549f.png,0.0,-4.417997,0.057538897
data/raw/aptos2019/aptos2019/train_images/train_images/a88f68b0b114.png,1.0,11.967178,0.99948645
data/raw/aptos2019/aptos2019/train_images/train_images/a8a6588c8eb7.png,0.0,-5.334271,0.033056587
data/raw/aptos2019/aptos2019/train_images/train_images/a8aed92940fb.png,0.0,-2.5609589,0.16509965
data/raw/aptos2019/aptos2019/train_images/train_images/a8b3c0961d42.png,0.0,-2.9129498,0.13663447
data/raw/aptos2019/aptos2019/train_images/train_images/a8b637abd96b.png,0.0,-1.4468518,0.28584012
data/raw/aptos2019/aptos2019/train_images/train_images/a8c54e2a4b79.png,0.0,-2.682337,0.15478158
data/raw/aptos2019/aptos2019/train_images/train_images/a8c950a99107.png,0.0,10.346472,0.998569
data/raw/aptos2019/aptos2019/train_images/train_images/a8c9fcdbc0be.png,0.0,-5.9355316,0.022833215
data/raw/aptos2019/aptos2019/train_images/train_images/a8dea22ef903.png,0.0,-4.494905,0.054955587
data/raw/aptos2019/aptos2019/train_images/train_images/a8e08e7fe016.png,1.0,12.4115715,0.9996124
data/raw/aptos2019/aptos2019/train_images/train_images/a8eb35b3bcd2.png,1.0,11.752405,0.9994118
data/raw/aptos2019/aptos2019/train_images/train_images/a93f1ea3ff4a.png,1.0,7.070227,0.9887332
data/raw/aptos2019/aptos2019/train_images/train_images/a94da3d3b5c0.png,0.0,-6.4095616,0.017015941
data/raw/aptos2019/aptos2019/train_images/train_images/a95858e052d6.png,0.0,2.314046,0.81221974
data/raw/aptos2019/aptos2019/train_images/train_images/a95d9d61ddd4.png,0.0,-6.2863927,0.018370068
data/raw/aptos2019/aptos2019/train_images/train_images/a963ac561580.png,0.0,-5.386909,0.03200817
data/raw/aptos2019/aptos2019/train_images/train_images/a96ff96bbae5.png,0.0,-2.7440298,0.14974228
data/raw/aptos2019/aptos2019/train_images/train_images/a987aa7aac37.png,0.0,-5.23346,0.035157785
data/raw/aptos2019/aptos2019/train_images/train_images/a9a28c37c8c4.png,1.0,12.107846,0.9995302
data/raw/aptos2019/aptos2019/train_images/train_images/a9a3225cf4b5.png,0.0,-2.579602,0.16347972
data/raw/aptos2019/aptos2019/train_images/train_images/a9b3177f01c0.png,0.0,-5.8208222,0.024510339
data/raw/aptos2019/aptos2019/train_images/train_images/a9bc2f892cb3.png,0.0,-4.1539636,0.06729935
data/raw/aptos2019/aptos2019/train_images/train_images/a9c7b83caf81.png,1.0,12.104826,0.99952936
data/raw/aptos2019/aptos2019/train_images/train_images/a9d0c900b6a9.png,1.0,11.056564,0.9990866
data/raw/aptos2019/aptos2019/train_images/train_images/a9dc80cba9a4.png,0.0,-5.0774603,0.03866492
data/raw/aptos2019/aptos2019/train_images/train_images/a9e3d186cd1b.png,0.0,-2.7134678,0.15222158
data/raw/aptos2019/aptos2019/train_images/train_images/aa0afc41ed19.png,1.0,10.173563,0.99840385
data/raw/aptos2019/aptos2019/train_images/train_images/aa10a4b2e709.png,0.0,-1.1250176,0.3291584
data/raw/aptos2019/aptos2019/train_images/train_images/aa31bc6b8f4d.png,1.0,12.687253,0.99967444
data/raw/aptos2019/aptos2019/train_images/train_images/aa4407aab872.png,0.0,-5.4047513,0.031660154
data/raw/aptos2019/aptos2019/train_images/train_images/aa5ce75edcf5.png,1.0,11.018413,0.99906427
data/raw/aptos2019/aptos2019/train_images/train_images/aa60813e1a8d.png,0.0,-4.935749,0.04213997
data/raw/aptos2019/aptos2019/train_images/train_images/aa6242f9e08c.png,0.0,-6.188952,0.019515762
data/raw/aptos2019/aptos2019/train_images/train_images/aa6673241154.png,1.0,6.806137,0.98671085
data/raw/aptos2019/aptos2019/train_images/train_images/aa841de1ee82.png,1.0,11.928963,0.999474
data/raw/aptos2019/aptos2019/train_images/train_images/aa8a1e814811.png,0.0,-3.7518222,0.08514351
data/raw/aptos2019/aptos2019/train_images/train_images/aa94cc4bfd84.png,0.0,-5.833327,0.02432183
data/raw/aptos2019/aptos2019/train_images/train_images/aa9b8f05f4bf.png,1.0,9.610035,0.9977215
data/raw/aptos2019/aptos2019/train_images/train_images/aa9cfe639ef1.png,1.0,10.745623,0.9988882
data/raw/aptos2019/aptos2019/train_images/train_images/aaaadb174012.png,0.0,-5.5702443,0.028601978
data/raw/aptos2019/aptos2019/train_images/train_images/aabd867043cf.png,0.0,-5.7262487,0.02598287
data/raw/aptos2019/aptos2019/train_images/train_images/aad0c0ee9268.png,1.0,11.448822,0.9992873
data/raw/aptos2019/aptos2019/train_images/train_images/aae8f9f3ef8c.png,1.0,11.763026,0.99941576
data/raw/aptos2019/aptos2019/train_images/train_images/aafb0c944f14.png,0.0,-5.640281,0.027395872
data/raw/aptos2019/aptos2019/train_images/train_images/aafe980edd0c.png,0.0,-4.0815325,0.070234425
data/raw/aptos2019/aptos2019/train_images/train_images/ab03d50bba2f.png,0.0,-5.461128,0.03058439
data/raw/aptos2019/aptos2019/train_images/train_images/ab1c20a94f3f.png,1.0,12.892761,0.9997141
data/raw/aptos2019/aptos2019/train_images/train_images/ab32db41c409.png,0.0,-4.178415,0.0663345
data/raw/aptos2019/aptos2019/train_images/train_images/ab3c505b624f.png,0.0,-6.32026,0.017987529
data/raw/aptos2019/aptos2019/train_images/train_images/ab653b8554c0.png,0.0,-5.6913266,0.026548104
data/raw/aptos2019/aptos2019/train_images/train_images/ab686895533e.png,0.0,-3.7959514,0.08299311
data/raw/aptos2019/aptos2019/train_images/train_images/ab724603ee93.png,0.0,-4.730975,0.04769271
data/raw/aptos2019/aptos2019/train_images/train_images/ab78a66dee6a.png,0.0,-6.135604,0.020172399
data/raw/aptos2019/aptos2019/train_images/train_images/ab7991df166b.png,0.0,0.69890183,0.6088109
data/raw/aptos2019/aptos2019/train_images/train_images/ab88081e5654.png,0.0,-2.2866304,0.1904409
data/raw/aptos2019/aptos2019/train_images/train_images/aba3063c5413.png,1.0,12.49024,0.99963117
data/raw/aptos2019/aptos2019/train_images/train_images/ababe19ed448.png,0.0,10.046485,0.9982704
data/raw/aptos2019/aptos2019/train_images/train_images/abbb8791785e.png,0.0,-6.4328637,0.016771024
data/raw/aptos2019/aptos2019/train_images/train_images/abdb365cacbc.png,0.0,11.9268875,0.9994733
data/raw/aptos2019/aptos2019/train_images/train_images/abe940882578.png,0.0,-2.8445256,0.14182368
data/raw/aptos2019/aptos2019/train_images/train_images/abf09c44d5f4.png,1.0,11.927396,0.9994734
data/raw/aptos2019/aptos2019/train_images/train_images/abf0f56c6f12.png,1.0,7.908935,0.9933427
data/raw/aptos2019/aptos2019/train_images/train_images/ac0a48ccbf70.png,0.0,-3.2533674,0.11314912
data/raw/aptos2019/aptos2019/train_images/train_images/ac1667fac512.png,0.0,2.8536315,0.8588763
data/raw/aptos2019/aptos2019/train_images/train_images/ac17cc18a994.png,0.0,-6.2386546,0.018922873
data/raw/aptos2019/aptos2019/train_images/train_images/ac2c814949f9.png,1.0,11.494398,0.9993075
data/raw/aptos2019/aptos2019/train_images/train_images/ac5b5dddf91b.png,1.0,9.946388,0.99815756
data/raw/aptos2019/aptos2019/train_images/train_images/ac720570dd0f.png,1.0,7.881496,0.9932268
data/raw/aptos2019/aptos2019/train_images/train_images/ac81fc200162.png,0.0,-3.1891317,0.11729311
data/raw/aptos2019/aptos2019/train_images/train_images/aca88f566228.png,1.0,11.534501,0.9993248
data/raw/aptos2019/aptos2019/train_images/train_images/acc9f29538c4.png,1.0,12.049336,0.99951243
data/raw/aptos2019/aptos2019/train_images/train_images/ace2281f00c4.png,0.0,-2.4948933,0.17094396
data/raw/aptos2019/aptos2019/train_images/train_images/ace287a5c991.png,0.0,-5.042136,0.039504506
data/raw/aptos2019/aptos2019/train_images/train_images/acf976efd7ce.png,0.0,-5.2654138,0.03447821
data/raw/aptos2019/aptos2019/train_images/train_images/ad029ba7fa8b.png,0.0,-4.220074,0.06472015
data/raw/aptos2019/aptos2019/train_images/train_images/ad12cde115ab.png,0.0,-4.8897285,0.04333138
data/raw/aptos2019/aptos2019/train_images/train_images/ad1aa75d5630.png,0.0,-4.1796937,0.06628437
data/raw/aptos2019/aptos2019/train_images/train_images/ad1f7445b1a8.png,0.0,10.099445,0.9983273
data/raw/aptos2019/aptos2019/train_images/train_images/ad20080452de.png,0.0,-2.8780336,0.1392622
data/raw/aptos2019/aptos2019/train_images/train_images/ad2f0b9d059c.png,1.0,12.929562,0.99972063
data/raw/aptos2019/aptos2019/train_images/train_images/ad312ca98202.png,0.0,-2.2423348,0.19480044
data/raw/aptos2019/aptos2019/train_images/train_images/ad3fc5076852.png,0.0,10.934199,0.99901307
data/raw/aptos2019/aptos2019/train_images/train_images/ad570b850a4f.png,1.0,11.026606,0.99906915
data/raw/aptos2019/aptos2019/train_images/train_images/ad6b07d5c338.png,0.0,-3.0369098,0.12764093
data/raw/aptos2019/aptos2019/train_images/train_images/ad93d88c87ea.png,0.0,-4.735348,0.047567174
data/raw/aptos2019/aptos2019/train_images/train_images/ad944bd56bb6.png,0.0,-2.4266436,0.1771527
data/raw/aptos2019/aptos2019/train_images/train_images/adb56cecafaf.png,1.0,10.23878,0.99846834
data/raw/aptos2019/aptos2019/train_images/train_images/add1d681d712.png,1.0,1.6817945,0.7435235
data/raw/aptos2019/aptos2019/train_images/train_images/addf66a50f42.png,0.0,-2.5097647,0.16961426
data/raw/aptos2019/aptos2019/train_images/train_images/ae1344610ebe.png,1.0,11.891401,0.99946123
data/raw/aptos2019/aptos2019/train_images/train_images/ae20112e7a1e.png,0.0,-0.6858483,0.39315838
data/raw/aptos2019/aptos2019/train_images/train_images/ae2c3f6312ef.png,0.0,-2.759811,0.14847511
data/raw/aptos2019/aptos2019/train_images/train_images/ae2e888905ba.png,0.0,-1.9304322,0.227634
data/raw/aptos2019/aptos2019/train_images/train_images/ae49cc60f251.png,0.0,-5.9659,0.022408308
data/raw/aptos2019/aptos2019/train_images/train_images/ae57c8630249.png,0.0,-3.8223288,0.08173145
data/raw/aptos2019/aptos2019/train_images/train_images/ae58ccb5905e.png,0.0,-6.8070245,0.013281854
data/raw/aptos2019/aptos2019/train_images/train_images/ae5d31979f19.png,0.0,-0.16385017,0.4740991
data/raw/aptos2019/aptos2019/train_images/train_images/ae61e19fb766.png,0.0,-4.753469,0.047050297
data/raw/aptos2019/aptos2019/train_images/train_images/ae8424cdb029.png,1.0,10.653134,0.9988212
data/raw/aptos2019/aptos2019/train_images/train_images/ae8472f8d310.png,0.0,10.456429,0.9986651
data/raw/aptos2019/aptos2019/train_images/train_images/ae94ce412de9.png,0.0,-3.8110063,0.082270876
data/raw/aptos2019/aptos2019/train_images/train_images/ae975c43bd8b.png,0.0,-2.9547346,0.1335448
data/raw/aptos2019/aptos2019/train_images/train_images/aea59ebec445.png,1.0,12.719517,0.999681
data/raw/aptos2019/aptos2019/train_images/train_images/aeab0a63bcaf.png,0.0,-5.0262904,0.039886784
data/raw/aptos2019/aptos2019/train_images/train_images/aeb6f4fd2eed.png,0.0,-2.9706242,0.13238548
data/raw/aptos2019/aptos2019/train_images/train_images/aebe87a423c8.png,0.0,-3.617007,0.09202905
data/raw/aptos2019/aptos2019/train_images/train_images/aec51513cf45.png,0.0,-6.7699113,0.013593218
data/raw/aptos2019/aptos2019/train_images/train_images/aeccef0bdc26.png,0.0,-3.1221936,0.12175083
data/raw/aptos2019/aptos2019/train_images/train_images/aed4e743c230.png,1.0,11.734975,0.99940526
data/raw/aptos2019/aptos2019/train_images/train_images/aeed1f251ceb.png,1.0,12.426311,0.9996159
data/raw/aptos2019/aptos2019/train_images/train_images/aef9016557ca.png,1.0,12.177819,0.9995505
data/raw/aptos2019/aptos2019/train_images/train_images/af133a85ea0c.png,0.0,9.332281,0.99728477
data/raw/aptos2019/aptos2019/train_images/train_images/af345c68e836.png,0.0,-5.610145,0.027908666
data/raw/aptos2019/aptos2019/train_images/train_images/af3b0115aad1.png,1.0,11.039945,0.99907696
data/raw/aptos2019/aptos2019/train_images/train_images/af5a0bc4e1fa.png,0.0,-0.9368429,0.355969
data/raw/aptos2019/aptos2019/train_images/train_images/af6166d57f13.png,0.0,-3.7811155,0.0837105
data/raw/aptos2019/aptos2019/train_images/train_images/af6a1508cd95.png,0.0,-3.894872,0.078351304
data/raw/aptos2019/aptos2019/train_images/train_images/af7a36454670.png,0.0,-4.2538743,0.06343729
data/raw/aptos2019/aptos2019/train_images/train_images/af828dab3ffc.png,1.0,11.125756,0.99912566
data/raw/aptos2019/aptos2019/train_images/train_images/af831c158744.png,1.0,10.700841,0.9988562
data/raw/aptos2019/aptos2019/train_images/train_images/af87d48ffe01.png,0.0,-6.1092563,0.020504635
data/raw/aptos2019/aptos2019/train_images/train_images/af8aa32beee4.png,1.0,12.634592,0.99966335
data/raw/aptos2019/aptos2019/train_images/train_images/afc345cc9145.png,0.0,-3.933738,0.0765934
data/raw/aptos2019/aptos2019/train_images/train_images/afc744fad65e.png,0.0,-5.1823025,0.036272727
data/raw/aptos2019/aptos2019/train_images/train_images/b019a49787c1.png,1.0,4.558001,0.94708186
data/raw/aptos2019/aptos2019/train_images/train_images/b033ab4fb723.png,1.0,12.073819,0.99951994
data/raw/aptos2019/aptos2019/train_images/train_images/b05922e7abd3.png,0.0,-4.0936503,0.069735266
data/raw/aptos2019/aptos2019/train_images/train_images/b0619ca93a5f.png,0.0,-4.5295095,0.053829215
data/raw/aptos2019/aptos2019/train_images/train_images/b06dabab4f09.png,1.0,11.510164,0.9993144
data/raw/aptos2019/aptos2019/train_images/train_images/b07bc463b718.png,0.0,12.233156,0.999566
data/raw/aptos2019/aptos2019/train_images/train_images/b085caa513a8.png,0.0,-2.8536232,0.14112438
data/raw/aptos2019/aptos2019/train_images/train_images/b086c7cd3868.png,0.0,-2.4416227,0.17577504
data/raw/aptos2019/aptos2019/train_images/train_images/b09101adb478.png,0.0,-1.2269391,0.31507528
data/raw/aptos2019/aptos2019/train_images/train_images/b0acd3593310.png,0.0,-4.6594186,0.049792185
data/raw/aptos2019/aptos2019/train_images/train_images/b0b3b16fc305.png,0.0,-6.873811,0.012739166
data/raw/aptos2019/aptos2019/train_images/train_images/b0c9a492e068.png,0.0,-5.3131638,0.033486243
data/raw/aptos2019/aptos2019/train_images/train_images/b0cc9f8d06e4.png,1.0,11.467294,0.9992955
data/raw/aptos2019/aptos2019/train_images/train_images/b0d35981708b.png,1.0,12.515259,0.9996369
data/raw/aptos2019/aptos2019/train_images/train_images/b0d6417bad3e.png,1.0,11.790703,0.9994259
data/raw/aptos2019/aptos2019/train_images/train_images/b0eeae01b8ab.png,1.0,9.10198,0.99686
data/raw/aptos2019/aptos2019/train_images/train_images/b0f0fa677d5f.png,0.0,-3.8436644,0.08072378
data/raw/aptos2019/aptos2019/train_images/train_images/b0f8613305a3.png,0.0,1.6682703,0.74188787
data/raw/aptos2019/aptos2019/train_images/train_images/b10fca20c885.png,0.0,-6.2447286,0.018851642
data/raw/aptos2019/aptos2019/train_images/train_images/b1197f2cc9b3.png,0.0,6.6664867,0.98550063
data/raw/aptos2019/aptos2019/train_images/train_images/b11dcdcbc8c8.png,0.0,-5.865574,0.023842214
data/raw/aptos2019/aptos2019/train_images/train_images/b13d72ceea26.png,1.0,12.866455,0.9997093
data/raw/aptos2019/aptos2019/train_images/train_images/b16dd4483ca5.png,0.0,-5.331677,0.033109106
data/raw/aptos2019/aptos2019/train_images/train_images/b17f0b81dab3.png,0.0,9.332234,0.99728465
data/raw/aptos2019/aptos2019/train_images/train_images/b191ba0a2b12.png,1.0,12.385397,0.99960583
data/raw/aptos2019/aptos2019/train_images/train_images/b1b3e7d0a5f3.png,1.0,12.732359,0.9996835
data/raw/aptos2019/aptos2019/train_images/train_images/b1c6f0997e27.png,0.0,-2.4911978,0.17127568
data/raw/aptos2019/aptos2019/train_images/train_images/b1f4122fd36a.png,1.0,11.405832,0.99926764
data/raw/aptos2019/aptos2019/train_images/train_images/b200c23b299b.png,0.0,-4.233709,0.064199775
data/raw/aptos2019/aptos2019/train_images/train_images/b21abe5d9722.png,0.0,-3.661255,0.089715675
data/raw/aptos2019/aptos2019/train_images/train_images/b22354b5f94b.png,0.0,10.573014,0.99876
data/raw/aptos2019/aptos2019/train_images/train_images/b22cc1bf0b8a.png,0.0,-2.6899703,0.15415064
data/raw/aptos2019/aptos2019/train_images/train_images/b2748ac28fc1.png,1.0,12.558998,0.9996468
data/raw/aptos2019/aptos2019/train_images/train_images/b294927b14b0.png,0.0,-3.814564,0.08210104
data/raw/aptos2019/aptos2019/train_images/train_images/b2aaa81cc8f0.png,1.0,12.332615,0.9995925
data/raw/aptos2019/aptos2019/train_images/train_images/b2b79b37d314.png,0.0,-2.4078715,0.17889114
data/raw/aptos2019/aptos2019/train_images/train_images/b2b7ccd34cbd.png,0.0,-4.5837884,0.0521062
data/raw/aptos2019/aptos2019/train_images/train_images/b2ffa3e18559.png,1.0,12.400736,0.99960965
data/raw/aptos2019/aptos2019/train_images/train_images/b310bd564329.png,1.0,11.688621,0.9993875
data/raw/aptos2019/aptos2019/train_images/train_images/b351ae99413a.png,0.0,-6.4709105,0.016378554
data/raw/aptos2019/aptos2019/train_images/train_images/b35cad8fe2d7.png,0.0,-4.858918,0.044146925
data/raw/aptos2019/aptos2019/train_images/train_images/b37aae3c8fe1.png,1.0,4.59687,0.9483012
data/raw/aptos2019/aptos2019/train_images/train_images/b3819a805dca.png,1.0,9.341599,0.9973007
data/raw/aptos2019/aptos2019/train_images/train_images/b3a994760537.png,0.0,-1.8639959,0.2351109
data/raw/aptos2019/aptos2019/train_images/train_images/b3c0c3330278.png,1.0,8.316264,0.99484766
data/raw/aptos2019/aptos2019/train_images/train_images/b3d12069e1c5.png,1.0,12.026551,0.9995054
data/raw/aptos2019/aptos2019/train_images/train_images/b3d135bd3bb5.png,1.0,10.8845825,0.99898165
data/raw/aptos2019/aptos2019/train_images/train_images/b3f31c371e59.png,0.0,-7.4251866,0.009020407
data/raw/aptos2019/aptos2019/train_images/train_images/b402b18d99a5.png,1.0,11.943119,0.99947864
data/raw/aptos2019/aptos2019/train_images/train_images/b402daa0864c.png,1.0,12.4655285,0.9996253
data/raw/aptos2019/aptos2019/train_images/train_images/b43440c6ebe4.png,0.0,-2.1067898,0.20860882
data/raw/aptos2019/aptos2019/train_images/train_images/b460ca9fa26f.png,0.0,-5.488511,0.030074736
data/raw/aptos2019/aptos2019/train_images/train_images/b468ebf5cb11.png,1.0,12.569913,0.9996493
data/raw/aptos2019/aptos2019/train_images/train_images/b46b09a45f39.png,0.0,-3.784088,0.08356632
data/raw/aptos2019/aptos2019/train_images/train_images/b498b84d383f.png,1.0,12.65327,0.9996673
data/raw/aptos2019/aptos2019/train_images/train_images/b49b2fac2514.png,1.0,11.7164345,0.99939823
data/raw/aptos2019/aptos2019/train_images/train_images/b4b04d81acbb.png,0.0,-3.1632302,0.119000986
data/raw/aptos2019/aptos2019/train_images/train_images/b4e15102cd7a.png,0.0,-5.955009,0.022559794
data/raw/aptos2019/aptos2019/train_images/train_images/b4f41b5bf0ef.png,0.0,8.648038,0.99581933
data/raw/aptos2019/aptos2019/train_images/train_images/b50b30aa6e6c.png,0.0,8.1277275,0.99419856
data/raw/aptos2019/aptos2019/train_images/train_images/b5204c0decc7.png,0.0,-7.4816766,0.008706375
data/raw/aptos2019/aptos2019/train_images/train_images/b532dedd928c.png,0.0,-5.6464963,0.027291259
data/raw/aptos2019/aptos2019/train_images/train_images/b549af91bd30.png,0.0,-7.9578805,0.0064555914
data/raw/aptos2019/aptos2019/train_images/train_images/b553e7909535.png,0.0,-5.2493844,0.03481752
data/raw/aptos2019/aptos2019/train_images/train_images/b55d2ddb3e75.png,1.0,12.713878,0.9996798
data/raw/aptos2019/aptos2019/train_images/train_images/b56340f472d2.png,0.0,11.540165,0.9993273
data/raw/aptos2019/aptos2019/train_images/train_images/b574d229ec4c.png,1.0,11.583749,0.9993455
data/raw/aptos2019/aptos2019/train_images/train_images/b576c5269ad1.png,0.0,3.1833332,0.8823264
data/raw/aptos2019/aptos2019/train_images/train_images/b5834ee64541.png,1.0,12.638659,0.9996642
data/raw/aptos2019/aptos2019/train_images/train_images/b598bc9753c2.png,0.0,-6.6480155,0.014667382
data/raw/aptos2019/aptos2019/train_images/train_images/b5a3ca5c0a80.png,0.0,-6.01274,0.021768034
data/raw/aptos2019/aptos2019/train_images/train_images/b5b913358b32.png,0.0,-6.8898745,0.01261194
data/raw/aptos2019/aptos2019/train_images/train_images/b5bf7b84fc66.png,0.0,-5.549492,0.028969152
data/raw/aptos2019/aptos2019/train_images/train_images/b5c80d0ed0ff.png,1.0,12.721949,0.9996815
data/raw/aptos2019/aptos2019/train_images/train_images/b5e6ae31493c.png,0.0,-6.680898,0.0143696405
data/raw/aptos2019/aptos2019/train_images/train_images/b60dbf9f0744.png,1.0,11.165093,0.9991472
data/raw/aptos2019/aptos2019/train_images/train_images/b6304c545f95.png,1.0,8.831236,0.9962754
data/raw/aptos2019/aptos2019/train_images/train_images/b640e3bdff75.png,0.0,2.6803076,0.8450504
data/raw/aptos2019/aptos2019/train_images/train_images/b64e1eef3d63.png,0.0,-2.686659,0.15442407
data/raw/aptos2019/aptos2019/train_images/train_images/b65ff67743b2.png,1.0,11.592219,0.99934906
data/raw/aptos2019/aptos2019/train_images/train_images/b665041e1633.png,1.0,7.519037,0.9914954
data/raw/aptos2019/aptos2019/train_images/train_images/b66f23ffa730.png,0.0,-6.0983224,0.020644069
data/raw/aptos2019/aptos2019/train_images/train_images/b67ae80f7eba.png,0.0,0.590593,0.5923698
data/raw/aptos2019/aptos2019/train_images/train_images/b69c224edd6e.png,0.0,1.462942,0.7162341
data/raw/aptos2019/aptos2019/train_images/train_images/b6a0e348a01e.png,0.0,10.2099,0.9984401
data/raw/aptos2019/aptos2019/train_images/train_images/b6bf847fbcb2.png,0.0,-3.405463,0.10384374
data/raw/aptos2019/aptos2019/train_images/train_images/b6bfe9db60e5.png,1.0,12.613058,0.9996587
data/raw/aptos2019/aptos2019/train_images/train_images/b6d9974443ce.png,0.0,4.6789074,0.95078814
data/raw/aptos2019/aptos2019/train_images/train_images/b6fd109b1bc9.png,0.0,-3.4809983,0.099478565
data/raw/aptos2019/aptos2019/train_images/train_images/b70cb31b9abb.png,1.0,12.4854555,0.99963
data/raw/aptos2019/aptos2019/train_images/train_images/b70e7c26f51e.png,0.0,-4.944967,0.041905124
data/raw/aptos2019/aptos2019/train_images/train_images/b71428739d4e.png,0.0,10.458277,0.99866676
data/raw/aptos2019/aptos2019/train_images/train_images/b7278b4f2448.png,0.0,8.399477,0.9951107
data/raw/aptos2019/aptos2019/train_images/train_images/b72a86d61959.png,0.0,-2.198955,0.19914283
data/raw/aptos2019/aptos2019/train_images/train_images/b72f59b85f7c.png,0.0,-4.254456,0.06341542
data/raw/aptos2019/aptos2019/train_images/train_images/b73d0bcd3d33.png,0.0,-4.6530933,0.049981922
data/raw/aptos2019/aptos2019/train_images/train_images/b746a6681ba9.png,1.0,12.1798315,0.9995511
data/raw/aptos2019/aptos2019/train_images/train_images/b74de20d73de.png,0.0,-7.1327305,0.010834606
data/raw/aptos2019/aptos2019/train_images/train_images/b759cbef90c5.png,0.0,-4.072032,0.07062807
data/raw/aptos2019/aptos2019/train_images/train_images/b762c29cf2f3.png,1.0,11.383689,0.99925727
data/raw/aptos2019/aptos2019/train_images/train_images/b77b88926843.png,0.0,-3.9379747,0.07640399
data/raw/aptos2019/aptos2019/train_images/train_images/b77b8a1f09f1.png,1.0,12.772477,0.9996915
data/raw/aptos2019/aptos2019/train_images/train_images/b7983cb3f270.png,0.0,-6.316933,0.018024756
data/raw/aptos2019/aptos2019/train_images/train_images/b7a1bb106051.png,0.0,-3.502693,0.09825534
data/raw/aptos2019/aptos2019/train_images/train_images/b7aca95b97b9.png,0.0,-2.7538214,0.148955
data/raw/aptos2019/aptos2019/train_images/train_images/b7bd4a6627b6.png,0.0,-1.6041971,0.26595291
data/raw/aptos2019/aptos2019/train_images/train_images/b7ce561a7328.png,0.0,-6.5809546,0.015293553
data/raw/aptos2019/aptos2019/train_images/train_images/b7e0f95353f2.png,1.0,12.8493805,0.9997061
data/raw/aptos2019/aptos2019/train_images/train_images/b7f0bc7d399e.png,0.0,-1.0569088,0.3387455
data/raw/aptos2019/aptos2019/train_images/train_images/b8297a2291f5.png,0.0,-5.661363,0.0270426
data/raw/aptos2019/aptos2019/train_images/train_images/b82d5f1f1145.png,1.0,12.047216,0.99951184
data/raw/aptos2019/aptos2019/train_images/train_images/b82dfa63a75f.png,0.0,-4.411143,0.057774585
data/raw/aptos2019/aptos2019/train_images/train_images/b835b6e31a59.png,0.0,-1.0111636,0.34526038
data/raw/aptos2019/aptos2019/train_images/train_images/b83a6eca125f.png,1.0,12.60472,0.9996569
data/raw/aptos2019/aptos2019/train_images/train_images/b842b43cb7fb.png,0.0,-4.7116146,0.048252303
data/raw/aptos2019/aptos2019/train_images/train_images/b86fb2d5be1a.png,0.0,-5.4720283,0.030380517
data/raw/aptos2019/aptos2019/train_images/train_images/b87f9c59748b.png,1.0,9.152833,0.9969592
data/raw/aptos2019/aptos2019/train_images/train_images/b89938407ee6.png,1.0,1.1850225,0.67917204
data/raw/aptos2019/aptos2019/train_images/train_images/b8dab47a260e.png,0.0,-4.341597,0.060217693
data/raw/aptos2019/aptos2019/train_images/train_images/b8e20c076b03.png,0.0,-5.852956,0.024028776
data/raw/aptos2019/aptos2019/train_images/train_images/b8e9a8f4617d.png,0.0,-8.051323,0.0060871504
data/raw/aptos2019/aptos2019/train_images/train_images/b8f1b30877db.png,1.0,12.48753,0.99963045
data/raw/aptos2019/aptos2019/train_images/train_images/b8fb9f55cd6d.png,1.0,10.640993,0.9988122
data/raw/aptos2019/aptos2019/train_images/train_images/b90bc89ce8d8.png,1.0,6.8923907,0.9874079
data/raw/aptos2019/aptos2019/train_images/train_images/b9127e38d9b9.png,1.0,12.537153,0.9996419
data/raw/aptos2019/aptos2019/train_images/train_images/b927a9238434.png,1.0,12.097813,0.9995272
data/raw/aptos2019/aptos2019/train_images/train_images/b92eacd1392a.png,0.0,-5.1202188,0.037671536
data/raw/aptos2019/aptos2019/train_images/train_images/b94c58d063bf.png,0.0,11.938111,0.99947697
data/raw/aptos2019/aptos2019/train_images/train_images/b9519abce0c1.png,0.0,-2.9170952,0.13632528
data/raw/aptos2019/aptos2019/train_images/train_images/b95d4dd8e5e2.png,1.0,12.6795025,0.9996728
data/raw/aptos2019/aptos2019/train_images/train_images/b960142a8de7.png,1.0,6.5918946,0.9848104
data/raw/aptos2019/aptos2019/train_images/train_images/b963a11638f2.png,0.0,-0.9731791,0.35071465
data/raw/aptos2019/aptos2019/train_images/train_images/b96b518596b3.png,1.0,12.72903,0.9996829
data/raw/aptos2019/aptos2019/train_images/train_images/b98f77098b9d.png,1.0,12.570366,0.9996494
data/raw/aptos2019/aptos2019/train_images/train_images/b99794a0beed.png,1.0,6.8761992,0.9872799
data/raw/aptos2019/aptos2019/train_images/train_images/b99afe7137fb.png,1.0,10.578905,0.99876463
data/raw/aptos2019/aptos2019/train_images/train_images/b99c825b93c5.png,1.0,12.835218,0.99970347
data/raw/aptos2019/aptos2019/train_images/train_images/b9b6ee2b9453.png,1.0,11.189507,0.9991603
data/raw/aptos2019/aptos2019/train_images/train_images/b9b99dad668d.png,0.0,10.243963,0.99847335
data/raw/aptos2019/aptos2019/train_images/train_images/b9bc81fcb075.png,0.0,-5.051955,0.039269384
data/raw/aptos2019/aptos2019/train_images/train_images/b9c7c5182075.png,0.0,-3.9468064,0.07601048
data/raw/aptos2019/aptos2019/train_images/train_images/b9d0b83d70c3.png,0.0,-5.2321167,0.035186633
data/raw/aptos2019/aptos2019/train_images/train_images/b9fe7da14a32.png,0.0,-2.3137484,0.18780898
data/raw/aptos2019/aptos2019/train_images/train_images/ba0107fb1bfd.png,0.0,-4.686787,0.048979044
data/raw/aptos2019/aptos2019/train_images/train_images/ba08cee68c71.png,1.0,11.311628,0.99922264
data/raw/aptos2019/aptos2019/train_images/train_images/ba25f947f4ec.png,1.0,11.981016,0.999491
data/raw/aptos2019/aptos2019/train_images/train_images/ba2624883599.png,1.0,7.597222,0.99190253
data/raw/aptos2019/aptos2019/train_images/train_images/ba2ea9182090.png,0.0,-2.848082,0.14154996
data/raw/aptos2019/aptos2019/train_images/train_images/ba4d2c4b3039.png,1.0,12.070193,0.9995189
data/raw/aptos2019/aptos2019/train_images/train_images/ba4e62c11cc0.png,0.0,-6.8586426,0.012860466
data/raw/aptos2019/aptos2019/train_images/train_images/baaca2f7e1f0.png,0.0,-2.523891,0.16835877
data/raw/aptos2019/aptos2019/train_images/train_images/bab776139279.png,0.0,1.1028979,0.6677431
data/raw/aptos2019/aptos2019/train_images/train_images/bac1744955c2.png,0.0,-5.0258627,0.039897148
data/raw/aptos2019/aptos2019/train_images/train_images/bacfa2b8e706.png,0.0,-1.2558271,0.31114328
data/raw/aptos2019/aptos2019/train_images/train_images/bacfb1029f6b.png,0.0,12.13002,0.99953675
data/raw/aptos2019/aptos2019/train_images/train_images/bb08949dd70a.png,0.0,-3.5747883,0.09428616
data/raw/aptos2019/aptos2019/train_images/train_images/bb11db08584a.png,0.0,8.933412,0.9965077
data/raw/aptos2019/aptos2019/train_images/train_images/bb2f89488ecd.png,0.0,-3.3499017,0.107161924
data/raw/aptos2019/aptos2019/train_images/train_images/bb45257258cc.png,0.0,9.627052,0.9977458
data/raw/aptos2019/aptos2019/train_images/train_images/bb5083fae98f.png,1.0,7.28332,0.9901406
data/raw/aptos2019/aptos2019/train_images/train_images/bb733062f494.png,1.0,12.208663,0.9995592
data/raw/aptos2019/aptos2019/train_images/train_images/bb752b179751.png,0.0,-2.8999896,0.13760492
data/raw/aptos2019/aptos2019/train_images/train_images/bb783d8e496f.png,0.0,11.797029,0.9994281
data/raw/aptos2019/aptos2019/train_images/train_images/bb85097857fa.png,0.0,-1.4991999,0.27912542
data/raw/aptos2019/aptos2019/train_images/train_images/bb9a3d835a94.png,0.0,7.0081472,0.9882869
data/raw/aptos2019/aptos2019/train_images/train_images/bba38f2294a3.png,1.0,8.783889,0.99616253
data/raw/aptos2019/aptos2019/train_images/train_images/bc23f74e14dd.png,1.0,11.987106,0.9994929
data/raw/aptos2019/aptos2019/train_images/train_images/bc34ed91c9bc.png,1.0,12.325588,0.9995907
data/raw/aptos2019/aptos2019/train_images/train_images/bc34f52c37c7.png,0.0,-5.9020443,0.023310889
data/raw/aptos2019/aptos2019/train_images/train_images/bc73ce76ec43.png,0.0,5.803425,0.97522503
data/raw/aptos2019/aptos2019/train_images/train_images/bc7bf19b84e3.png,0.0,-4.91105,0.042775456
data/raw/aptos2019/aptos2019/train_images/train_images/bc8c6a778cde.png,0.0,-4.8793063,0.043605637
data/raw/aptos2019/aptos2019/train_images/train_images/bc92a61a1f9c.png,0.0,-5.513727,0.029612694
data/raw/aptos2019/aptos2019/train_images/train_images/bca2bdc15fc5.png,1.0,12.409412,0.9996118
data/raw/aptos2019/aptos2019/train_images/train_images/bcb0498ed2c1.png,0.0,-4.457828,0.056187067
data/raw/aptos2019/aptos2019/train_images/train_images/bcc762618e7d.png,1.0,11.714908,0.99939764
data/raw/aptos2019/aptos2019/train_images/train_images/bcd503c726ba.png,1.0,12.456135,0.99962306
data/raw/aptos2019/aptos2019/train_images/train_images/bd06028eb7dd.png,0.0,-4.760666,0.0468465
data/raw/aptos2019/aptos2019/train_images/train_images/bd269a1f0e4d.png,0.0,10.90934,0.9989975
data/raw/aptos2019/aptos2019/train_images/train_images/bd34a0639575.png,0.0,-5.4291453,0.03119026
data/raw/aptos2019/aptos2019/train_images/train_images/bd375ba756b1.png,0.0,-3.0857596,0.12423796
data/raw/aptos2019/aptos2019/train_images/train_images/bd500a73beae.png,0.0,-6.0115256,0.021784408
data/raw/aptos2019/aptos2019/train_images/train_images/bd9904495ccd.png,1.0,12.507196,0.9996351
data/raw/aptos2019/aptos2019/train_images/train_images/bda7ff3b1562.png,1.0,11.481895,0.999302
data/raw/aptos2019/aptos2019/train_images/train_images/bda8c973b09d.png,1.0,8.273029,0.9947055
data/raw/aptos2019/aptos2019/train_images/train_images/bda91b76095b.png,0.0,-4.4123225,0.05773395
data/raw/aptos2019/aptos2019/train_images/train_images/bdb98063fe84.png,1.0,12.371606,0.9996024
data/raw/aptos2019/aptos2019/train_images/train_images/bdc6c60e9133.png,0.0,-5.3436527,0.032867335
data/raw/aptos2019/aptos2019/train_images/train_images/bde1063a5dd7.png,0.0,3.7010407,0.9123195
data/raw/aptos2019/aptos2019/train_images/train_images/bdf47b9f10c4.png,0.0,-5.6655307,0.026973283
data/raw/aptos2019/aptos2019/train_images/train_images/bdff5d8bddf8.png,1.0,12.459123,0.9996238
data/raw/aptos2019/aptos2019/train_images/train_images/be197b663520.png,0.0,-4.0121894,0.073154815
data/raw/aptos2019/aptos2019/train_images/train_images/be21d8b60e2a.png,1.0,11.534902,0.99932504
data/raw/aptos2019/aptos2019/train_images/train_images/be3a7d9e981e.png,0.0,-0.6144407,0.40399098
data/raw/aptos2019/aptos2019/train_images/train_images/be521870a0ea.png,0.0,-2.6396854,0.15834592
data/raw/aptos2019/aptos2019/train_images/train_images/be68322c7223.png,1.0,10.310083,0.99853575
data/raw/aptos2019/aptos2019/train_images/train_images/be6cbf6e5b10.png,0.0,-5.689733,0.02657418
data/raw/aptos2019/aptos2019/train_images/train_images/be7bc89f5fec.png,1.0,11.701968,0.9993926
data/raw/aptos2019/aptos2019/train_images/train_images/be7f791a7877.png,0.0,-5.0516157,0.039277487
data/raw/aptos2019/aptos2019/train_images/train_images/be8697eb2078.png,0.0,-6.4003696,0.01711352
data/raw/aptos2019/aptos2019/train_images/train_images/beb00fa6e7c9.png,0.0,0.19328423,0.530543
data/raw/aptos2019/aptos2019/train_images/train_images/beb2ad14fd2d.png,0.0,-6.208212,0.019283883
data/raw/aptos2019/aptos2019/train_images/train_images/bebb3f167654.png,0.0,7.477792,0.9912724
data/raw/aptos2019/aptos2019/train_images/train_images/bebfbd907cac.png,0.0,-7.2573805,0.010020968
data/raw/aptos2019/aptos2019/train_images/train_images/bec0acd539b2.png,1.0,12.774229,0.99969184
data/raw/aptos2019/aptos2019/train_images/train_images/bed8296c8dfe.png,0.0,-4.049952,0.07155083
data/raw/aptos2019/aptos2019/train_images/train_images/beeca5f14618.png,0.0,-3.453441,0.10105187
data/raw/aptos2019/aptos2019/train_images/train_images/bf18ff30a8f6.png,0.0,9.53997,0.9976184
data/raw/aptos2019/aptos2019/train_images/train_images/bf1b7e21e774.png,1.0,12.038062,0.999509
data/raw/aptos2019/aptos2019/train_images/train_images/bf6cbccacf39.png,0.0,-3.035481,0.12774165
data/raw/aptos2019/aptos2019/train_images/train_images/bf7047dc683c.png,1.0,12.781397,0.9996933
data/raw/aptos2019/aptos2019/train_images/train_images/bf7221a016b5.png,0.0,-2.4144871,0.17827697
data/raw/aptos2019/aptos2019/train_images/train_images/bf7b4eae7ad0.png,0.0,-6.326387,0.017919166
data/raw/aptos2019/aptos2019/train_images/train_images/bf8092e4001d.png,1.0,10.698692,0.99885464
data/raw/aptos2019/aptos2019/train_images/train_images/bf811911acf9.png,0.0,-4.3313417,0.060586043
data/raw/aptos2019/aptos2019/train_images/train_images/bf87aedf2489.png,0.0,-3.4444754,0.10156847
data/raw/aptos2019/aptos2019/train_images/train_images/bf9cba745efc.png,1.0,9.092024,0.99684024
data/raw/aptos2019/aptos2019/train_images/train_images/bfa30ebf63a8.png,0.0,-5.0205665,0.040025745
data/raw/aptos2019/aptos2019/train_images/train_images/bfaa0080ab61.png,1.0,11.64201,0.9993692
data/raw/aptos2019/aptos2019/train_images/train_images/bfb578c0e8d8.png,0.0,-5.131567,0.037412036
data/raw/aptos2019/aptos2019/train_images/train_images/bfd5c0e55420.png,1.0,11.325001,0.9992292
data/raw/aptos2019/aptos2019/train_images/train_images/bfda2fd0533a.png,1.0,10.309569,0.9985353
data/raw/aptos2019/aptos2019/train_images/train_images/bfdee9be1f1d.png,1.0,5.2694316,0.9656064
data/raw/aptos2019/aptos2019/train_images/train_images/bfe467b7e997.png,1.0,5.7153535,0.973842
data/raw/aptos2019/aptos2019/train_images/train_images/bfefa7344e7d.png,1.0,12.250715,0.9995708
data/raw/aptos2019/aptos2019/train_images/train_images/bff51afc76d4.png,0.0,-4.214137,0.06494795
data/raw/aptos2019/aptos2019/train_images/train_images/bffca6eeb2bf.png,0.0,-6.711865,0.014094695
data/raw/aptos2019/aptos2019/train_images/train_images/c013e869acce.png,0.0,-4.012378,0.073146716
data/raw/aptos2019/aptos2019/train_images/train_images/c01eae4b4939.png,1.0,8.718437,0.9960008
data/raw/aptos2019/aptos2019/train_images/train_images/c0202976c670.png,1.0,12.422432,0.99961495
data/raw/aptos2019/aptos2019/train_images/train_images/c06024f05a16.png,0.0,-6.1157384,0.0204224
data/raw/aptos2019/aptos2019/train_images/train_images/c096131ad065.png,0.0,3.35897,0.89338595
data/raw/aptos2019/aptos2019/train_images/train_images/c0968d41eb93.png,0.0,7.1902623,0.9895488
data/raw/aptos2019/aptos2019/train_images/train_images/c0a0828e01b4.png,1.0,12.626586,0.9996617
data/raw/aptos2019/aptos2019/train_images/train_images/c0a117de7d0a.png,0.0,-4.5934052,0.05180642
data/raw/aptos2019/aptos2019/train_images/train_images/c0e15e8e2b46.png,0.0,-1.4239563,0.28880718
data/raw/aptos2019/aptos2019/train_images/train_images/c0f15fe3b4b7.png,0.0,10.392998,0.9986105
data/raw/aptos2019/aptos2019/train_images/train_images/c102db7634d8.png,0.0,0.12546235,0.51984
data/raw/aptos2019/aptos2019/train_images/train_images/c12e9ca420a5.png,0.0,-0.42589706,0.43302032
data/raw/aptos2019/aptos2019/train_images/train_images/c1437a7a52c9.png,0.0,0.3502491,0.5551901
data/raw/aptos2019/aptos2019/train_images/train_images/c1799a6f5c65.png,1.0,12.614686,0.99965906
data/raw/aptos2019/aptos2019/train_images/train_images/c1819db0aece.png,0.0,-6.7208476,0.014015918
data/raw/aptos2019/aptos2019/train_images/train_images/c1896142a20a.png,1.0,12.4551735,0.9996228
data/raw/aptos2019/aptos2019/train_images/train_images/c18a006f7f1d.png,0.0,-6.5414195,0.01567496
data/raw/aptos2019/aptos2019/train_images/train_images/c1e6fa1ad314.png,0.0,8.404212,0.99512523
data/raw/aptos2019/aptos2019/train_images/train_images/c1ebe785503a.png,0.0,11.157582,0.9991431
data/raw/aptos2019/aptos2019/train_images/train_images/c21eb81de9fc.png,0.0,-3.4332333,0.10221956
data/raw/aptos2019/aptos2019/train_images/train_images/c23ff6dcf15e.png,0.0,-4.347282,0.06001441
data/raw/aptos2019/aptos2019/train_images/train_images/c24bcf7a1bc4.png,0.0,-5.9745708,0.022288408
data/raw/aptos2019/aptos2019/train_images/train_images/c252da9b41d8.png,1.0,12.063886,0.99951696
data/raw/aptos2019/aptos2019/train_images/train_images/c25e02b39c01.png,0.0,-0.8615963,0.3669598
data/raw/aptos2019/aptos2019/train_images/train_images/c261b1aaa828.png,1.0,9.361183,0.9973339
data/raw/aptos2019/aptos2019/train_images/train_images/c26f98f58350.png,0.0,-2.1941273,0.19963054
data/raw/aptos2019/aptos2019/train_images/train_images/c280730cc211.png,1.0,12.20862,0.9995592
data/raw/aptos2019/aptos2019/train_images/train_images/c2a58b2cfd0b.png,0.0,-5.0987496,0.038167212
data/raw/aptos2019/aptos2019/train_images/train_images/c2f3281cf528.png,0.0,-6.1245522,0.020311108
data/raw/aptos2019/aptos2019/train_images/train_images/c31651ea04c6.png,1.0,12.329806,0.99959177
data/raw/aptos2019/aptos2019/train_images/train_images/c334f8688b77.png,0.0,-6.1971335,0.019416936
data/raw/aptos2019/aptos2019/train_images/train_images/c365c598ad4e.png,0.0,-6.7439117,0.013815621
data/raw/aptos2019/aptos2019/train_images/train_images/c373b73a80c8.png,0.0,-3.4955924,0.098654225
data/raw/aptos2019/aptos2019/train_images/train_images/c3789c1dab96.png,0.0,-5.089803,0.03837561
data/raw/aptos2019/aptos2019/train_images/train_images/c38dec54a9f7.png,0.0,-3.292598,0.11068156
data/raw/aptos2019/aptos2019/train_images/train_images/c3a82acb7d7a.png,1.0,9.871618,0.9980684
data/raw/aptos2019/aptos2019/train_images/train_images/c3aa424eff9a.png,0.0,3.8195164,0.91813487
data/raw/aptos2019/aptos2019/train_images/train_images/c3acf47700ea.png,1.0,11.706537,0.9993944
data/raw/aptos2019/aptos2019/train_images/train_images/c3b15bf9b4bc.png,0.0,-4.427648,0.05720857
data/raw/aptos2019/aptos2019/train_images/train_images/c3c8fdda50c0.png,0.0,-6.4814878,0.016271064
data/raw/aptos2019/aptos2019/train_images/train_images/c3cd0200df79.png,1.0,12.369755,0.9996019
data/raw/aptos2019/aptos2019/train_images/train_images/c3d12a23f451.png,1.0,6.682651,0.98564607
data/raw/aptos2019/aptos2019/train_images/train_images/c3e02d4a1798.png,1.0,11.101646,0.9991122
data/raw/aptos2019/aptos2019/train_images/train_images/c406325360b1.png,1.0,9.730999,0.997889
data/raw/aptos2019/aptos2019/train_images/train_images/c40976189f22.png,0.0,5.8081813,0.97529763
data/raw/aptos2019/aptos2019/train_images/train_images/c446985355f1.png,0.0,-5.443311,0.030920485
data/raw/aptos2019/aptos2019/train_images/train_images/c48ae5da188e.png,1.0,12.980265,0.99972945
data/raw/aptos2019/aptos2019/train_images/train_images/c4a8f2fcf6e8.png,0.0,11.308669,0.9992212
data/raw/aptos2019/aptos2019/train_images/train_images/c4aef0d88d1b.png,0.0,-5.5048037,0.029775407
data/raw/aptos2019/aptos2019/train_images/train_images/c4e8b1ec8893.png,1.0,10.181744,0.99841213
data/raw/aptos2019/aptos2019/train_images/train_images/c52bb7343387.png,1.0,12.085101,0.9995234
data/raw/aptos2019/aptos2019/train_images/train_images/c5431b81cbc9.png,1.0,11.502636,0.9993111
data/raw/aptos2019/aptos2019/train_images/train_images/c561bcd519e9.png,1.0,11.487735,0.99930453
data/raw/aptos2019/aptos2019/train_images/train_images/c56293f53191.png,0.0,-5.6383224,0.027428925
data/raw/aptos2019/aptos2019/train_images/train_images/c568e5245ea5.png,1.0,12.572474,0.9996499
data/raw/aptos2019/aptos2019/train_images/train_images/c56e65f74187.png,0.0,9.790835,0.9979673
data/raw/aptos2019/aptos2019/train_images/train_images/c57c164bca05.png,0.0,-1.7454667,0.24886784
data/raw/aptos2019/aptos2019/train_images/train_images/c58971bcebb2.png,0.0,-3.950468,0.075847894
data/raw/aptos2019/aptos2019/train_images/train_images/c58e5c0c5b33.png,0.0,-5.0236335,0.039951224
data/raw/aptos2019/aptos2019/train_images/train_images/c597ef460944.png,0.0,-4.6607065,0.04975363
data/raw/aptos2019/aptos2019/train_images/train_images/c5a0e84e955d.png,0.0,-0.8799387,0.36426738
data/raw/aptos2019/aptos2019/train_images/train_images/c5a6f432a1ec.png,0.0,-4.8382435,0.044702366
data/raw/aptos2019/aptos2019/train_images/train_images/c5a9ebef1517.png,1.0,12.718109,0.99968064
data/raw/aptos2019/aptos2019/train_images/train_images/c5ad60521f8c.png,1.0,11.1599865,0.99914443
data/raw/aptos2019/aptos2019/train_images/train_images/c5b58cc992af.png,0.0,-6.397566,0.017143399
data/raw/aptos2019/aptos2019/train_images/train_images/c5ba9e455d5e.png,1.0,12.806238,0.99969804
data/raw/aptos2019/aptos2019/train_images/train_images/c5bec7f1e5f3.png,0.0,-4.7006207,0.048572842
data/raw/aptos2019/aptos2019/train_images/train_images/c5e238aa18be.png,1.0,11.616442,0.99935895
data/raw/aptos2019/aptos2019/train_images/train_images/c613db1cab27.png,1.0,12.459285,0.9996238
data/raw/aptos2019/aptos2019/train_images/train_images/c6229222bf22.png,0.0,-2.152959,0.20382605
data/raw/aptos2019/aptos2019/train_images/train_images/c62585bd68fb.png,1.0,11.533818,0.99932456
data/raw/aptos2019/aptos2019/train_images/train_images/c62cef02efa2.png,0.0,-5.3391585,0.03295786
data/raw/aptos2019/aptos2019/train_images/train_images/c639d837f5e4.png,0.0,-2.087145,0.21066877
data/raw/aptos2019/aptos2019/train_images/train_images/c64c0966b4cf.png,0.0,-6.556621,0.01552721
data/raw/aptos2019/aptos2019/train_images/train_images/c67117c6ab3b.png,1.0,12.382407,0.9996051
data/raw/aptos2019/aptos2019/train_images/train_images/c6916bc42016.png,0.0,-4.661472,0.04973073
data/raw/aptos2019/aptos2019/train_images/train_images/c6a145742708.png,1.0,11.999793,0.99949694
data/raw/aptos2019/aptos2019/train_images/train_images/c6a2975228af.png,1.0,11.633287,0.99936575
data/raw/aptos2019/aptos2019/train_images/train_images/c6a8f8f998a2.png,0.0,-6.876209,0.01272009
data/raw/aptos2019/aptos2019/train_images/train_images/c6c2bad91f23.png,1.0,12.471714,0.99962676
data/raw/aptos2019/aptos2019/train_images/train_images/c6d4e4a3bd4c.png,0.0,-4.722793,0.04792845
data/raw/aptos2019/aptos2019/train_images/train_images/c6e1e9fbf39b.png,1.0,11.312535,0.9992231
data/raw/aptos2019/aptos2019/train_images/train_images/c6f5b5b5be41.png,0.0,-6.8218307,0.0131596085
data/raw/aptos2019/aptos2019/train_images/train_images/c704bd669f36.png,0.0,-5.505518,0.029762348
data/raw/aptos2019/aptos2019/train_images/train_images/c70d09370109.png,1.0,12.148789,0.99954224
data/raw/aptos2019/aptos2019/train_images/train_images/c739ff9580d3.png,0.0,11.812415,0.9994337
data/raw/aptos2019/aptos2019/train_images/train_images/c73c5f6ef664.png,1.0,12.64805,0.9996662
data/raw/aptos2019/aptos2019/train_images/train_images/c755a0c4edcc.png,0.0,-3.7627077,0.084608406
data/raw/aptos2019/aptos2019/train_images/train_images/c76664770c07.png,1.0,12.562611,0.9996476
data/raw/aptos2019/aptos2019/train_images/train_images/c7b622ec8104.png,0.0,3.379533,0.8946191
data/raw/aptos2019/aptos2019/train_images/train_images/c7c0470bcf87.png,1.0,6.2701526,0.98144364
data/raw/aptos2019/aptos2019/train_images/train_images/c7c3d363bc86.png,0.0,-4.443639,0.056665167
data/raw/aptos2019/aptos2019/train_images/train_images/c7d0deb71576.png,0.0,-3.284792,0.111168765
data/raw/aptos2019/aptos2019/train_images/train_images/c7e827fc7f41.png,1.0,11.850098,0.99944705
data/raw/aptos2019/aptos2019/train_images/train_images/c80b0f27541a.png,0.0,-2.7442522,0.14972435
data/raw/aptos2019/aptos2019/train_images/train_images/c80f79579fed.png,1.0,11.962982,0.99948514
data/raw/aptos2019/aptos2019/train_images/train_images/c81c6911f5e0.png,0.0,-3.225501,0.11493093
data/raw/aptos2019/aptos2019/train_images/train_images/c85b79d70079.png,0.0,-0.4032032,0.43654978
data/raw/aptos2019/aptos2019/train_images/train_images/c87493ed320c.png,1.0,12.439691,0.9996191
data/raw/aptos2019/aptos2019/train_images/train_images/c8823cdaf7fa.png,1.0,11.084324,0.9991025
data/raw/aptos2019/aptos2019/train_images/train_images/c8905b8d5cf1.png,1.0,12.362679,0.9996001
data/raw/aptos2019/aptos2019/train_images/train_images/c8a3eb9a5b52.png,1.0,11.670627,0.99938047
data/raw/aptos2019/aptos2019/train_images/train_images/c8d2d32f7f29.png,1.0,12.004149,0.99949837
data/raw/aptos2019/aptos2019/train_images/train_images/c8fc0df22999.png,0.0,8.743498,0.99606353
data/raw/aptos2019/aptos2019/train_images/train_images/c90c6b94cf40.png,0.0,-4.1726584,0.066560484
data/raw/aptos2019/aptos2019/train_images/train_images/c947bb6cf9f6.png,0.0,-6.4897285,0.01618779
data/raw/aptos2019/aptos2019/train_images/train_images/c9485c38fdd5.png,0.0,11.213063,0.9991726
data/raw/aptos2019/aptos2019/train_images/train_images/c94f37085d0f.png,0.0,-4.9558377,0.041629773
data/raw/aptos2019/aptos2019/train_images/train_images/c96f743915b5.png,0.0,3.5341332,0.9034936
data/raw/aptos2019/aptos2019/train_images/train_images/c97472ef2c66.png,0.0,-2.9828916,0.1314963
data/raw/aptos2019/aptos2019/train_images/train_images/c98f623d08d1.png,0.0,-5.8590093,0.023939094
data/raw/aptos2019/aptos2019/train_images/train_images/c9c563864ab1.png,0.0,-4.7120533,0.04823956
data/raw/aptos2019/aptos2019/train_images/train_images/c9d42d7534e0.png,1.0,12.746092,0.99968624
data/raw/aptos2019/aptos2019/train_images/train_images/c9e697117f3f.png,0.0,-2.4284678,0.17698449
data/raw/aptos2019/aptos2019/train_images/train_images/c9ea9d5eab65.png,1.0,12.467883,0.9996259
data/raw/aptos2019/aptos2019/train_images/train_images/ca05f7e7801b.png,0.0,-6.1386056,0.020134883
data/raw/aptos2019/aptos2019/train_images/train_images/ca1036496659.png,0.0,3.1705964,0.88148683
data/raw/aptos2019/aptos2019/train_images/train_images/ca25745942b0.png,0.0,3.3431175,0.89242655
data/raw/aptos2019/aptos2019/train_images/train_images/ca2b54b95ade.png,0.0,0.58183247,0.5910303
data/raw/aptos2019/aptos2019/train_images/train_images/ca30a97e9d13.png,0.0,11.3759985,0.9992536
data/raw/aptos2019/aptos2019/train_images/train_images/ca360bec5851.png,1.0,10.07171,0.99829775
data/raw/aptos2019/aptos2019/train_images/train_images/ca63fe4f4b52.png,0.0,8.906977,0.9964491
data/raw/aptos2019/aptos2019/train_images/train_images/ca7140ecf389.png,0.0,7.220412,0.98974425
data/raw/aptos2019/aptos2019/train_images/train_images/ca7570c5925c.png,1.0,10.440491,0.9986517
data/raw/aptos2019/aptos2019/train_images/train_images/ca7f5caddf96.png,1.0,11.941551,0.99947816
data/raw/aptos2019/aptos2019/train_images/train_images/ca891d37a43c.png,1.0,11.568409,0.99933916
data/raw/aptos2019/aptos2019/train_images/train_images/ca9c912ebad7.png,1.0,11.943619,0.99947876
data/raw/aptos2019/aptos2019/train_images/train_images/cab3dfa7962d.png,0.0,11.479391,0.99930084
data/raw/aptos2019/aptos2019/train_images/train_images/cac40227d3b2.png,1.0,12.098005,0.99952734
data/raw/aptos2019/aptos2019/train_images/train_images/cac80797770f.png,1.0,12.17914,0.9995509
data/raw/aptos2019/aptos2019/train_images/train_images/cad5b1a82e60.png,0.0,-4.6593966,0.049792837
data/raw/aptos2019/aptos2019/train_images/train_images/cadde4030858.png,0.0,-4.5035253,0.054672938
data/raw/aptos2019/aptos2019/train_images/train_images/cae33655ca00.png,0.0,-1.9462206,0.22588198
data/raw/aptos2019/aptos2019/train_images/train_images/cae51154e1ce.png,0.0,9.11826,0.99689215
data/raw/aptos2019/aptos2019/train_images/train_images/caec68f11c86.png,1.0,8.434576,0.9952177
data/raw/aptos2019/aptos2019/train_images/train_images/cb02bb47fdc5.png,0.0,5.62951,0.9724219
data/raw/aptos2019/aptos2019/train_images/train_images/cb0cc98d7e35.png,0.0,3.7046487,0.912502
data/raw/aptos2019/aptos2019/train_images/train_images/cb2201c226d6.png,0.0,-3.1816282,0.11778567
data/raw/aptos2019/aptos2019/train_images/train_images/cb28adab4e8a.png,0.0,-6.3474154,0.017686456
data/raw/aptos2019/aptos2019/train_images/train_images/cb2f3c5d71a7.png,0.0,11.825272,0.9994382
data/raw/aptos2019/aptos2019/train_images/train_images/cb39761f0712.png,0.0,-4.176954,0.06639178
data/raw/aptos2019/aptos2019/train_images/train_images/cb547e723a16.png,1.0,7.953675,0.99352723
data/raw/aptos2019/aptos2019/train_images/train_images/cb602182cde3.png,1.0,8.845094,0.99630785
data/raw/aptos2019/aptos2019/train_images/train_images/cb68fce07789.png,0.0,-4.4791183,0.055476785
data/raw/aptos2019/aptos2019/train_images/train_images/cb75210abebe.png,1.0,10.293522,0.99852043
data/raw/aptos2019/aptos2019/train_images/train_images/cbc23af521f3.png,0.0,-3.6865075,0.088419035
data/raw/aptos2019/aptos2019/train_images/train_images/cbc2e57447c2.png,1.0,12.495369,0.99963236
data/raw/aptos2019/aptos2019/train_images/train_images/cbd0870aa933.png,1.0,9.228418,0.9971008
data/raw/aptos2019/aptos2019/train_images/train_images/cbe633765ea7.png,0.0,-3.8856716,0.078772806
data/raw/aptos2019/aptos2019/train_images/train_images/cbf0394039f8.png,1.0,11.610569,0.99935657
data/raw/aptos2019/aptos2019/train_images/train_images/cc1eebed9276.png,1.0,11.260375,0.99919707
data/raw/aptos2019/aptos2019/train_images/train_images/cc3d2e961768.png,1.0,12.852334,0.9997067
data/raw/aptos2019/aptos2019/train_images/train_images/cc671a73e1cb.png,0.0,-5.390198,0.03194374
data/raw/aptos2019/aptos2019/train_images/train_images/cc839823755b.png,1.0,12.163388,0.99954635
data/raw/aptos2019/aptos2019/train_images/train_images/cc9270f06b65.png,0.0,10.465492,0.99867284
data/raw/aptos2019/aptos2019/train_images/train_images/cc964bf04dbc.png,0.0,-4.9142656,0.042692196
data/raw/aptos2019/aptos2019/train_images/train_images/cca626a0e19a.png,1.0,6.1846375,0.9804319
data/raw/aptos2019/aptos2019/train_images/train_images/ccd34029493d.png,1.0,11.857329,0.99944955
data/raw/aptos2019/aptos2019/train_images/train_images/ccd6dcb2f568.png,0.0,-5.599345,0.028094696
data/raw/aptos2019/aptos2019/train_images/train_images/ccea49708830.png,0.0,-3.5879142,0.093579166
data/raw/aptos2019/aptos2019/train_images/train_images/cd01672507c9.png,0.0,-2.2019372,0.19884199
data/raw/aptos2019/aptos2019/train_images/train_images/cd01f4f83336.png,0.0,-5.7669683,0.025338586
data/raw/aptos2019/aptos2019/train_images/train_images/cd1c98ec48b1.png,0.0,-1.6333328,0.2623687
data/raw/aptos2019/aptos2019/train_images/train_images/cd29c88c9e36.png,1.0,10.824259,0.9989421
data/raw/aptos2019/aptos2019/train_images/train_images/cd314653a4d8.png,0.0,-5.9034166,0.023291128
data/raw/aptos2019/aptos2019/train_images/train_images/cd3fd04d72f5.png,1.0,12.685492,0.99967396
data/raw/aptos2019/aptos2019/train_images/train_images/cd45bfa07d41.png,0.0,-0.017106898,0.4972934
data/raw/aptos2019/aptos2019/train_images/train_images/cd48cfab4e44.png,0.0,-4.9950695,0.04065038
data/raw/aptos2019/aptos2019/train_images/train_images/cd54d022e37d.png,1.0,11.0702505,0.9990945
data/raw/aptos2019/aptos2019/train_images/train_images/cd563556cb57.png,0.0,-1.038951,0.34129587
data/raw/aptos2019/aptos2019/train_images/train_images/cd5714db652d.png,0.0,8.024899,0.99381083
data/raw/aptos2019/aptos2019/train_images/train_images/cd66754e1b3b.png,0.0,-4.4149203,0.05764458
data/raw/aptos2019/aptos2019/train_images/train_images/cd8da43e3069.png,0.0,-5.261812,0.034554165
data/raw/aptos2019/aptos2019/train_images/train_images/cd93a472e5cd.png,1.0,12.83754,0.9997038
data/raw/aptos2019/aptos2019/train_images/train_images/cd941e5bc659.png,0.0,-1.4583318,0.2843593
data/raw/aptos2019/aptos2019/train_images/train_images/cd972e5639e0.png,1.0,7.8765473,0.9932058
data/raw/aptos2019/aptos2019/train_images/train_images/cd9e2190c73f.png,1.0,11.644096,0.99937004
data/raw/aptos2019/aptos2019/train_images/train_images/ce207b69ff37.png,1.0,12.512161,0.9996362
data/raw/aptos2019/aptos2019/train_images/train_images/ce6f33a81ad5.png,0.0,-3.640529,0.090792686
data/raw/aptos2019/aptos2019/train_images/train_images/ce754234d760.png,0.0,-5.1848664,0.036216047
data/raw/aptos2019/aptos2019/train_images/train_images/ce8d2efd9d4f.png,0.0,-3.6931698,0.08807977
data/raw/aptos2019/aptos2019/train_images/train_images/ceaa5803d780.png,1.0,12.552679,0.9996455
data/raw/aptos2019/aptos2019/train_images/train_images/ceb32a193eff.png,0.0,-6.6484194,0.014663691
data/raw/aptos2019/aptos2019/train_images/train_images/ceb601fe8dba.png,1.0,12.082226,0.99952257
data/raw/aptos2019/aptos2019/train_images/train_images/cec299c2a2d5.png,0.0,-4.820537,0.045183357
data/raw/aptos2019/aptos2019/train_images/train_images/cf0575534cec.png,0.0,6.5669084,0.98457205
data/raw/aptos2019/aptos2019/train_images/train_images/cf0824f53dd9.png,1.0,9.990295,0.9982079
data/raw/aptos2019/aptos2019/train_images/train_images/cf1b9d26d38d.png,1.0,10.705034,0.9988593
data/raw/aptos2019/aptos2019/train_images/train_images/cf603a9ef2d5.png,0.0,9.955534,0.9981681
data/raw/aptos2019/aptos2019/train_images/train_images/cf6551521a35.png,0.0,1.79346,0.7567666
data/raw/aptos2019/aptos2019/train_images/train_images/cf8ae5501bd6.png,0.0,-2.33899,0.18538438
data/raw/aptos2019/aptos2019/train_images/train_images/cf8f1bc7a215.png,0.0,0.9883888,0.6514741
data/raw/aptos2019/aptos2019/train_images/train_images/cfb17a7cc8d4.png,0.0,-0.7585567,0.3822355
data/raw/aptos2019/aptos2019/train_images/train_images/cfd1bd0fcbb4.png,0.0,1.0155858,0.65537196
data/raw/aptos2019/aptos2019/train_images/train_images/cfdbaef73a8b.png,0.0,-2.896477,0.13786896
data/raw/aptos2019/aptos2019/train_images/train_images/cfed7c1172ec.png,0.0,-2.734485,0.15051301
data/raw/aptos2019/aptos2019/train_images/train_images/cff262ed8f4c.png,0.0,0.46769527,0.5734624
data/raw/aptos2019/aptos2019/train_images/train_images/cffc50047828.png,0.0,-2.3757002,0.18190144
data/raw/aptos2019/aptos2019/train_images/train_images/d02b79fc3200.png,0.0,-2.6839886,0.15464489
data/raw/aptos2019/aptos2019/train_images/train_images/d035c2bd9104.png,1.0,12.840852,0.99970454
data/raw/aptos2019/aptos2019/train_images/train_images/d06ccd0cf4b8.png,0.0,-0.039867852,0.49369252
data/raw/aptos2019/aptos2019/train_images/train_images/d0926ed2c8e5.png,0.0,-5.7626214,0.025406612
data/raw/aptos2019/aptos2019/train_images/train_images/d0b132d2c7ec.png,1.0,12.525042,0.99963915
data/raw/aptos2019/aptos2019/train_images/train_images/d0d59ed675b5.png,0.0,10.610078,0.99878865
data/raw/aptos2019/aptos2019/train_images/train_images/d0ffa0425ef1.png,1.0,13.011292,0.9997347
data/raw/aptos2019/aptos2019/train_images/train_images/d10d315f123f.png,1.0,12.458721,0.99962366
data/raw/aptos2019/aptos2019/train_images/train_images/d10ef306996b.png,1.0,12.476603,0.99962795
data/raw/aptos2019/aptos2019/train_images/train_images/d141728fa392.png,1.0,12.464603,0.9996251
data/raw/aptos2019/aptos2019/train_images/train_images/d15ca3469b87.png,1.0,8.758838,0.9961014
data/raw/aptos2019/aptos2019/train_images/train_images/d160ebef4117.png,0.0,-3.758035,0.084837735
data/raw/aptos2019/aptos2019/train_images/train_images/d16398c971e9.png,1.0,12.664053,0.99966955
data/raw/aptos2019/aptos2019/train_images/train_images/d16e39b9d6f0.png,0.0,-7.8402467,0.0069510653
data/raw/aptos2019/aptos2019/train_images/train_images/d16e59a2b33a.png,0.0,-7.3514647,0.009447172
data/raw/aptos2019/aptos2019/train_images/train_images/d18aea8238a0.png,1.0,9.346523,0.9973091
data/raw/aptos2019/aptos2019/train_images/train_images/d18b1d8ac4de.png,1.0,6.4084783,0.98297256
data/raw/aptos2019/aptos2019/train_images/train_images/d18e5b68f6d2.png,1.0,11.253285,0.9991934
data/raw/aptos2019/aptos2019/train_images/train_images/d18f6431ebce.png,0.0,-4.1356015,0.068032466
data/raw/aptos2019/aptos2019/train_images/train_images/d1a24527a15d.png,1.0,1.7404644,0.75053996
data/raw/aptos2019/aptos2019/train_images/train_images/d1a60c3b9fe5.png,0.0,-4.6506066,0.0500567
data/raw/aptos2019/aptos2019/train_images/train_images/d1afdb8cf70d.png,0.0,-5.5900593,0.028255608
data/raw/aptos2019/aptos2019/train_images/train_images/d1b279cc02ae.png,0.0,-4.8556123,0.044235308
data/raw/aptos2019/aptos2019/train_images/train_images/d1ca85af57c9.png,0.0,-6.766673,0.013620728
data/raw/aptos2019/aptos2019/train_images/train_images/d1cf31577a59.png,0.0,-5.9478946,0.022659292
data/raw/aptos2019/aptos2019/train_images/train_images/d1f1ea894da1.png,1.0,12.041157,0.99950993
data/raw/aptos2019/aptos2019/train_images/train_images/d1f7ea924a01.png,0.0,-6.125393,0.02030052
data/raw/aptos2019/aptos2019/train_images/train_images/d1fa0f744620.png,0.0,-4.4960623,0.05491756
data/raw/aptos2019/aptos2019/train_images/train_images/d1fb4efb117c.png,1.0,11.619741,0.99936026
data/raw/aptos2019/aptos2019/train_images/train_images/d25b8a8ad3c4.png,1.0,12.356183,0.99959856
data/raw/aptos2019/aptos2019/train_images/train_images/d264396d8d1a.png,1.0,8.560874,0.99558336
data/raw/aptos2019/aptos2019/train_images/train_images/d26bb2ed6e71.png,0.0,-5.180113,0.036321197
data/raw/aptos2019/aptos2019/train_images/train_images/d26bc6e1230d.png,0.0,-5.2808347,0.034154795
data/raw/aptos2019/aptos2019/train_images/train_images/d271d3a2b552.png,1.0,4.2544546,0.9365845
data/raw/aptos2019/aptos2019/train_images/train_images/d27ac9e54901.png,0.0,-5.991917,0.022050431
data/raw/aptos2019/aptos2019/train_images/train_images/d2901144070c.png,1.0,5.6091356,0.97207403
data/raw/aptos2019/aptos2019/train_images/train_images/d29096bd94aa.png,1.0,6.502854,0.98394394
data/raw/aptos2019/aptos2019/train_images/train_images/d29b37d110f3.png,0.0,-2.604831,0.1613079
data/raw/aptos2019/aptos2019/train_images/train_images/d2afca74cbc3.png,0.0,-4.2828617,0.06235602
data/raw/aptos2019/aptos2019/train_images/train_images/d2c2f02bb313.png,1.0,12.3912115,0.99960726
data/raw/aptos2019/aptos2019/train_images/train_images/d2c5fb82fe5f.png,0.0,-4.421331,0.05742459
data/raw/aptos2019/aptos2019/train_images/train_images/d2c6b99ef62c.png,1.0,12.735846,0.9996842
data/raw/aptos2019/aptos2019/train_images/train_images/d2cd47ed2c1d.png,0.0,-3.9345787,0.07655578
data/raw/aptos2019/aptos2019/train_images/train_images/d2d523e9f669.png,0.0,-2.4744139,0.17278865
data/raw/aptos2019/aptos2019/train_images/train_images/d2dc86021c67.png,0.0,-2.7018347,0.15317413
data/raw/aptos2019/aptos2019/train_images/train_images/d2fb715b0c41.png,0.0,-2.8068829,0.14474797
data/raw/aptos2019/aptos2019/train_images/train_images/d2ffe9287dc7.png,1.0,12.189921,0.999554
data/raw/aptos2019/aptos2019/train_images/train_images/d30d079e6f9a.png,0.0,-3.2874396,0.111003295
data/raw/aptos2019/aptos2019/train_images/train_images/d332d7b8a26e.png,0.0,-5.734493,0.025851155
data/raw/aptos2019/aptos2019/train_images/train_images/d364423ec6f9.png,1.0,12.76159,0.99968934
data/raw/aptos2019/aptos2019/train_images/train_images/d38cf0f4a9af.png,0.0,-2.948383,0.13401061
data/raw/aptos2019/aptos2019/train_images/train_images/d39752cb6e57.png,0.0,-5.530283,0.029313086
data/raw/aptos2019/aptos2019/train_images/train_images/d3be5346684b.png,1.0,7.8989663,0.9933008
data/raw/aptos2019/aptos2019/train_images/train_images/d3d578fe433f.png,1.0,11.744604,0.99940884
data/raw/aptos2019/aptos2019/train_images/train_images/d3de0d313d61.png,0.0,12.120193,0.9995339
data/raw/aptos2019/aptos2019/train_images/train_images/d3dfd0a2dee6.png,0.0,-5.001993,0.040479846
data/raw/aptos2019/aptos2019/train_images/train_images/d3e56584a481.png,0.0,-5.6224494,0.02769818
data/raw/aptos2019/aptos2019/train_images/train_images/d3e884109b45.png,1.0,12.667574,0.99967027
data/raw/aptos2019/aptos2019/train_images/train_images/d41b33fcb94f.png,1.0,9.07544,0.9968071
data/raw/aptos2019/aptos2019/train_images/train_images/d436c06f0490.png,0.0,-3.1376016,0.12071197
data/raw/aptos2019/aptos2019/train_images/train_images/d4583e9525dc.png,0.0,-6.365902,0.017484335
data/raw/aptos2019/aptos2019/train_images/train_images/d473f6fafba0.png,1.0,12.429129,0.9996166
data/raw/aptos2019/aptos2019/train_images/train_images/d48178e4a49b.png,1.0,9.327587,0.9972767
data/raw/aptos2019/aptos2019/train_images/train_images/d4bc001f7224.png,0.0,-5.9014716,0.02331914
data/raw/aptos2019/aptos2019/train_images/train_images/d4be0403e6ab.png,1.0,7.0877976,0.9888564
data/raw/aptos2019/aptos2019/train_images/train_images/d4f32b9c07df.png,0.0,12.200909,0.9995571
data/raw/aptos2019/aptos2019/train_images/train_images/d516f77d4516.png,0.0,-6.5295515,0.015791275
data/raw/aptos2019/aptos2019/train_images/train_images/d51b3fe0fa1b.png,1.0,12.2788315,0.9995784
data/raw/aptos2019/aptos2019/train_images/train_images/d51e5d7484ea.png,0.0,-5.4639716,0.030531086
data/raw/aptos2019/aptos2019/train_images/train_images/d567a1a22d33.png,0.0,11.492311,0.99930656
data/raw/aptos2019/aptos2019/train_images/train_images/d56d32a1d62d.png,0.0,-6.216236,0.019188078
data/raw/aptos2019/aptos2019/train_images/train_images/d57d1be1bbd1.png,0.0,-5.258124,0.034632124
data/raw/aptos2019/aptos2019/train_images/train_images/d5a39339ff3d.png,1.0,11.099977,0.99911135
data/raw/aptos2019/aptos2019/train_images/train_images/d5ad3362424c.png,0.0,-5.8882995,0.023509758
data/raw/aptos2019/aptos2019/train_images/train_images/d5b4705ac2ee.png,0.0,-0.2552211,0.45970687
data/raw/aptos2019/aptos2019/train_images/train_images/d5c63a8d9e94.png,0.0,-4.3701835,0.059201982
data/raw/aptos2019/aptos2019/train_images/train_images/d6130f2ec903.png,0.0,-2.4634707,0.17378077
data/raw/aptos2019/aptos2019/train_images/train_images/d6228d951958.png,1.0,12.3249235,0.99959046
data/raw/aptos2019/aptos2019/train_images/train_images/d6283ded6aea.png,1.0,12.926533,0.99972016
data/raw/aptos2019/aptos2019/train_images/train_images/d659d7fd5ccf.png,1.0,11.422527,0.99927527
data/raw/aptos2019/aptos2019/train_images/train_images/d667af5742f6.png,0.0,-4.878578,0.043624856
data/raw/aptos2019/aptos2019/train_images/train_images/d66b6f333dc7.png,0.0,6.687362,0.9856882
data/raw/aptos2019/aptos2019/train_images/train_images/d66ccb75ada1.png,0.0,10.531975,0.9987274
data/raw/aptos2019/aptos2019/train_images/train_images/d67374d3fa2a.png,1.0,8.662627,0.99585766
data/raw/aptos2019/aptos2019/train_images/train_images/d6803e467592.png,0.0,-6.1267586,0.02028334
data/raw/aptos2019/aptos2019/train_images/train_images/d69698f838db.png,0.0,-5.4023533,0.03170671
data/raw/aptos2019/aptos2019/train_images/train_images/d6b109c82067.png,0.0,-4.934493,0.042172063
data/raw/aptos2019/aptos2019/train_images/train_images/d6dbb0820ea5.png,0.0,-5.281544,0.034139987
data/raw/aptos2019/aptos2019/train_images/train_images/d6df4fe492ec.png,0.0,-3.4835696,0.099332884
data/raw/aptos2019/aptos2019/train_images/train_images/d6e26fe51dce.png,0.0,0.61597234,0.59624237
data/raw/aptos2019/aptos2019/train_images/train_images/d6f36ec5564a.png,0.0,-2.3878725,0.18075787
data/raw/aptos2019/aptos2019/train_images/train_images/d6f6bdfd8011.png,0.0,-4.6290817,0.05070845
data/raw/aptos2019/aptos2019/train_images/train_images/d7078e8b0349.png,0.0,-4.9793606,0.041039865
data/raw/aptos2019/aptos2019/train_images/train_images/d74ccc796517.png,0.0,-2.309416,0.18822758
data/raw/aptos2019/aptos2019/train_images/train_images/d774692d9919.png,0.0,-6.9978633,0.011788615
data/raw/aptos2019/aptos2019/train_images/train_images/d78b7401096f.png,0.0,-1.44963,0.28548133
data/raw/aptos2019/aptos2019/train_images/train_images/d7a01fca9838.png,0.0,-6.5786204,0.015315816
data/raw/aptos2019/aptos2019/train_images/train_images/d7ab5c040294.png,0.0,-3.920437,0.07719089
data/raw/aptos2019/aptos2019/train_images/train_images/d7ac4a0c9760.png,0.0,-3.8302894,0.081354134
data/raw/aptos2019/aptos2019/train_images/train_images/d7bc00091cfc.png,0.0,-5.543542,0.029075267
data/raw/aptos2019/aptos2019/train_images/train_images/d7bc62d60e8c.png,0.0,-4.6628733,0.049688827
data/raw/aptos2019/aptos2019/train_images/train_images/d7e5fe5245e0.png,0.0,-3.4660046,0.10033186
data/raw/aptos2019/aptos2019/train_images/train_images/d803598dabda.png,1.0,12.367879,0.9996014
data/raw/aptos2019/aptos2019/train_images/train_images/d807c53c1399.png,0.0,-6.9957833,0.011803956
data/raw/aptos2019/aptos2019/train_images/train_images/d81338217fc5.png,1.0,9.525482,0.99759644
data/raw/aptos2019/aptos2019/train_images/train_images/d838d5b9f571.png,0.0,0.28926012,0.54563886
data/raw/aptos2019/aptos2019/train_images/train_images/d83c3efade75.png,1.0,11.254066,0.99919385
data/raw/aptos2019/aptos2019/train_images/train_images/d83d0695e215.png,1.0,12.722948,0.9996817
data/raw/aptos2019/aptos2019/train_images/train_images/d8404680bba6.png,1.0,12.152508,0.9995433
data/raw/aptos2019/aptos2019/train_images/train_images/d844a7252f4e.png,0.0,-3.9843197,0.07435976
data/raw/aptos2019/aptos2019/train_images/train_images/d85588ff2ebd.png,0.0,7.0293326,0.9884412
data/raw/aptos2019/aptos2019/train_images/train_images/d85a842d20bd.png,1.0,12.72015,0.9996811
data/raw/aptos2019/aptos2019/train_images/train_images/d85d052900b4.png,0.0,11.437953,0.9992823
data/raw/aptos2019/aptos2019/train_images/train_images/d865997a6280.png,0.0,-6.5523334,0.015568746
data/raw/aptos2019/aptos2019/train_images/train_images/d866c26d76f0.png,0.0,-4.0787644,0.070348896
data/raw/aptos2019/aptos2019/train_images/train_images/d868acdccb5b.png,1.0,12.241337,0.9995683
data/raw/aptos2019/aptos2019/train_images/train_images/d871895742b1.png,0.0,-3.905922,0.077847786
data/raw/aptos2019/aptos2019/train_images/train_images/d881c04f01fe.png,0.0,-1.6560596,0.25959468
data/raw/aptos2019/aptos2019/train_images/train_images/d88806d9ece9.png,1.0,10.19043,0.99842083
data/raw/aptos2019/aptos2019/train_images/train_images/d88c4843aec3.png,0.0,-4.055189,0.071330965
data/raw/aptos2019/aptos2019/train_images/train_images/d8cdb7d7283a.png,1.0,8.9795475,0.9966079
data/raw/aptos2019/aptos2019/train_images/train_images/d8da9de62743.png,0.0,-1.5574933,0.271763
data/raw/aptos2019/aptos2019/train_images/train_images/d911dd40c63b.png,0.0,-4.787439,0.046095703
data/raw/aptos2019/aptos2019/train_images/train_images/d91273efb92a.png,1.0,12.425297,0.99961567
data/raw/aptos2019/aptos2019/train_images/train_images/d91635f380b4.png,0.0,-2.1653852,0.2025528
data/raw/aptos2019/aptos2019/train_images/train_images/d9311f7497cb.png,1.0,11.092607,0.9991072
data/raw/aptos2019/aptos2019/train_images/train_images/d93b61dc8f64.png,0.0,-3.676914,0.08890963
data/raw/aptos2019/aptos2019/train_images/train_images/d94e10f42861.png,1.0,12.782509,0.9996934
data/raw/aptos2019/aptos2019/train_images/train_images/d952dbfb0fe4.png,1.0,12.533287,0.99964106
data/raw/aptos2019/aptos2019/train_images/train_images/d95959798b57.png,1.0,12.795881,0.999696
data/raw/aptos2019/aptos2019/train_images/train_images/d968a983d4d2.png,1.0,11.079431,0.99909973
data/raw/aptos2019/aptos2019/train_images/train_images/d97911a32918.png,0.0,-3.85682,0.08010809
data/raw/aptos2019/aptos2019/train_images/train_images/d990a3f0cbdb.png,1.0,11.965901,0.9994861
data/raw/aptos2019/aptos2019/train_images/train_images/d99b0f7dd9b9.png,0.0,-5.9675136,0.022385951
data/raw/aptos2019/aptos2019/train_images/train_images/d99dd99be001.png,0.0,-4.5229893,0.05403976
data/raw/aptos2019/aptos2019/train_images/train_images/d9a475dfe59a.png,1.0,10.958683,0.9990283
data/raw/aptos2019/aptos2019/train_images/train_images/d9ad2a0ec026.png,0.0,-4.889988,0.043324582
data/raw/aptos2019/aptos2019/train_images/train_images/d9ba044671e1.png,1.0,11.204336,0.99916804
data/raw/aptos2019/aptos2019/train_images/train_images/d9bbdc33db83.png,1.0,12.474575,0.9996275
data/raw/aptos2019/aptos2019/train_images/train_images/d9c9b9786da3.png,0.0,-4.984386,0.040914875
data/raw/aptos2019/aptos2019/train_images/train_images/d9d2631f043c.png,0.0,-5.1969175,0.035950776
data/raw/aptos2019/aptos2019/train_images/train_images/d9e58e4d8689.png,0.0,8.088929,0.99405515
data/raw/aptos2019/aptos2019/train_images/train_images/da0a83f074f3.png,0.0,-2.5106869,0.16953205
data/raw/aptos2019/aptos2019/train_images/train_images/da1fb35f5df9.png,0.0,3.5559864,0.90469277
data/raw/aptos2019/aptos2019/train_images/train_images/da2bdf4236ac.png,0.0,-2.9714856,0.13232288
data/raw/aptos2019/aptos2019/train_images/train_images/da3a2275c850.png,0.0,-4.961928,0.04147627
data/raw/aptos2019/aptos2019/train_images/train_images/da44f80b422b.png,1.0,12.657957,0.99966824
data/raw/aptos2019/aptos2019/train_images/train_images/da6389d129aa.png,0.0,2.693807,0.84616566
data/raw/aptos2019/aptos2019/train_images/train_images/da6bbb76d562.png,0.0,-3.1006143,0.123218685
data/raw/aptos2019/aptos2019/train_images/train_images/da8900ac7f29.png,1.0,12.50398,0.99963427
data/raw/aptos2019/aptos2019/train_images/train_images/da9262d9f5d9.png,0.0,-5.53825,0.029169958
data/raw/aptos2019/aptos2019/train_images/train_images/da949aa67a4f.png,0.0,-5.741692,0.025736665
data/raw/aptos2019/aptos2019/train_images/train_images/da9574d35b82.png,0.0,-7.071806,0.011255726
data/raw/aptos2019/aptos2019/train_images/train_images/da9fe02dead3.png,0.0,-4.391414,0.058458026
data/raw/aptos2019/aptos2019/train_images/train_images/daad7b617f21.png,0.0,0.34212,0.5539192
data/raw/aptos2019/aptos2019/train_images/train_images/dad71ba27a9b.png,1.0,12.882481,0.99971217
data/raw/aptos2019/aptos2019/train_images/train_images/daeaa5d8cf70.png,1.0,12.201999,0.9995573
data/raw/aptos2019/aptos2019/train_images/train_images/daff5427c9b2.png,0.0,-4.173364,0.06653274
data/raw/aptos2019/aptos2019/train_images/train_images/db3cd58aa315.png,0.0,-5.7707195,0.02528002
data/raw/aptos2019/aptos2019/train_images/train_images/db49cdf1ea64.png,1.0,7.8338046,0.9930207
data/raw/aptos2019/aptos2019/train_images/train_images/db4ed1e07aa3.png,0.0,0.7746624,0.62016845
data/raw/aptos2019/aptos2019/train_images/train_images/db52626d450c.png,0.0,-5.2881727,0.034001924
data/raw/aptos2019/aptos2019/train_images/train_images/db6207e62c7b.png,0.0,-1.8662976,0.23484902
data/raw/aptos2019/aptos2019/train_images/train_images/db690e2d02f8.png,0.0,10.644258,0.9988146
data/raw/aptos2019/aptos2019/train_images/train_images/dbb2c63f6f08.png,1.0,12.756571,0.9996884
data/raw/aptos2019/aptos2019/train_images/train_images/dbd062558b81.png,0.0,6.109477,0.97949815
data/raw/aptos2019/aptos2019/train_images/train_images/dbee04ae6426.png,1.0,12.189092,0.99955374
data/raw/aptos2019/aptos2019/train_images/train_images/dbfd238b3468.png,1.0,12.361099,0.99959975
data/raw/aptos2019/aptos2019/train_images/train_images/dc0eea0b68a7.png,0.0,-1.1597313,0.32432565
data/raw/aptos2019/aptos2019/train_images/train_images/dc0f6e5b489b.png,0.0,-5.6665864,0.026955755
data/raw/aptos2019/aptos2019/train_images/train_images/dc6fa1b38b83.png,1.0,4.8167887,0.95471424
data/raw/aptos2019/aptos2019/train_images/train_images/dcc6c0ad5cad.png,0.0,-5.9731107,0.022308556
data/raw/aptos2019/aptos2019/train_images/train_images/dccdf750c962.png,0.0,-7.1693025,0.010589336
data/raw/aptos2019/aptos2019/train_images/train_images/dce73d90c00c.png,0.0,-5.7220945,0.026049493
data/raw/aptos2019/aptos2019/train_images/train_images/dcf109df1a2b.png,0.0,-3.8067248,0.08247569
data/raw/aptos2019/aptos2019/train_images/train_images/dd02d60bef14.png,0.0,-1.2083689,0.31761703
data/raw/aptos2019/aptos2019/train_images/train_images/dd110d2b8c21.png,1.0,12.764865,0.99969006
data/raw/aptos2019/aptos2019/train_images/train_images/dd19428c3d29.png,0.0,7.764899,0.9927119
data/raw/aptos2019/aptos2019/train_images/train_images/dd285d9e97fe.png,0.0,-6.011598,0.021783432
data/raw/aptos2019/aptos2019/train_images/train_images/dd3176bacfe2.png,0.0,-2.9657526,0.13274
data/raw/aptos2019/aptos2019/train_images/train_images/dd3dad6ca78f.png,1.0,11.809653,0.9994326
data/raw/aptos2019/aptos2019/train_images/train_images/dd90c321d7bc.png,0.0,-4.1554933,0.06723861
data/raw/aptos2019/aptos2019/train_images/train_images/ddb222ff7c1d.png,0.0,-6.419316,0.016912995
data/raw/aptos2019/aptos2019/train_images/train_images/dde43aa22ae6.png,1.0,12.572959,0.99965
data/raw/aptos2019/aptos2019/train_images/train_images/de16416220de.png,1.0,12.790122,0.99969494
data/raw/aptos2019/aptos2019/train_images/train_images/de18071c36e6.png,0.0,-7.3179045,0.009648017
data/raw/aptos2019/aptos2019/train_images/train_images/de2eb5c8aa83.png,0.0,-6.18109,0.0196112
data/raw/aptos2019/aptos2019/train_images/train_images/de38adaae009.png,0.0,-5.707545,0.026284128
data/raw/aptos2019/aptos2019/train_images/train_images/de4cdabbce6d.png,0.0,1.113708,0.66925913
data/raw/aptos2019/aptos2019/train_images/train_images/de50dfa745f8.png,1.0,8.901368,0.9964365
data/raw/aptos2019/aptos2019/train_images/train_images/de55ed25e0e8.png,0.0,-5.0980406,0.038183685
data/raw/aptos2019/aptos2019/train_images/train_images/de57c9e9fa93.png,0.0,-6.733612,0.013904713
data/raw/aptos2019/aptos2019/train_images/train_images/de6210f88536.png,0.0,-4.7122707,0.048233245
data/raw/aptos2019/aptos2019/train_images/train_images/de730033c683.png,0.0,-4.61859,0.051029038
data/raw/aptos2019/aptos2019/train_images/train_images/de778495a1cd.png,1.0,12.654163,0.9996675
data/raw/aptos2019/aptos2019/train_images/train_images/dea7538bb91a.png,0.0,-4.3783684,0.058914118
data/raw/aptos2019/aptos2019/train_images/train_images/dec5595e6154.png,0.0,-3.9128015,0.077535816
data/raw/aptos2019/aptos2019/train_images/train_images/dee1031a76ae.png,0.0,-2.2746558,0.19161202
data/raw/aptos2019/aptos2019/train_images/train_images/dee31065f8fe.png,0.0,-4.206304,0.06524967
data/raw/aptos2019/aptos2019/train_images/train_images/dee687c6e88a.png,1.0,12.465433,0.9996253
data/raw/aptos2019/aptos2019/train_images/train_images/df0886f1e76b.png,0.0,-4.3420253,0.060202364
data/raw/aptos2019/aptos2019/train_images/train_images/df3adfd6ba36.png,1.0,11.741208,0.99940753
data/raw/aptos2019/aptos2019/train_images/train_images/df4aec4a0eaf.png,1.0,11.906677,0.9994665
data/raw/aptos2019/aptos2019/train_images/train_images/df5ce3ea7820.png,1.0,11.348792,0.99924076
data/raw/aptos2019/aptos2019/train_images/train_images/df6d13d04da1.png,0.0,-5.919122,0.023066081
data/raw/aptos2019/aptos2019/train_images/train_images/df8365d6ac33.png,1.0,12.852128,0.99970657
data/raw/aptos2019/aptos2019/train_images/train_images/df841a0440d8.png,1.0,11.71826,0.99939895
data/raw/aptos2019/aptos2019/train_images/train_images/df84e7113003.png,1.0,12.517883,0.9996375
data/raw/aptos2019/aptos2019/train_images/train_images/df9cb3729eb1.png,0.0,-2.6043944,0.16134527
data/raw/aptos2019/aptos2019/train_images/train_images/dfc7ec7db0e0.png,0.0,-3.2066891,0.11614755
data/raw/aptos2019/aptos2019/train_images/train_images/dfea19863428.png,0.0,2.5202558,0.8313189
data/raw/aptos2019/aptos2019/train_images/train_images/e019b3e0f33d.png,1.0,12.644179,0.9996654
data/raw/aptos2019/aptos2019/train_images/train_images/e01b7bac822b.png,0.0,-4.5789475,0.052257724
data/raw/aptos2019/aptos2019/train_images/train_images/e0313be77035.png,0.0,-4.72852,0.04776334
data/raw/aptos2019/aptos2019/train_images/train_images/e03a74e7d74f.png,0.0,-5.2659793,0.034466293
data/raw/aptos2019/aptos2019/train_images/train_images/e03e70bc8bba.png,1.0,9.397338,0.99739397
data/raw/aptos2019/aptos2019/train_images/train_images/e04f3c6619a3.png,0.0,-2.6162143,0.16033565
data/raw/aptos2019/aptos2019/train_images/train_images/e067b06fd655.png,0.0,-4.301687,0.061663073
data/raw/aptos2019/aptos2019/train_images/train_images/e06cccc08c59.png,0.0,-5.7830987,0.02508769
data/raw/aptos2019/aptos2019/train_images/train_images/e06d3d4733f0.png,1.0,10.762481,0.99889994
data/raw/aptos2019/aptos2019/train_images/train_images/e07045d7c5f7.png,0.0,10.483489,0.9986878
data/raw/aptos2019/aptos2019/train_images/train_images/e0863b353093.png,1.0,12.409182,0.9996118
data/raw/aptos2019/aptos2019/train_images/train_images/e087bd4b88f2.png,0.0,-2.8408175,0.14210954
data/raw/aptos2019/aptos2019/train_images/train_images/e0b5a982a018.png,1.0,12.726454,0.9996823
data/raw/aptos2019/aptos2019/train_images/train_images/e0d229db881a.png,0.0,-2.0589876,0.21364734
data/raw/aptos2019/aptos2019/train_images/train_images/e10190a9d52f.png,1.0,12.487021,0.99963033
data/raw/aptos2019/aptos2019/train_images/train_images/e12b67835e03.png,1.0,11.4912615,0.9993061
data/raw/aptos2019/aptos2019/train_images/train_images/e12df54e0d1e.png,0.0,-3.8211381,0.08178803
data/raw/aptos2019/aptos2019/train_images/train_images/e12f9f19d1be.png,0.0,-4.7381067,0.047488146
data/raw/aptos2019/aptos2019/train_images/train_images/e13412678eff.png,1.0,12.962319,0.99972636
data/raw/aptos2019/aptos2019/train_images/train_images/e135d7ba9a0e.png,0.0,-7.2174864,0.010274565
data/raw/aptos2019/aptos2019/train_images/train_images/e1418d28d668.png,1.0,10.10604,0.99833435
data/raw/aptos2019/aptos2019/train_images/train_images/e150935f66a6.png,1.0,5.88203,0.976399
data/raw/aptos2019/aptos2019/train_images/train_images/e160a3b19911.png,0.0,-4.9484806,0.041815937
data/raw/aptos2019/aptos2019/train_images/train_images/e16af45285e5.png,0.0,-6.834484,0.013056017
data/raw/aptos2019/aptos2019/train_images/train_images/e16fc934069f.png,1.0,11.872565,0.9994548
data/raw/aptos2019/aptos2019/train_images/train_images/e17507a4a1f5.png,1.0,12.46425,0.99962497
data/raw/aptos2019/aptos2019/train_images/train_images/e1900014dabf.png,1.0,12.268479,0.99957556
data/raw/aptos2019/aptos2019/train_images/train_images/e19936582c61.png,1.0,12.59873,0.9996556
data/raw/aptos2019/aptos2019/train_images/train_images/e1ab92228e60.png,0.0,0.3677924,0.55793023
data/raw/aptos2019/aptos2019/train_images/train_images/e1b8acb1cea1.png,0.0,-4.600619,0.05158261
data/raw/aptos2019/aptos2019/train_images/train_images/e1c02f6c3362.png,0.0,-1.7402562,0.24948476
data/raw/aptos2019/aptos2019/train_images/train_images/e1dc02a3dc2a.png,0.0,-4.746881,0.0472376
data/raw/aptos2019/aptos2019/train_images/train_images/e1e490773462.png,1.0,11.602594,0.99935335
data/raw/aptos2019/aptos2019/train_images/train_images/e1fb532f55df.png,1.0,4.267659,0.9370791
data/raw/aptos2019/aptos2019/train_images/train_images/e2161692a0b4.png,1.0,11.928616,0.99947387
data/raw/aptos2019/aptos2019/train_images/train_images/e2265c383348.png,0.0,-7.6475024,0.007845786
data/raw/aptos2019/aptos2019/train_images/train_images/e229aca862c7.png,1.0,12.300598,0.99958414
data/raw/aptos2019/aptos2019/train_images/train_images/e23add229074.png,1.0,12.0631485,0.9995167
data/raw/aptos2019/aptos2019/train_images/train_images/e246cd89e1cc.png,0.0,-3.490471,0.0989428
data/raw/aptos2019/aptos2019/train_images/train_images/e251bdf05b85.png,0.0,0.37685052,0.5593437
data/raw/aptos2019/aptos2019/train_images/train_images/e25ccfe38e44.png,0.0,5.4703116,0.96958745
data/raw/aptos2019/aptos2019/train_images/train_images/e265c870f9b3.png,1.0,12.805858,0.9996979
data/raw/aptos2019/aptos2019/train_images/train_images/e26bcae6c67b.png,0.0,-0.4381632,0.43111536
data/raw/aptos2019/aptos2019/train_images/train_images/e26d8718ca58.png,0.0,6.432016,0.9832201
data/raw/aptos2019/aptos2019/train_images/train_images/e2856afe62c5.png,1.0,12.606638,0.9996574
data/raw/aptos2019/aptos2019/train_images/train_images/e29e54ff921e.png,0.0,-4.988028,0.04082453
data/raw/aptos2019/aptos2019/train_images/train_images/e2a233493b90.png,0.0,10.800994,0.99892634
data/raw/aptos2019/aptos2019/train_images/train_images/e2a47a74e6e1.png,1.0,11.332974,0.9992331
data/raw/aptos2019/aptos2019/train_images/train_images/e2c39ed0c941.png,0.0,-5.837428,0.024260318
data/raw/aptos2019/aptos2019/train_images/train_images/e2ec22b3d07e.png,0.0,-1.222912,0.31562558
data/raw/aptos2019/aptos2019/train_images/train_images/e30a890600e1.png,0.0,-3.1684442,0.11865547
data/raw/aptos2019/aptos2019/train_images/train_images/e31c42a8652b.png,1.0,7.8260126,0.9929865
data/raw/aptos2019/aptos2019/train_images/train_images/e322acd46152.png,0.0,-3.009737,0.12956809
data/raw/aptos2019/aptos2019/train_images/train_images/e32a359be36d.png,1.0,12.244188,0.999569
data/raw/aptos2019/aptos2019/train_images/train_images/e32dc722eca5.png,1.0,12.789594,0.9996948
data/raw/aptos2019/aptos2019/train_images/train_images/e33766353db2.png,0.0,-4.590941,0.05188308
data/raw/aptos2019/aptos2019/train_images/train_images/e34fa07bd64d.png,1.0,12.688396,0.9996747
data/raw/aptos2019/aptos2019/train_images/train_images/e387311a840e.png,1.0,10.561691,0.99875104
data/raw/aptos2019/aptos2019/train_images/train_images/e38f3a65b02b.png,0.0,11.871263,0.9994543
data/raw/aptos2019/aptos2019/train_images/train_images/e3a7671f787b.png,1.0,12.419568,0.99961424
data/raw/aptos2019/aptos2019/train_images/train_images/e3ab63dc9a60.png,1.0,11.771103,0.99941874
data/raw/aptos2019/aptos2019/train_images/train_images/e3b47ed5b511.png,0.0,-2.5893438,0.16263834
data/raw/aptos2019/aptos2019/train_images/train_images/e3cd96cb094c.png,0.0,-1.6784171,0.25688434
data/raw/aptos2019/aptos2019/train_images/train_images/e3e490babc0c.png,1.0,11.932335,0.99947506
data/raw/aptos2019/aptos2019/train_images/train_images/e3ec668f6fad.png,1.0,12.174103,0.99954945
data/raw/aptos2019/aptos2019/train_images/train_images/e4210e7fe587.png,1.0,12.096641,0.99952686
data/raw/aptos2019/aptos2019/train_images/train_images/e42d9a94a66d.png,0.0,-5.9049044,0.023269713
data/raw/aptos2019/aptos2019/train_images/train_images/e4730ddde408.png,1.0,12.61411,0.99965894
data/raw/aptos2019/aptos2019/train_images/train_images/e47452069ea1.png,0.0,-6.2081285,0.01928489
data/raw/aptos2019/aptos2019/train_images/train_images/e47770a2e5d1.png,0.0,-5.2629724,0.034529682
data/raw/aptos2019/aptos2019/train_images/train_images/e499434242cc.png,1.0,12.143204,0.99954057
data/raw/aptos2019/aptos2019/train_images/train_images/e4a44f9158dc.png,0.0,-5.520519,0.029489432
data/raw/aptos2019/aptos2019/train_images/train_images/e4ae1ee6aada.png,0.0,-2.4128866,0.1784254
data/raw/aptos2019/aptos2019/train_images/train_images/e4b0df29b96f.png,0.0,-4.640392,0.050365005
data/raw/aptos2019/aptos2019/train_images/train_images/e4c799738a19.png,0.0,-6.262044,0.018650018
data/raw/aptos2019/aptos2019/train_images/train_images/e4d3d437b0a8.png,0.0,-4.482826,0.055353962
data/raw/aptos2019/aptos2019/val_images/val_images/000c1434d8d7.png,1.0,12.5368395,0.9996419
data/raw/aptos2019/aptos2019/val_images/val_images/001639a390f0.png,1.0,9.006605,0.9966653
data/raw/aptos2019/aptos2019/val_images/val_images/0024cdab0c1e.png,0.0,2.5189197,0.8312003
data/raw/aptos2019/aptos2019/val_images/val_images/002c21358ce6.png,0.0,-6.448421,0.01660944
data/raw/aptos2019/aptos2019/val_images/val_images/005b95c28852.png,0.0,-1.1872156,0.32052562
data/raw/aptos2019/aptos2019/val_images/val_images/0083ee8054ee.png,1.0,11.947225,0.99947995
data/raw/aptos2019/aptos2019/val_images/val_images/0097f532ac9f.png,0.0,-2.3149729,0.1876908
data/raw/aptos2019/aptos2019/val_images/val_images/00a8624548a9.png,1.0,11.644962,0.9993704
data/raw/aptos2019/aptos2019/val_images/val_images/00b74780d31d.png,1.0,6.9785485,0.98806816
data/raw/aptos2019/aptos2019/val_images/val_images/00cc2b75cddd.png,0.0,-5.068443,0.03887761
data/raw/aptos2019/aptos2019/val_images/val_images/00e4ddff966a.png,1.0,11.617736,0.9993594
data/raw/aptos2019/aptos2019/val_images/val_images/00f6c1be5a33.png,0.0,-0.56259084,0.41191638
data/raw/aptos2019/aptos2019/val_images/val_images/0104b032c141.png,1.0,10.5737705,0.9987606
data/raw/aptos2019/aptos2019/val_images/val_images/0124dffecf29.png,0.0,4.1707926,0.93336606
data/raw/aptos2019/aptos2019/val_images/val_images/0125fbd2e791.png,0.0,-3.2153869,0.11558364
data/raw/aptos2019/aptos2019/val_images/val_images/014508ccb9cb.png,0.0,-4.290663,0.062067997
data/raw/aptos2019/aptos2019/val_images/val_images/0151781fe50b.png,0.0,-3.9914734,0.07404874
data/raw/aptos2019/aptos2019/val_images/val_images/0180bfa26c0b.png,1.0,12.525122,0.99963915
data/raw/aptos2019/aptos2019/val_images/val_images/0182152c50de.png,0.0,-5.2119784,0.03562188
data/raw/aptos2019/aptos2019/val_images/val_images/01b3aed3ed4c.png,0.0,8.163048,0.99432606
data/raw/aptos2019/aptos2019/val_images/val_images/01c7808d901d.png,1.0,12.556204,0.9996462
data/raw/aptos2019/aptos2019/val_images/val_images/01d9477b1171.png,0.0,-4.6740685,0.04935534
data/raw/aptos2019/aptos2019/val_images/val_images/01eb826f6467.png,1.0,12.124153,0.9995351
data/raw/aptos2019/aptos2019/val_images/val_images/01f7bb8be950.png,0.0,-5.951031,0.022615371
data/raw/aptos2019/aptos2019/val_images/val_images/0212dd31f623.png,0.0,-5.135316,0.037326686
data/raw/aptos2019/aptos2019/val_images/val_images/022f820027b8.png,0.0,-1.8379397,0.23808931
data/raw/aptos2019/aptos2019/val_images/val_images/0231642cf1c2.png,0.0,-3.411123,0.10351085
data/raw/aptos2019/aptos2019/val_images/val_images/0232dfea7547.png,0.0,-1.4935492,0.27984557
data/raw/aptos2019/aptos2019/val_images/val_images/02358b47ea89.png,0.0,-5.518088,0.029533492
data/raw/aptos2019/aptos2019/val_images/val_images/0243404e8a00.png,1.0,12.220937,0.9995627
data/raw/aptos2019/aptos2019/val_images/val_images/025a169a0bb0.png,1.0,9.768553,0.99793845
data/raw/aptos2019/aptos2019/val_images/val_images/02685f13cefd.png,1.0,12.636084,0.9996637
data/raw/aptos2019/aptos2019/val_images/val_images/02cd34a85b24.png,0.0,-3.7129402,0.08707996
data/raw/aptos2019/aptos2019/val_images/val_images/02da652c74b8.png,0.0,-6.1361513,0.020165553
data/raw/aptos2019/aptos2019/val_images/val_images/02dda30d3acf.png,1.0,4.182068,0.93380857
data/raw/aptos2019/aptos2019/val_images/val_images/0304bedad8fe.png,0.0,-3.8723574,0.07938646
data/raw/aptos2019/aptos2019/val_images/val_images/0318598cfd16.png,1.0,11.411772,0.9992704
data/raw/aptos2019/aptos2019/val_images/val_images/032d7b0b4bf6.png,1.0,10.824027,0.99894196
data/raw/aptos2019/aptos2019/val_images/val_images/033f2b43de6d.png,1.0,10.934929,0.99901354
data/raw/aptos2019/aptos2019/val_images/val_images/03676c71ed1b.png,1.0,8.761885,0.99610895
data/raw/aptos2019/aptos2019/val_images/val_images/0369f3efe69b.png,0.0,12.19892,0.9995565
data/raw/aptos2019/aptos2019/val_images/val_images/03747397839f.png,1.0,12.803738,0.99969757
data/raw/aptos2019/aptos2019/val_images/val_images/03a7f4a5786f.png,1.0,12.169574,0.99954814
data/raw/aptos2019/aptos2019/val_images/val_images/03b373718013.png,0.0,-3.7947485,0.08305107
data/raw/aptos2019/aptos2019/val_images/val_images/03c85870824c.png,1.0,12.135631,0.9995384
data/raw/aptos2019/aptos2019/val_images/val_images/03e25101e8e8.png,0.0,8.760174,0.9961047
data/raw/aptos2019/aptos2019/val_images/val_images/03fd50da928d.png,1.0,12.365992,0.99960095
data/raw/aptos2019/aptos2019/val_images/val_images/03ff7d159f10.png,1.0,10.880612,0.9989791
data/raw/aptos2019/aptos2019/val_images/val_images/0415fc68b176.png,1.0,12.055877,0.99951446
data/raw/aptos2019/aptos2019/val_images/val_images/041f09eec1e8.png,1.0,11.046205,0.99908054
data/raw/aptos2019/aptos2019/val_images/val_images/0423237770a7.png,0.0,-5.8022847,0.024792418
data/raw/aptos2019/aptos2019/val_images/val_images/042470a92154.png,1.0,12.087461,0.9995241
data/raw/aptos2019/aptos2019/val_images/val_images/04579e31e4be.png,0.0,-6.7342362,0.0138993
data/raw/aptos2019/aptos2019/val_images/val_images/04a6fc58dabc.png,1.0,12.3123665,0.99958724
data/raw/aptos2019/aptos2019/val_images/val_images/04aef84a2cc1.png,0.0,-6.2578154,0.018699061
data/raw/aptos2019/aptos2019/val_images/val_images/04d029cfb612.png,1.0,8.992318,0.99663514
data/raw/aptos2019/aptos2019/val_images/val_images/04efb1a284cc.png,0.0,-5.4168777,0.03142572
data/raw/aptos2019/aptos2019/val_images/val_images/050bb1eafa76.png,0.0,-4.977052,0.041097403
data/raw/aptos2019/aptos2019/val_images/val_images/05113073b268.png,0.0,-0.83328944,0.37113124
data/raw/aptos2019/aptos2019/val_images/val_images/05195a3db5e2.png,0.0,-2.234084,0.19562082
data/raw/aptos2019/aptos2019/val_images/val_images/0519b934f6b1.png,1.0,12.230983,0.9995654
data/raw/aptos2019/aptos2019/val_images/val_images/052d9a3fe55a.png,1.0,12.268438,0.99957556
data/raw/aptos2019/aptos2019/val_images/val_images/05339950962e.png,0.0,-4.6225696,0.050907206
data/raw/aptos2019/aptos2019/val_images/val_images/054b1b305160.png,0.0,-5.2603827,0.034584362
data/raw/aptos2019/aptos2019/val_images/val_images/0551676cc2aa.png,0.0,-2.3170786,0.1874877
data/raw/aptos2019/aptos2019/val_images/val_images/059bc89df7f4.png,0.0,11.570654,0.9993401
data/raw/aptos2019/aptos2019/val_images/val_images/05b1bb2bdb81.png,0.0,-3.9652302,0.07519562
data/raw/aptos2019/aptos2019/val_images/val_images/05cd0178ccfe.png,1.0,12.900453,0.9997154
data/raw/aptos2019/aptos2019/val_images/val_images/05e9126dfa5c.png,0.0,-3.4116096,0.1034823
data/raw/aptos2019/aptos2019/val_images/val_images/06024377d573.png,1.0,12.322809,0.99959
data/raw/aptos2019/aptos2019/val_images/val_images/060e00d1e2ab.png,0.0,-3.4644299,0.10042185
data/raw/aptos2019/aptos2019/val_images/val_images/064af6592ba6.png,1.0,11.252945,0.99919325
data/raw/aptos2019/aptos2019/val_images/val_images/06586082a24d.png,0.0,-3.9915287,0.07404634
data/raw/aptos2019/aptos2019/val_images/val_images/0684311afdfc.png,0.0,2.081,0.7886838
data/raw/aptos2019/aptos2019/val_images/val_images/069f43616fab.png,1.0,6.069677,0.9789862
data/raw/aptos2019/aptos2019/val_images/val_images/06b71823f9cd.png,0.0,11.675151,0.99938226
data/raw/aptos2019/aptos2019/val_images/val_images/06be1092a062.png,0.0,-6.588177,0.015224868
data/raw/aptos2019/aptos2019/val_images/val_images/07083738b75e.png,1.0,9.899214,0.9981018
data/raw/aptos2019/aptos2019/val_images/val_images/0709652336e2.png,0.0,-3.9916923,0.07403925
data/raw/aptos2019/aptos2019/val_images/val_images/070d4ce5fd90.png,0.0,-5.1342196,0.03735162
data/raw/aptos2019/aptos2019/val_images/val_images/070f67572d03.png,1.0,12.907339,0.9997167
data/raw/aptos2019/aptos2019/val_images/val_images/07122e268a1d.png,1.0,11.577795,0.9993431
data/raw/aptos2019/aptos2019/val_images/val_images/071435a218ec.png,1.0,12.728315,0.9996828
data/raw/aptos2019/aptos2019/val_images/val_images/07596907347b.png,0.0,-6.6547055,0.014606319
data/raw/aptos2019/aptos2019/val_images/val_images/0773a1c326ad.png,0.0,-4.4106994,0.057789862
data/raw/aptos2019/aptos2019/val_images/val_images/07751b94a88a.png,0.0,-2.7615926,0.14833261
data/raw/aptos2019/aptos2019/val_images/val_images/0790515cf5af.png,0.0,-3.4630873,0.10049864
data/raw/aptos2019/aptos2019/val_images/val_images/07929d32b5b3.png,0.0,10.238004,0.9984675
data/raw/aptos2019/aptos2019/val_images/val_images/07a0be6b347f.png,0.0,-2.2435784,0.19467703
data/raw/aptos2019/aptos2019/val_images/val_images/07a0e34c8d20.png,1.0,12.092966,0.9995258
data/raw/aptos2019/aptos2019/val_images/val_images/07a1c7073982.png,0.0,8.820049,0.996249
data/raw/aptos2019/aptos2019/val_images/val_images/07a2b8cabf6b.png,0.0,-4.2505693,0.06356168
data/raw/aptos2019/aptos2019/val_images/val_images/07a3be30563b.png,1.0,12.790546,0.99969494
data/raw/aptos2019/aptos2019/val_images/val_images/07d8db76b301.png,1.0,9.253759,0.9971468
data/raw/aptos2019/aptos2019/val_images/val_images/07e827469099.png,0.0,-3.8184896,0.08191401
data/raw/aptos2019/aptos2019/val_images/val_images/07f5d7baf907.png,0.0,-5.5122533,0.029639516
data/raw/aptos2019/aptos2019/val_images/val_images/08037e4490e5.png,0.0,-6.5909295,0.015198773
data/raw/aptos2019/aptos2019/val_images/val_images/080ee76c958c.png,1.0,11.956131,0.99948287
data/raw/aptos2019/aptos2019/val_images/val_images/080f66eedfb9.png,1.0,9.923754,0.998131
data/raw/aptos2019/aptos2019/val_images/val_images/084c02cf077f.png,0.0,1.237626,0.6863825
data/raw/aptos2019/aptos2019/val_images/val_images/0851d6a69589.png,0.0,-5.8433123,0.02417232
data/raw/aptos2019/aptos2019/val_images/val_images/086d41d17da8.png,0.0,4.1507926,0.93257457
data/raw/aptos2019/aptos2019/val_images/val_images/08752092140d.png,1.0,12.904562,0.9997162
data/raw/aptos2019/aptos2019/val_images/val_images/08a3875063c3.png,1.0,12.32958,0.99959165
data/raw/aptos2019/aptos2019/val_images/val_images/08b6e3240858.png,0.0,-4.405364,0.05797398
data/raw/aptos2019/aptos2019/val_images/val_images/08bef347f40d.png,0.0,-2.831403,0.14283748
data/raw/aptos2019/aptos2019/val_images/val_images/08c17a2d95b7.png,1.0,12.643647,0.99966526
data/raw/aptos2019/aptos2019/val_images/val_images/08c60c647673.png,0.0,0.30853814,0.5486619
data/raw/aptos2019/aptos2019/val_images/val_images/08ee569d4721.png,0.0,-4.764284,0.04674436
data/raw/aptos2019/aptos2019/val_images/val_images/08f8838d69bb.png,0.0,-5.3594775,0.03255046
data/raw/aptos2019/aptos2019/val_images/val_images/09237bf783a4.png,0.0,-6.144804,0.020057634
data/raw/aptos2019/aptos2019/val_images/val_images/0924cec998fa.png,0.0,-4.868501,0.04389171
data/raw/aptos2019/aptos2019/val_images/val_images/093a42649c29.png,1.0,12.669495,0.99967074
data/raw/aptos2019/aptos2019/val_images/val_images/093cf723fede.png,0.0,-6.3890796,0.017234124
data/raw/aptos2019/aptos2019/val_images/val_images/094858f005ab.png,1.0,12.178011,0.9995505
data/raw/aptos2019/aptos2019/val_images/val_images/0953c0ac1735.png,1.0,12.638853,0.9996643
data/raw/aptos2019/aptos2019/val_images/val_images/096436d68d06.png,0.0,-4.0124865,0.073142074
data/raw/aptos2019/aptos2019/val_images/val_images/09662e462531.png,0.0,-2.0453057,0.21510564
data/raw/aptos2019/aptos2019/val_images/val_images/0981195eb9fb.png,1.0,11.773138,0.99941945
data/raw/aptos2019/aptos2019/val_images/val_images/099021fac3c9.png,0.0,-3.4896173,0.09899098
data/raw/aptos2019/aptos2019/val_images/val_images/09934421c79e.png,0.0,-5.224502,0.035350606
data/raw/aptos2019/aptos2019/val_images/val_images/09935d72892b.png,0.0,6.3846335,0.98271817
data/raw/aptos2019/aptos2019/val_images/val_images/09c8323c612e.png,0.0,-6.198501,0.019400457
data/raw/aptos2019/aptos2019/val_images/val_images/09eeafa9656a.png,1.0,12.561882,0.9996475
data/raw/aptos2019/aptos2019/val_images/val_images/09f1111a388a.png,0.0,-3.457057,0.10084415
data/raw/aptos2019/aptos2019/val_images/val_images/09f6ab477654.png,1.0,12.338347,0.9995939
data/raw/aptos2019/aptos2019/val_images/val_images/0a09aa7356c0.png,1.0,11.191418,0.99916124
data/raw/aptos2019/aptos2019/val_images/val_images/0a1076183736.png,1.0,12.572727,0.9996499
data/raw/aptos2019/aptos2019/val_images/val_images/0a3202889f4d.png,0.0,8.742618,0.9960614
data/raw/aptos2019/aptos2019/val_images/val_images/0a38b552372d.png,0.0,-3.1099865,0.12257932
data/raw/aptos2019/aptos2019/val_images/val_images/0a4e1a29ffff.png,0.0,-5.2525325,0.03475062
data/raw/aptos2019/aptos2019/val_images/val_images/0a61bddab956.png,0.0,6.2707024,0.98144996
data/raw/aptos2019/aptos2019/val_images/val_images/0a74c92e287c.png,0.0,-5.9040256,0.023282357
data/raw/aptos2019/aptos2019/val_images/val_images/0a85a1e8f9e9.png,0.0,0.4888642,0.57673615
data/raw/aptos2019/aptos2019/val_images/val_images/0a902c80d5da.png,0.0,-4.0168552,0.07295485
data/raw/aptos2019/aptos2019/val_images/val_images/0a9ec1e99ce4.png,1.0,10.546963,0.9987394
data/raw/aptos2019/aptos2019/val_images/val_images/0abf0c485f66.png,0.0,-5.1002336,0.03813275
data/raw/aptos2019/aptos2019/val_images/val_images/0ad7f631dedb.png,0.0,12.422194,0.99961483
data/raw/aptos2019/aptos2019/val_images/val_images/0ada12c0e78f.png,1.0,12.75984,0.999689
data/raw/aptos2019/aptos2019/val_images/val_images/0ae2dd2e09ea.png,0.0,-3.4087007,0.1036532
data/raw/aptos2019/aptos2019/val_images/val_images/0af296d2f04a.png,1.0,11.416985,0.99927276
data/raw/aptos2019/aptos2019/val_images/val_images/0afbeeef0ff7.png,0.0,-2.2341588,0.19561337
data/raw/aptos2019/aptos2019/val_images/val_images/0afdfe5f422c.png,1.0,11.7182045,0.99939895
data/raw/aptos2019/aptos2019/val_images/val_images/0b00f8a77510.png,0.0,-4.8290534,0.044951405
data/raw/aptos2019/aptos2019/val_images/val_images/0b2ea8f268cf.png,0.0,-3.1621325,0.11907385
data/raw/aptos2019/aptos2019/val_images/val_images/0b3efe669365.png,0.0,-6.5519643,0.015572327
data/raw/aptos2019/aptos2019/val_images/val_images/0b64a0a06f9a.png,0.0,-3.008113,0.12968406
data/raw/aptos2019/aptos2019/val_images/val_images/0b8bdec9d869.png,0.0,-4.421725,0.057411082
data/raw/aptos2019/aptos2019/val_images/val_images/0babc12807b2.png,0.0,0.94350874,0.64499754
data/raw/aptos2019/aptos2019/val_images/val_images/0bf37ca3156a.png,1.0,11.977133,0.99948967
data/raw/aptos2019/aptos2019/val_images/val_images/0c2e2369dfff.png,1.0,3.70652,0.9125965
data/raw/aptos2019/aptos2019/val_images/val_images/0c38940e1f80.png,0.0,-0.047627237,0.49246502
data/raw/aptos2019/aptos2019/val_images/val_images/0c43c79e8cfb.png,0.0,-3.3970423,0.104340725
data/raw/aptos2019/aptos2019/val_images/val_images/0c55d58bebaf.png,1.0,11.420169,0.9992742
data/raw/aptos2019/aptos2019/val_images/val_images/0c76fd494af6.png,1.0,11.795246,0.99942756
data/raw/aptos2019/aptos2019/val_images/val_images/0c917c372572.png,1.0,12.535077,0.9996414
data/raw/aptos2019/aptos2019/val_images/val_images/0ca0aee4d57e.png,1.0,12.289196,0.99958116
data/raw/aptos2019/aptos2019/val_images/val_images/0cae727cf119.png,0.0,-6.0488153,0.021287138
data/raw/aptos2019/aptos2019/val_images/val_images/0cb6b898389f.png,0.0,-3.1851192,0.117556304
data/raw/aptos2019/aptos2019/val_images/val_images/0cbcc7b23613.png,0.0,-4.174403,0.06649191
data/raw/aptos2019/aptos2019/val_images/val_images/0cd31078cd08.png,0.0,-2.7106981,0.15244792
data/raw/aptos2019/aptos2019/val_images/val_images/0ce062f26edc.png,0.0,-2.4824793,0.17206027
data/raw/aptos2019/aptos2019/val_images/val_images/0ceb222f6629.png,1.0,7.3042274,0.99026895
data/raw/aptos2019/aptos2019/val_images/val_images/0cecc2864b7f.png,0.0,-0.4025186,0.43665633
data/raw/aptos2019/aptos2019/val_images/val_images/0d0a21fd354f.png,1.0,5.330107,0.9668591
data/raw/aptos2019/aptos2019/val_images/val_images/0d0b8fc9ab5c.png,0.0,-4.2327056,0.06423793
data/raw/aptos2019/aptos2019/val_images/val_images/0d310aba6373.png,0.0,12.349836,0.9995969
data/raw/aptos2019/aptos2019/val_images/val_images/0d744aed4d64.png,0.0,2.6754036,0.8446436
data/raw/aptos2019/aptos2019/val_images/val_images/0d8f60ed9280.png,0.0,-5.7123365,0.026206633
data/raw/aptos2019/aptos2019/val_images/val_images/0d9a9896f801.png,0.0,-3.242593,0.11383516
data/raw/aptos2019/aptos2019/val_images/val_images/0da09e3ce8f1.png,1.0,11.4149685,0.9992718
data/raw/aptos2019/aptos2019/val_images/val_images/0da321efbce6.png,0.0,-4.7217035,0.04795993
data/raw/aptos2019/aptos2019/val_images/val_images/0da632ca45e0.png,0.0,-4.6571994,0.049858667
data/raw/aptos2019/aptos2019/val_images/val_images/0daddc45d832.png,0.0,-6.595444,0.015156067
data/raw/aptos2019/aptos2019/val_images/val_images/0db1d8dcf219.png,0.0,-2.8906672,0.13830657
data/raw/aptos2019/aptos2019/val_images/val_images/0dbaa09a458c.png,1.0,11.730362,0.9994035
data/raw/aptos2019/aptos2019/val_images/val_images/0dbe6c26cedc.png,0.0,-4.4301333,0.05712379
data/raw/aptos2019/aptos2019/val_images/val_images/0dc031c94225.png,0.0,8.1656,0.9943351
data/raw/aptos2019/aptos2019/val_images/val_images/0dc8d25b3f69.png,1.0,12.774569,0.99969184
data/raw/aptos2019/aptos2019/val_images/val_images/0e0003ddd8df.png,0.0,-5.5729766,0.028553976
data/raw/aptos2019/aptos2019/val_images/val_images/0e0fc1d9810c.png,1.0,12.176322,0.99955004
data/raw/aptos2019/aptos2019/val_images/val_images/0e3572b5884a.png,0.0,-5.6090713,0.027927112
data/raw/aptos2019/aptos2019/val_images/val_images/0e43c8298fc0.png,0.0,-3.7200763,0.08672159
data/raw/aptos2019/aptos2019/val_images/val_images/0e75d51152fc.png,1.0,9.7873955,0.99796295
data/raw/aptos2019/aptos2019/val_images/val_images/0e82bcacc475.png,1.0,12.361028,0.99959975
data/raw/aptos2019/aptos2019/val_images/val_images/0e94cd271c00.png,0.0,-1.3668636,0.29628494
data/raw/aptos2019/aptos2019/val_images/val_images/0eb52045349f.png,0.0,12.705194,0.999678
data/raw/aptos2019/aptos2019/val_images/val_images/0eced86c9db8.png,0.0,-4.4673114,0.05586963
data/raw/aptos2019/aptos2019/val_images/val_images/0edadb2aa127.png,1.0,12.755883,0.99968827
data/raw/aptos2019/aptos2019/val_images/val_images/0ef4c61dc056.png,0.0,-4.3269567,0.060744192
data/raw/aptos2019/aptos2019/val_images/val_images/0efc93ec838b.png,1.0,12.37594,0.99960345
data/raw/aptos2019/aptos2019/val_images/val_images/0eff8eacb2f7.png,1.0,12.17802,0.9995505
data/raw/aptos2019/aptos2019/val_images/val_images/0f364b7d4384.png,0.0,-4.8407106,0.04463574
data/raw/aptos2019/aptos2019/val_images/val_images/0f495d87656a.png,0.0,10.439173,0.9986505
data/raw/aptos2019/aptos2019/val_images/val_images/0f6e645466a2.png,0.0,-5.6836824,0.026673416
data/raw/aptos2019/aptos2019/val_images/val_images/0f882877bf13.png,1.0,12.621858,0.9996606
data/raw/aptos2019/aptos2019/val_images/val_images/0f96c358a250.png,1.0,12.710245,0.9996791
data/raw/aptos2019/aptos2019/val_images/val_images/0fb1053285cf.png,0.0,10.516684,0.99871504
data/raw/aptos2019/aptos2019/val_images/val_images/0fb560f9adb2.png,1.0,10.183753,0.99841416
data/raw/aptos2019/aptos2019/val_images/val_images/0fbbd665431f.png,0.0,-3.3384337,0.10785834
data/raw/aptos2019/aptos2019/val_images/val_images/0fc6829da85b.png,0.0,-3.8749125,0.07926836
data/raw/aptos2019/aptos2019/val_images/val_images/0fcfc6301f3d.png,1.0,8.895344,0.99642295
data/raw/aptos2019/aptos2019/val_images/val_images/0fd16b64697e.png,1.0,12.848257,0.99970585
data/raw/aptos2019/aptos2019/val_images/val_images/0fe31196e0e8.png,0.0,-6.278258,0.018463138
data/raw/aptos2019/aptos2019/val_images/val_images/0fffa73e2402.png,1.0,11.965024,0.99948573
data/raw/aptos2019/aptos2019/val_images/val_images/1002b5151b8e.png,0.0,-5.8274856,0.024409717
data/raw/aptos2019/aptos2019/val_images/val_images/1002f3fe38f0.png,0.0,-1.8373829,0.23815325
data/raw/aptos2019/aptos2019/val_images/val_images/101b9ebfc720.png,0.0,4.978576,0.95894057
data/raw/aptos2019/aptos2019/val_images/val_images/103abbd8b63e.png,0.0,-1.1226863,0.32948428
data/raw/aptos2019/aptos2019/val_images/val_images/103f97a2ab15.png,0.0,-4.0819983,0.07021517
data/raw/aptos2019/aptos2019/val_images/val_images/107aea0d9289.png,0.0,9.142208,0.9969387
data/raw/aptos2019/aptos2019/val_images/val_images/10a5026eb8e6.png,0.0,-3.3067074,0.10980567
data/raw/aptos2019/aptos2019/val_images/val_images/10bf25731c08.png,0.0,-5.23311,0.03516531
data/raw/aptos2019/aptos2019/val_images/val_images/10de500cf0c5.png,0.0,-2.7763622,0.14715566
data/raw/aptos2019/aptos2019/val_images/val_images/10ecc5292ab1.png,1.0,11.730192,0.9994035
data/raw/aptos2019/aptos2019/val_images/val_images/10eefba568dd.png,1.0,10.794186,0.99892175
data/raw/aptos2019/aptos2019/val_images/val_images/10f10fd30718.png,0.0,-1.9064146,0.23031749
data/raw/aptos2019/aptos2019/val_images/val_images/10f36b0239fb.png,0.0,11.815975,0.9994349
data/raw/aptos2019/aptos2019/val_images/val_images/10f6ef37fe43.png,0.0,-1.1149055,0.33057308
data/raw/aptos2019/aptos2019/val_images/val_images/10fca1abf338.png,1.0,9.85304,0.99804556
data/raw/aptos2019/aptos2019/val_images/val_images/1116271db4ea.png,0.0,10.572232,0.9987594
data/raw/aptos2019/aptos2019/val_images/val_images/1120f6d08d95.png,1.0,8.979737,0.9966084
data/raw/aptos2019/aptos2019/val_images/val_images/1124ffcd76c2.png,1.0,11.068808,0.99909365
data/raw/aptos2019/aptos2019/val_images/val_images/115e42dd6a81.png,1.0,11.980228,0.99949074
data/raw/aptos2019/aptos2019/val_images/val_images/1177d583c807.png,1.0,10.55335,0.9987445
data/raw/aptos2019/aptos2019/val_images/val_images/11b220a397b8.png,0.0,-5.9530096,0.022587717
data/raw/aptos2019/aptos2019/val_images/val_images/11b5c77fbf79.png,1.0,9.720689,0.9978752
data/raw/aptos2019/aptos2019/val_images/val_images/11d8e5eaee5b.png,0.0,-6.2419014,0.018884767
data/raw/aptos2019/aptos2019/val_images/val_images/12025b34deb8.png,1.0,12.533453,0.99964106
data/raw/aptos2019/aptos2019/val_images/val_images/12058bbb8299.png,0.0,-5.158035,0.03681345
data/raw/aptos2019/aptos2019/val_images/val_images/1269ab57c2e6.png,1.0,4.052121,0.92854035
data/raw/aptos2019/aptos2019/val_images/val_images/12a82fc7d73e.png,1.0,12.542486,0.9996431
data/raw/aptos2019/aptos2019/val_images/val_images/12ab2f6397f0.png,0.0,-4.0710044,0.07067077
data/raw/aptos2019/aptos2019/val_images/val_images/12ae44be0d38.png,0.0,-5.562514,0.028738229
data/raw/aptos2019/aptos2019/val_images/val_images/12b57dac703e.png,0.0,2.4649956,0.8263578
data/raw/aptos2019/aptos2019/val_images/val_images/12bc439d373a.png,0.0,-6.582549,0.015278365
data/raw/aptos2019/aptos2019/val_images/val_images/12ce6a1a1f31.png,0.0,10.561484,0.9987509
data/raw/aptos2019/aptos2019/val_images/val_images/12e6e66c80a7.png,1.0,11.30256,0.9992181
data/raw/aptos2019/aptos2019/val_images/val_images/12ef75375322.png,0.0,-4.0578237,0.0712206
data/raw/aptos2019/aptos2019/val_images/val_images/13063d1bc4ea.png,1.0,7.885825,0.9932453
data/raw/aptos2019/aptos2019/val_images/val_images/13073f075a56.png,0.0,-4.1786513,0.06632522
data/raw/aptos2019/aptos2019/val_images/val_images/13ab8db8c700.png,0.0,12.365417,0.9996008
data/raw/aptos2019/aptos2019/val_images/val_images/13c191b59ed0.png,0.0,-5.0693493,0.038856167
data/raw/aptos2019/aptos2019/val_images/val_images/13d014ccd136.png,0.0,-1.2436888,0.31279218
data/raw/aptos2019/aptos2019/val_images/val_images/13d411c85ffd.png,0.0,-3.1190696,0.12196238
data/raw/aptos2019/aptos2019/val_images/val_images/13d71389563f.png,1.0,11.0216675,0.9990662
data/raw/aptos2019/aptos2019/val_images/val_images/1409ab48175a.png,0.0,-4.776814,0.046392288
data/raw/aptos2019/aptos2019/val_images/val_images/1414128bead0.png,1.0,12.534337,0.9996413
data/raw/aptos2019/aptos2019/val_images/val_images/141735b57ec0.png,1.0,11.300863,0.9992173
data/raw/aptos2019/aptos2019/val_images/val_images/1438288bb2e1.png,1.0,11.009571,0.999059
data/raw/aptos2019/aptos2019/val_images/val_images/143db89c11c8.png,0.0,-3.3735425,0.1057388
data/raw/aptos2019/aptos2019/val_images/val_images/144a1a426137.png,1.0,7.494323,0.9913624
data/raw/aptos2019/aptos2019/val_images/val_images/14c3b41d289c.png,0.0,-3.5739725,0.09433026
data/raw/aptos2019/aptos2019/val_images/val_images/14ee87d6cc42.png,1.0,8.566357,0.99559855
data/raw/aptos2019/aptos2019/val_images/val_images/1509d097b69a.png,0.0,-7.028458,0.011565163
data/raw/aptos2019/aptos2019/val_images/val_images/150f92b45349.png,0.0,-3.5127063,0.097695276
data/raw/aptos2019/aptos2019/val_images/val_images/150fc7127582.png,0.0,-3.628743,0.091410294
data/raw/aptos2019/aptos2019/val_images/val_images/152db3de8120.png,0.0,-0.90657645,0.36037236
data/raw/aptos2019/aptos2019/val_images/val_images/1541226c5d72.png,1.0,8.064804,0.99396425
data/raw/aptos2019/aptos2019/val_images/val_images/15528e740543.png,1.0,10.068621,0.9982944
data/raw/aptos2019/aptos2019/val_images/val_images/155e2df6bfcf.png,0.0,2.8686802,0.8600267
data/raw/aptos2019/aptos2019/val_images/val_images/157d17349cc6.png,1.0,11.649365,0.9993722
data/raw/aptos2019/aptos2019/val_images/val_images/1594ca6c30d3.png,1.0,12.669213,0.9996706
data/raw/aptos2019/aptos2019/val_images/val_images/15b21c80cc31.png,0.0,-4.2074523,0.06520535
data/raw/aptos2019/aptos2019/val_images/val_images/15bed5adde74.png,1.0,7.116568,0.9890553
data/raw/aptos2019/aptos2019/val_images/val_images/15c24478ac72.png,0.0,-6.590853,0.0151994955
data/raw/aptos2019/aptos2019/val_images/val_images/15cc2aef772a.png,0.0,8.235012,0.9945773
data/raw/aptos2019/aptos2019/val_images/val_images/15cd5f52d300.png,1.0,12.681973,0.99967325
data/raw/aptos2019/aptos2019/val_images/val_images/15e24b73d4a7.png,0.0,-2.779702,0.14689058
data/raw/aptos2019/aptos2019/val_images/val_images/15e96e848b46.png,1.0,11.993371,0.9994949
data/raw/aptos2019/aptos2019/val_images/val_images/15f440753916.png,1.0,12.79138,0.9996952
data/raw/aptos2019/aptos2019/val_images/val_images/15f8d769935c.png,0.0,-5.9804273,0.02220779
data/raw/aptos2019/aptos2019/val_images/val_images/1601c939412f.png,0.0,-5.271045,0.034359764
data/raw/aptos2019/aptos2019/val_images/val_images/16060f05d047.png,0.0,-6.8518605,0.012915067
data/raw/aptos2019/aptos2019/val_images/val_images/1608c82a263f.png,0.0,-3.3565805,0.106758185
data/raw/aptos2019/aptos2019/val_images/val_images/1623e8e3adc4.png,1.0,11.745339,0.9994091
data/raw/aptos2019/aptos2019/val_images/val_images/1633f8291a80.png,0.0,-5.6701055,0.026897402
data/raw/aptos2019/aptos2019/val_images/val_images/164cd5a3a6cd.png,0.0,-4.044927,0.071762376
data/raw/aptos2019/aptos2019/val_images/val_images/165634a6167e.png,0.0,-5.8370824,0.024265492
data/raw/aptos2019/aptos2019/val_images/val_images/165c548185f8.png,0.0,-4.9454517,0.041892808
data/raw/aptos2019/aptos2019/val_images/val_images/165cd2070ebd.png,1.0,12.3765545,0.9996037
data/raw/aptos2019/aptos2019/val_images/val_images/166068a24416.png,1.0,10.144598,0.99837434
data/raw/aptos2019/aptos2019/val_images/val_images/16ce555748d8.png,1.0,10.26471,0.9984932
data/raw/aptos2019/aptos2019/val_images/val_images/17188c13e635.png,1.0,11.314224,0.99922395
data/raw/aptos2019/aptos2019/val_images/val_images/172df1330a60.png,0.0,10.562441,0.99875164
data/raw/aptos2019/aptos2019/val_images/val_images/174db0854291.png,0.0,-3.809491,0.08234331
data/raw/aptos2019/aptos2019/val_images/val_images/175dd560810a.png,1.0,11.438359,0.99928254
data/raw/aptos2019/aptos2019/val_images/val_images/1782142e17d9.png,0.0,-4.3930826,0.058399938
data/raw/aptos2019/aptos2019/val_images/val_images/178412895d5e.png,0.0,-0.7840359,0.37843513
data/raw/aptos2019/aptos2019/val_images/val_images/17d7d6b092f4.png,0.0,0.19340982,0.5305628
data/raw/aptos2019/aptos2019/val_images/val_images/17d997fe1090.png,0.0,-5.5233426,0.029438326
data/raw/aptos2019/aptos2019/val_images/val_images/17e6116b89b3.png,0.0,-3.4668305,0.10028469
data/raw/aptos2019/aptos2019/val_images/val_images/17eb5d4ad740.png,1.0,12.626972,0.9996617
data/raw/aptos2019/aptos2019/val_images/val_images/17eff993386f.png,0.0,11.714956,0.99939764
data/raw/aptos2019/aptos2019/val_images/val_images/17f6c7072f61.png,0.0,-1.3383309,0.30006376
data/raw/aptos2019/aptos2019/val_images/val_images/180afe1d5ef7.png,1.0,10.531259,0.9987268
data/raw/aptos2019/aptos2019/val_images/val_images/18323d8f2470.png,1.0,12.792606,0.9996954
data/raw/aptos2019/aptos2019/val_images/val_images/1844a039b4ea.png,1.0,12.080366,0.999522
data/raw/aptos2019/aptos2019/val_images/val_images/184a185e7447.png,0.0,-4.8085837,0.04551085
data/raw/aptos2019/aptos2019/val_images/val_images/18621b9ca978.png,0.0,-0.26510328,0.45815387
data/raw/aptos2019/aptos2019/val_images/val_images/1864d3411143.png,0.0,-3.6927867,0.08809925
data/raw/aptos2019/aptos2019/val_images/val_images/186c1835eec5.png,0.0,-4.2379894,0.064037204
data/raw/aptos2019/aptos2019/val_images/val_images/187f6ccda87a.png,1.0,12.660812,0.99966884
data/raw/aptos2019/aptos2019/val_images/val_images/188219f2d9c6.png,0.0,-5.592767,0.028208602
data/raw/aptos2019/aptos2019/val_images/val_images/188a9323be03.png,1.0,12.487219,0.99963045
data/raw/aptos2019/aptos2019/val_images/val_images/1891698febce.png,0.0,-3.850972,0.080381244
data/raw/aptos2019/aptos2019/val_images/val_images/189cbbc9e5e3.png,0.0,-5.3508153,0.032723546
data/raw/aptos2019/aptos2019/val_images/val_images/18af532e7e1e.png,1.0,10.460933,0.9986689
data/raw/aptos2019/aptos2019/val_images/val_images/18b06f56ab27.png,0.0,10.373833,0.9985936
data/raw/aptos2019/aptos2019/val_images/val_images/18b7e34eab8f.png,0.0,-5.0349727,0.039676886
data/raw/aptos2019/aptos2019/val_images/val_images/18b99159a14f.png,0.0,-4.6503563,0.050064225
data/raw/aptos2019/aptos2019/val_images/val_images/18cde9649e90.png,0.0,-1.976436,0.22255577
data/raw/aptos2019/aptos2019/val_images/val_images/18ce0cdc473d.png,0.0,-1.5968729,0.2668588
data/raw/aptos2019/aptos2019/val_images/val_images/18d8fdb140b7.png,1.0,12.368302,0.99960154
data/raw/aptos2019/aptos2019/val_images/val_images/18f1f979d30d.png,1.0,12.463081,0.9996247
data/raw/aptos2019/aptos2019/val_images/val_images/190a309f2cc5.png,0.0,-5.4921823,0.030007035
data/raw/aptos2019/aptos2019/val_images/val_images/19113e5f45ec.png,1.0,10.452842,0.9986621
data/raw/aptos2019/aptos2019/val_images/val_images/191348830ddf.png,1.0,10.702709,0.9988576
data/raw/aptos2019/aptos2019/val_images/val_images/191a711852bd.png,1.0,11.3984375,0.9992642
data/raw/aptos2019/aptos2019/val_images/val_images/191cf5668f33.png,0.0,-3.0447185,0.12709168
data/raw/aptos2019/aptos2019/val_images/val_images/19244004583f.png,1.0,11.117864,0.99912137
data/raw/aptos2019/aptos2019/val_images/val_images/1943983492e5.png,1.0,12.207016,0.99955875
data/raw/aptos2019/aptos2019/val_images/val_images/194814669fee.png,0.0,10.452907,0.9986621
data/raw/aptos2019/aptos2019/val_images/val_images/19545647508e.png,0.0,-5.601785,0.028052561
data/raw/aptos2019/aptos2019/val_images/val_images/1968183f0e61.png,1.0,12.773336,0.9996916
data/raw/aptos2019/aptos2019/val_images/val_images/196e6a186452.png,1.0,11.486407,0.99930394
data/raw/aptos2019/aptos2019/val_images/val_images/19722bff5a09.png,0.0,10.348471,0.9985709
data/raw/aptos2019/aptos2019/val_images/val_images/197af0de76e2.png,0.0,-5.0637856,0.03898789
data/raw/aptos2019/aptos2019/val_images/val_images/19b0e3c734f5.png,0.0,-1.3121423,0.30355623
data/raw/aptos2019/aptos2019/val_images/val_images/19ef4d292196.png,1.0,6.543834,0.9843486
data/raw/aptos2019/aptos2019/val_images/val_images/1a03a7970337.png,0.0,2.530133,0.8321936
data/raw/aptos2019/aptos2019/val_images/val_images/1a0dbc6c0cda.png,0.0,-0.54831463,0.41410676
data/raw/aptos2019/aptos2019/val_images/val_images/1a19f2ef4472.png,0.0,-4.0092497,0.073281065
data/raw/aptos2019/aptos2019/val_images/val_images/1a1e974a7dbf.png,0.0,-3.363084,0.106366314
data/raw/aptos2019/aptos2019/val_images/val_images/1a369baf9ee6.png,1.0,11.5365305,0.99932575
data/raw/aptos2019/aptos2019/val_images/val_images/1a7e3356b39c.png,1.0,11.52846,0.9993223
data/raw/aptos2019/aptos2019/val_images/val_images/1a90fad9ffa2.png,1.0,12.607574,0.9996575
data/raw/aptos2019/aptos2019/val_images/val_images/1ab3f1c71a5f.png,1.0,12.521109,0.9996383
data/raw/aptos2019/aptos2019/val_images/val_images/1ab8d3431ffc.png,0.0,-4.482001,0.055381283
data/raw/aptos2019/aptos2019/val_images/val_images/1ade1e949383.png,1.0,11.427681,0.99927765
data/raw/aptos2019/aptos2019/val_images/val_images/1ae3c58759fb.png,0.0,-4.69162,0.048836775
data/raw/aptos2019/aptos2019/test_images/test_images/e4dcca36ceb4.png,0.0,-2.5758085,0.16380829
data/raw/aptos2019/aptos2019/test_images/test_images/e4e343eaae2a.png,1.0,5.6627426,0.9729804
data/raw/aptos2019/aptos2019/test_images/test_images/e4f12411fd85.png,1.0,12.009119,0.9994999
data/raw/aptos2019/aptos2019/test_images/test_images/e50b0174690d.png,0.0,-4.381025,0.05882098
data/raw/aptos2019/aptos2019/test_images/test_images/e5197d77ec68.png,0.0,-4.450052,0.05644861
data/raw/aptos2019/aptos2019/test_images/test_images/e529c5757d64.png,0.0,-4.906245,0.042900126
data/raw/aptos2019/aptos2019/test_images/test_images/e52ed5c29c5e.png,1.0,12.677714,0.9996724
data/raw/aptos2019/aptos2019/test_images/test_images/e540d2e35d15.png,1.0,12.036543,0.9995085
data/raw/aptos2019/aptos2019/test_images/test_images/e55188915f9d.png,0.0,10.486791,0.99869055
data/raw/aptos2019/aptos2019/test_images/test_images/e580676516b0.png,0.0,10.9454155,0.9990201
data/raw/aptos2019/aptos2019/test_images/test_images/e582e56e7942.png,0.0,-5.270889,0.03436305
data/raw/aptos2019/aptos2019/test_images/test_images/e594c19e2e1d.png,0.0,-4.523359,0.054027807
data/raw/aptos2019/aptos2019/test_images/test_images/e599151ca14b.png,1.0,12.024536,0.9995048
data/raw/aptos2019/aptos2019/test_images/test_images/e59c5f345bb0.png,0.0,-4.0640965,0.070958436
data/raw/aptos2019/aptos2019/test_images/test_images/e5d56f4f359b.png,1.0,12.652287,0.99966705
data/raw/aptos2019/aptos2019/test_images/test_images/e5de79795c1d.png,0.0,-2.8387747,0.14226723
data/raw/aptos2019/aptos2019/test_images/test_images/e5f332efcbc7.png,0.0,-4.687183,0.04896737
data/raw/aptos2019/aptos2019/test_images/test_images/e5f73f2855c0.png,0.0,-5.0157685,0.04014258
data/raw/aptos2019/aptos2019/test_images/test_images/e60e4edb3ca9.png,0.0,-2.2472112,0.19431683
data/raw/aptos2019/aptos2019/test_images/test_images/e62490b7d0e9.png,1.0,12.661537,0.9996691
data/raw/aptos2019/aptos2019/test_images/test_images/e632e38fd2d4.png,0.0,-3.7616897,0.084658325
data/raw/aptos2019/aptos2019/test_images/test_images/e6552b7432b3.png,0.0,-5.490947,0.030029807
data/raw/aptos2019/aptos2019/test_images/test_images/e65a2ff90494.png,1.0,10.268387,0.99849665
data/raw/aptos2019/aptos2019/test_images/test_images/e65f94ad9be3.png,1.0,12.155606,0.9995442
data/raw/aptos2019/aptos2019/test_images/test_images/e663c6627a95.png,1.0,12.610311,0.9996581
data/raw/aptos2019/aptos2019/test_images/test_images/e66855a5c583.png,0.0,-4.911352,0.042767618
data/raw/aptos2019/aptos2019/test_images/test_images/e66ad813a508.png,0.0,-4.933321,0.04220204
data/raw/aptos2019/aptos2019/test_images/test_images/e68746d426b2.png,0.0,-2.632021,0.15899345
data/raw/aptos2019/aptos2019/test_images/test_images/e68bdd36e589.png,0.0,1.7014054,0.74588305
data/raw/aptos2019/aptos2019/test_images/test_images/e69b48516577.png,0.0,-3.637963,0.090926826
data/raw/aptos2019/aptos2019/test_images/test_images/e6a58edc5b42.png,1.0,11.236542,0.9991848
data/raw/aptos2019/aptos2019/test_images/test_images/e6a5e4718873.png,0.0,-5.8724074,0.023741765
data/raw/aptos2019/aptos2019/test_images/test_images/e6a6acf7fca1.png,1.0,7.486422,0.9913195
data/raw/aptos2019/aptos2019/test_images/test_images/e6f0ce5bf282.png,1.0,12.103931,0.999529
data/raw/aptos2019/aptos2019/test_images/test_images/e724866f5084.png,1.0,12.482836,0.9996294
data/raw/aptos2019/aptos2019/test_images/test_images/e7291472109b.png,0.0,-2.3098419,0.18818638
data/raw/aptos2019/aptos2019/test_images/test_images/e740af6ac6ea.png,1.0,12.29348,0.99958223
data/raw/aptos2019/aptos2019/test_images/test_images/e756495c11cb.png,1.0,12.864763,0.99970895
data/raw/aptos2019/aptos2019/test_images/test_images/e7578d8dba72.png,0.0,-5.2304554,0.035222348
data/raw/aptos2019/aptos2019/test_images/test_images/e76a9cbb2a8c.png,1.0,12.685155,0.99967396
data/raw/aptos2019/aptos2019/test_images/test_images/e77a93c3d9a9.png,0.0,-7.10098,0.011052088
data/raw/aptos2019/aptos2019/test_images/test_images/e79e10907295.png,0.0,-4.877104,0.043663803
data/raw/aptos2019/aptos2019/test_images/test_images/e7a372a1c3a4.png,1.0,10.3436775,0.99856657
data/raw/aptos2019/aptos2019/test_images/test_images/e7a7187066ad.png,1.0,11.31378,0.9992237
data/raw/aptos2019/aptos2019/test_images/test_images/e7b5dd5bab1f.png,0.0,-4.5957026,0.051735032
data/raw/aptos2019/aptos2019/test_images/test_images/e7d2c2c3b30f.png,1.0,12.501078,0.99963367
data/raw/aptos2019/aptos2019/test_images/test_images/e7defafeb957.png,1.0,7.639448,0.9921144
data/raw/aptos2019/aptos2019/test_images/test_images/e7fc93ac5b6d.png,1.0,12.201192,0.9995571
data/raw/aptos2019/aptos2019/test_images/test_images/e811f39a1243.png,1.0,12.256843,0.99957246
data/raw/aptos2019/aptos2019/test_images/test_images/e81f4a2fbbdc.png,0.0,-3.9547913,0.075656325
data/raw/aptos2019/aptos2019/test_images/test_images/e821c1b6417a.png,1.0,9.153101,0.9969597
data/raw/aptos2019/aptos2019/test_images/test_images/e82232a3c28b.png,0.0,-5.7263703,0.025980925
data/raw/aptos2019/aptos2019/test_images/test_images/e83d315d8f98.png,1.0,12.931199,0.9997209
data/raw/aptos2019/aptos2019/test_images/test_images/e85d410d6836.png,1.0,10.713188,0.9988651
data/raw/aptos2019/aptos2019/test_images/test_images/e868c3da340b.png,1.0,7.7572966,0.992677
data/raw/aptos2019/aptos2019/test_images/test_images/e893e86dde94.png,0.0,-4.754663,0.047016438
data/raw/aptos2019/aptos2019/test_images/test_images/e8d1c6c07cf2.png,1.0,12.716999,0.9996804
data/raw/aptos2019/aptos2019/test_images/test_images/e8ddfc9709ce.png,0.0,-3.9801528,0.07454149
data/raw/aptos2019/aptos2019/test_images/test_images/e8e44b3160e3.png,0.0,-5.1200414,0.037675604
data/raw/aptos2019/aptos2019/test_images/test_images/e907d23cce3d.png,0.0,-4.583127,0.05212688
data/raw/aptos2019/aptos2019/test_images/test_images/e9129ce55fd7.png,1.0,2.814096,0.85581625
data/raw/aptos2019/aptos2019/test_images/test_images/e9286ddf6ffe.png,0.0,6.8106995,0.9867486
data/raw/aptos2019/aptos2019/test_images/test_images/e933923aab15.png,0.0,-5.1691384,0.03656509
data/raw/aptos2019/aptos2019/test_images/test_images/e93394175a19.png,1.0,12.740098,0.99968505
data/raw/aptos2019/aptos2019/test_images/test_images/e96099b961b4.png,1.0,12.082987,0.9995228
data/raw/aptos2019/aptos2019/test_images/test_images/e966850247f4.png,0.0,-5.497409,0.029910913
data/raw/aptos2019/aptos2019/test_images/test_images/e9678824215d.png,0.0,-5.6083665,0.027939225
data/raw/aptos2019/aptos2019/test_images/test_images/e96bd80a8a53.png,0.0,10.872864,0.9989741
data/raw/aptos2019/aptos2019/test_images/test_images/e97ecf4355cb.png,0.0,-4.4454727,0.056603163
data/raw/aptos2019/aptos2019/test_images/test_images/e9ab8413e771.png,1.0,7.7084804,0.99244905
data/raw/aptos2019/aptos2019/test_images/test_images/e9ce5bf645ab.png,0.0,-3.8677561,0.07959954
data/raw/aptos2019/aptos2019/test_images/test_images/e9f3c85a2a02.png,0.0,-5.1266594,0.037524045
data/raw/aptos2019/aptos2019/test_images/test_images/e9f82b5bbaf4.png,1.0,12.119545,0.99953365
data/raw/aptos2019/aptos2019/test_images/test_images/e9faf0296643.png,0.0,-3.783296,0.08360469
data/raw/aptos2019/aptos2019/test_images/test_images/e9ff9352ccb3.png,0.0,11.005297,0.9990565
data/raw/aptos2019/aptos2019/test_images/test_images/ea05c22d92e9.png,1.0,12.700281,0.99967706
data/raw/aptos2019/aptos2019/test_images/test_images/ea15a290eb96.png,0.0,-6.419642,0.016909562
data/raw/aptos2019/aptos2019/test_images/test_images/ea1d045f9fea.png,1.0,11.251865,0.99919266
data/raw/aptos2019/aptos2019/test_images/test_images/ea4ce9516144.png,0.0,-6.2112756,0.01924725
data/raw/aptos2019/aptos2019/test_images/test_images/ea4dcb055139.png,1.0,12.648185,0.9996662
data/raw/aptos2019/aptos2019/test_images/test_images/ea588d1e5d96.png,1.0,12.180869,0.99955136
data/raw/aptos2019/aptos2019/test_images/test_images/ea5c42a78979.png,0.0,0.11535145,0.51824266
data/raw/aptos2019/aptos2019/test_images/test_images/ea68b58a6e8f.png,0.0,-5.447832,0.030834863
data/raw/aptos2019/aptos2019/test_images/test_images/ea6a53e54d0f.png,0.0,2.6076686,0.83893496
data/raw/aptos2019/aptos2019/test_images/test_images/ea7e21bab610.png,0.0,-5.312452,0.03350082
data/raw/aptos2019/aptos2019/test_images/test_images/ea9c41e1ced0.png,0.0,-0.6763273,0.3945969
data/raw/aptos2019/aptos2019/test_images/test_images/ea9e0fb6fb0b.png,1.0,6.7075763,0.98586756
data/raw/aptos2019/aptos2019/test_images/test_images/eaa0dfbd5024.png,1.0,6.648048,0.9853329
data/raw/aptos2019/aptos2019/test_images/test_images/eabc7c716255.png,0.0,-4.118648,0.06871592
data/raw/aptos2019/aptos2019/test_images/test_images/eabf421f94d0.png,0.0,-5.004488,0.040418558
data/raw/aptos2019/aptos2019/test_images/test_images/ead23cc922ed.png,0.0,8.25272,0.9946374
data/raw/aptos2019/aptos2019/test_images/test_images/eadc57064154.png,1.0,10.287922,0.9985152
data/raw/aptos2019/aptos2019/test_images/test_images/eadfc8809ec8.png,1.0,12.687223,0.9996743
data/raw/aptos2019/aptos2019/test_images/test_images/eae70f527755.png,0.0,-5.583512,0.028369607
data/raw/aptos2019/aptos2019/test_images/test_images/eae901557a84.png,1.0,7.13067,0.98915136
data/raw/aptos2019/aptos2019/test_images/test_images/eb050765b323.png,0.0,-4.793143,0.045937248
data/raw/aptos2019/aptos2019/test_images/test_images/eb175669d789.png,0.0,-1.3883225,0.2934612
data/raw/aptos2019/aptos2019/test_images/test_images/eb1ad14dd281.png,1.0,11.724745,0.99940133
data/raw/aptos2019/aptos2019/test_images/test_images/eb1d37b71fd1.png,1.0,7.5968957,0.99190086
data/raw/aptos2019/aptos2019/test_images/test_images/eb32a815f78c.png,1.0,10.717674,0.99886835
data/raw/aptos2019/aptos2019/test_images/test_images/eb6b1f1c09db.png,0.0,-3.9631078,0.075289086
data/raw/aptos2019/aptos2019/test_images/test_images/eba3acc42197.png,0.0,7.8581023,0.9931265
data/raw/aptos2019/aptos2019/test_images/test_images/ebd96d853918.png,0.0,-5.9921565,0.022047166
data/raw/aptos2019/aptos2019/test_images/test_images/ebe0175e530c.png,1.0,12.651112,0.9996668
data/raw/aptos2019/aptos2019/test_images/test_images/ebf4b22240f4.png,0.0,-8.088357,0.0059469775
data/raw/aptos2019/aptos2019/test_images/test_images/ec01f0862669.png,0.0,-6.1600094,0.01986936
data/raw/aptos2019/aptos2019/test_images/test_images/ec0c9f817b03.png,0.0,-5.511241,0.029657941
data/raw/aptos2019/aptos2019/test_images/test_images/ec363f48867b.png,0.0,-3.8389397,0.08094594
data/raw/aptos2019/aptos2019/test_images/test_images/ec4649213ccf.png,0.0,7.090052,0.9888721
data/raw/aptos2019/aptos2019/test_images/test_images/ec57cc20d776.png,0.0,-4.795425,0.04587398
data/raw/aptos2019/aptos2019/test_images/test_images/ec6659926105.png,0.0,-1.7116611,0.25288865
data/raw/aptos2019/aptos2019/test_images/test_images/ec6f1797a25a.png,0.0,-2.5469532,0.16632508
data/raw/aptos2019/aptos2019/test_images/test_images/ecad6845f630.png,0.0,-1.9653261,0.22377475
data/raw/aptos2019/aptos2019/test_images/test_images/ecb4500285ed.png,0.0,-5.81537,0.024592975
data/raw/aptos2019/aptos2019/test_images/test_images/ed246ae1ed08.png,1.0,9.7916565,0.9979684
data/raw/aptos2019/aptos2019/test_images/test_images/ed2c06fcc573.png,1.0,11.800417,0.9994293
data/raw/aptos2019/aptos2019/test_images/test_images/ed2c52c14493.png,0.0,-5.3582935,0.032574065
data/raw/aptos2019/aptos2019/test_images/test_images/ed2ef440d22c.png,0.0,1.7070515,0.7465598
data/raw/aptos2019/aptos2019/test_images/test_images/ed3a0fc5b546.png,1.0,10.8410635,0.9989532
data/raw/aptos2019/aptos2019/test_images/test_images/ed3ce1674761.png,0.0,-2.9732933,0.13219158
data/raw/aptos2019/aptos2019/test_images/test_images/ed648b9bcd95.png,0.0,-2.769312,0.1477165
data/raw/aptos2019/aptos2019/test_images/test_images/ed6704e3b72e.png,1.0,12.516035,0.9996371
data/raw/aptos2019/aptos2019/test_images/test_images/ed6bd9293a89.png,0.0,-1.6845164,0.25614816
data/raw/aptos2019/aptos2019/test_images/test_images/ed88faaa325a.png,1.0,5.386015,0.96797425
data/raw/aptos2019/aptos2019/test_images/test_images/eda1d75cbcf0.png,0.0,-6.8927574,0.012589235
data/raw/aptos2019/aptos2019/test_images/test_images/eda29a9d78f3.png,0.0,-3.1645956,0.11891043
data/raw/aptos2019/aptos2019/test_images/test_images/edceb0657d77.png,0.0,-5.1737056,0.0364634
data/raw/aptos2019/aptos2019/test_images/test_images/ee02294cc3d9.png,1.0,12.76091,0.9996892
data/raw/aptos2019/aptos2019/test_images/test_images/ee059945b08a.png,1.0,8.030516,0.9938327
data/raw/aptos2019/aptos2019/test_images/test_images/ee1ec90b980f.png,1.0,8.924896,0.99648905
data/raw/aptos2019/aptos2019/test_images/test_images/ee2c2a5f7d0e.png,1.0,11.5727625,0.99934095
data/raw/aptos2019/aptos2019/test_images/test_images/ee36ca728641.png,0.0,-5.9357085,0.022830721
data/raw/aptos2019/aptos2019/test_images/test_images/ee3f5cf52188.png,0.0,-2.745521,0.14962216
data/raw/aptos2019/aptos2019/test_images/test_images/ee3fe7809e6a.png,0.0,-6.9599895,0.01207114
data/raw/aptos2019/aptos2019/test_images/test_images/ee6e39319b39.png,1.0,12.51166,0.99963605
data/raw/aptos2019/aptos2019/test_images/test_images/ee74c3b177e0.png,1.0,12.430559,0.999617
data/raw/aptos2019/aptos2019/test_images/test_images/ee77763a6afb.png,0.0,-5.3004165,0.03374833
data/raw/aptos2019/aptos2019/test_images/test_images/ee78ce914066.png,0.0,10.4254265,0.9986387
data/raw/aptos2019/aptos2019/test_images/test_images/eeaea2c5ff34.png,0.0,-6.0367703,0.021446537
data/raw/aptos2019/aptos2019/test_images/test_images/eeb231c3ef1f.png,0.0,6.410975,0.982999
data/raw/aptos2019/aptos2019/test_images/test_images/eebd1e195952.png,0.0,-5.4287887,0.031197071
data/raw/aptos2019/aptos2019/test_images/test_images/eed4afc8ec83.png,0.0,0.08696907,0.51375663
data/raw/aptos2019/aptos2019/test_images/test_images/eedae6b28f96.png,0.0,-3.859647,0.07997635
data/raw/aptos2019/aptos2019/test_images/test_images/ef247f28004f.png,0.0,-5.381372,0.032116927
data/raw/aptos2019/aptos2019/test_images/test_images/ef26625121b3.png,1.0,10.852356,0.99896073
data/raw/aptos2019/aptos2019/test_images/test_images/ef4121e9bb67.png,0.0,-3.9209929,0.077165835
data/raw/aptos2019/aptos2019/test_images/test_images/ef476be214d4.png,0.0,-4.289028,0.06212825
data/raw/aptos2019/aptos2019/test_images/test_images/ef48780f5d5f.png,0.0,-5.2106805,0.035650115
data/raw/aptos2019/aptos2019/test_images/test_images/ef5155990874.png,0.0,-3.7589612,0.08479223
data/raw/aptos2019/aptos2019/test_images/test_images/ef7a4ed8d5d1.png,1.0,11.806126,0.99943143
data/raw/aptos2019/aptos2019/test_images/test_images/ef7eb85b75fc.png,0.0,-5.6337285,0.027506588
data/raw/aptos2019/aptos2019/test_images/test_images/ef8109305128.png,0.0,9.313355,0.99725217
data/raw/aptos2019/aptos2019/test_images/test_images/ef81cd8854cb.png,0.0,-0.6164332,0.4036874
data/raw/aptos2019/aptos2019/test_images/test_images/ef8c39eb9157.png,0.0,-5.582774,0.028382478
data/raw/aptos2019/aptos2019/test_images/test_images/ef99c499d665.png,0.0,-5.1645727,0.036667015
data/raw/aptos2019/aptos2019/test_images/test_images/efff2f1a35f5.png,1.0,12.10082,0.99952817
data/raw/aptos2019/aptos2019/test_images/test_images/f002ce614c59.png,0.0,-6.504848,0.016036104
data/raw/aptos2019/aptos2019/test_images/test_images/f0098e9d4aee.png,1.0,11.714981,0.99939764
data/raw/aptos2019/aptos2019/test_images/test_images/f00ce9b9d6f4.png,0.0,-3.4473593,0.10140203
data/raw/aptos2019/aptos2019/test_images/test_images/f02057c41256.png,0.0,-4.208225,0.065175556
data/raw/aptos2019/aptos2019/test_images/test_images/f025f33b2c9b.png,1.0,12.769657,0.9996909
data/raw/aptos2019/aptos2019/test_images/test_images/f0267c42907c.png,0.0,-3.1122665,0.1224242
data/raw/aptos2019/aptos2019/test_images/test_images/f02956bd7c50.png,0.0,-1.7486651,0.24848962
data/raw/aptos2019/aptos2019/test_images/test_images/f02babb3a023.png,0.0,-5.9682903,0.022375192
data/raw/aptos2019/aptos2019/test_images/test_images/f03d3c4ce7fb.png,1.0,11.035006,0.999074
data/raw/aptos2019/aptos2019/test_images/test_images/f0546a45ef10.png,0.0,-4.5165343,0.054248985
data/raw/aptos2019/aptos2019/test_images/test_images/f066db7a2efe.png,0.0,1.150514,0.6743947
data/raw/aptos2019/aptos2019/test_images/test_images/f06e7a9df795.png,0.0,-4.980786,0.041004386
data/raw/aptos2019/aptos2019/test_images/test_images/f0800723bc63.png,1.0,12.808453,0.9996984
data/raw/aptos2019/aptos2019/test_images/test_images/f080a22008be.png,1.0,12.560252,0.99964714
data/raw/aptos2019/aptos2019/test_images/test_images/f0860c21533b.png,0.0,0.36865562,0.55806494
data/raw/aptos2019/aptos2019/test_images/test_images/f092febbf5c0.png,1.0,12.5298605,0.9996402
data/raw/aptos2019/aptos2019/test_images/test_images/f09cfc6a4dbd.png,0.0,-6.0828986,0.020842353
data/raw/aptos2019/aptos2019/test_images/test_images/f09fd9433dff.png,0.0,-5.1667266,0.0366189
data/raw/aptos2019/aptos2019/test_images/test_images/f0a2dc580009.png,0.0,-4.1825323,0.06617328
data/raw/aptos2019/aptos2019/test_images/test_images/f0c0f7b5e820.png,1.0,11.679295,0.9993839
data/raw/aptos2019/aptos2019/test_images/test_images/f0c13be90519.png,0.0,8.4309635,0.99520665
data/raw/aptos2019/aptos2019/test_images/test_images/f0e1201b5c1f.png,0.0,-5.858299,0.023949606
data/raw/aptos2019/aptos2019/test_images/test_images/f0f89314e860.png,1.0,12.69348,0.99967563
data/raw/aptos2019/aptos2019/test_images/test_images/f18abfa690ab.png,1.0,8.866602,0.9963575
data/raw/aptos2019/aptos2019/test_images/test_images/f1979147aad4.png,0.0,-4.2424784,0.06386714
data/raw/aptos2019/aptos2019/test_images/test_images/f1a761c68559.png,1.0,12.457298,0.9996233
data/raw/aptos2019/aptos2019/test_images/test_images/f1d719c97838.png,0.0,-6.495619,0.016128534
data/raw/aptos2019/aptos2019/test_images/test_images/f1dc26c4bfa3.png,1.0,8.355501,0.9949734
data/raw/aptos2019/aptos2019/test_images/test_images/f2094a20b275.png,1.0,0.053364858,0.5084425
data/raw/aptos2019/aptos2019/test_images/test_images/f233638e0e90.png,0.0,-0.21665235,0.46577522
data/raw/aptos2019/aptos2019/test_images/test_images/f252046c0fe6.png,0.0,-3.1657856,0.118831545
data/raw/aptos2019/aptos2019/test_images/test_images/f26b02ead915.png,0.0,-6.2815647,0.018425249
data/raw/aptos2019/aptos2019/test_images/test_images/f298b7d05958.png,0.0,-4.2474675,0.063678615
data/raw/aptos2019/aptos2019/test_images/test_images/f2c0b41acd05.png,0.0,-3.7364352,0.08590512
data/raw/aptos2019/aptos2019/test_images/test_images/f2d2a0c92034.png,1.0,11.220194,0.9991763
data/raw/aptos2019/aptos2019/test_images/test_images/f2ee81781411.png,1.0,7.8010864,0.9928758
data/raw/aptos2019/aptos2019/test_images/test_images/f2f569a64949.png,0.0,-3.161628,0.11910733
data/raw/aptos2019/aptos2019/test_images/test_images/f30f203ef51e.png,1.0,12.2354965,0.9995666
data/raw/aptos2019/aptos2019/test_images/test_images/f35d80bb1a22.png,0.0,-3.275905,0.11172572
data/raw/aptos2019/aptos2019/test_images/test_images/f361060eda3e.png,0.0,-5.0262723,0.039887223
data/raw/aptos2019/aptos2019/test_images/test_images/f366fb1cc475.png,0.0,-4.7465224,0.047247812
data/raw/aptos2019/aptos2019/test_images/test_images/f36cb007a1ef.png,0.0,-2.6087859,0.16096957
data/raw/aptos2019/aptos2019/test_images/test_images/f3a268d2726d.png,1.0,12.08347,0.9995229
data/raw/aptos2019/aptos2019/test_images/test_images/f3a4751af42e.png,0.0,3.8156095,0.9179488
data/raw/aptos2019/aptos2019/test_images/test_images/f3a88d3026dc.png,1.0,11.637465,0.9993674
data/raw/aptos2019/aptos2019/test_images/test_images/f3b27ac2d371.png,0.0,-7.867091,0.00683477
data/raw/aptos2019/aptos2019/test_images/test_images/f3b6b7ca1eb1.png,1.0,12.266124,0.99957496
data/raw/aptos2019/aptos2019/test_images/test_images/f3bb996b45ce.png,0.0,-5.602328,0.028043201
data/raw/aptos2019/aptos2019/test_images/test_images/f3cd489acbee.png,1.0,12.675901,0.99967206
data/raw/aptos2019/aptos2019/test_images/test_images/f42b693a9414.png,0.0,-1.8588771,0.23569395
data/raw/aptos2019/aptos2019/test_images/test_images/f431f2e119d7.png,0.0,-5.7478104,0.025639754
data/raw/aptos2019/aptos2019/test_images/test_images/f451eee2b66b.png,0.0,-2.8428843,0.14195015
data/raw/aptos2019/aptos2019/test_images/test_images/f45f1485c940.png,1.0,11.521205,0.9993192
data/raw/aptos2019/aptos2019/test_images/test_images/f460608cf4cc.png,1.0,10.17765,0.998408
data/raw/aptos2019/aptos2019/test_images/test_images/f47a2a4a0411.png,0.0,7.936814,0.99345833
data/raw/aptos2019/aptos2019/test_images/test_images/f481f76a6b75.png,0.0,12.62576,0.99966145
data/raw/aptos2019/aptos2019/test_images/test_images/f48241b0c995.png,0.0,-4.293264,0.061972227
data/raw/aptos2019/aptos2019/test_images/test_images/f4874247ede6.png,0.0,-7.468596,0.008778113
data/raw/aptos2019/aptos2019/test_images/test_images/f4c7ae514c54.png,0.0,-5.2566857,0.03466256
data/raw/aptos2019/aptos2019/test_images/test_images/f4d3169b468a.png,0.0,-6.9300213,0.012299425
data/raw/aptos2019/aptos2019/test_images/test_images/f4d3777f2710.png,1.0,12.419591,0.99961424
data/raw/aptos2019/aptos2019/test_images/test_images/f4de9620e3f2.png,0.0,-5.4973416,0.029912138
data/raw/aptos2019/aptos2019/test_images/test_images/f4df3d86688d.png,0.0,-7.3391743,0.009520241
data/raw/aptos2019/aptos2019/test_images/test_images/f4e68b61f480.png,0.0,-2.4491684,0.17508426
data/raw/aptos2019/aptos2019/test_images/test_images/f4ea2a2cfbb9.png,0.0,-5.8480678,0.02410143
data/raw/aptos2019/aptos2019/test_images/test_images/f531232ecb55.png,0.0,-4.1032495,0.06934219
data/raw/aptos2019/aptos2019/test_images/test_images/f549294e12e1.png,1.0,11.758055,0.99941385
data/raw/aptos2019/aptos2019/test_images/test_images/f55e1d2a19e4.png,0.0,10.290872,0.99851793
data/raw/aptos2019/aptos2019/test_images/test_images/f5650eb52640.png,0.0,8.947647,0.996539
data/raw/aptos2019/aptos2019/test_images/test_images/f56ff0440ed1.png,0.0,-5.733981,0.025859311
data/raw/aptos2019/aptos2019/test_images/test_images/f5733f77273d.png,0.0,-3.6529305,0.090146855
data/raw/aptos2019/aptos2019/test_images/test_images/f576e45d1da2.png,1.0,12.427632,0.99961627
data/raw/aptos2019/aptos2019/test_images/test_images/f57cf3b6f48e.png,0.0,-5.531665,0.029288212
data/raw/aptos2019/aptos2019/test_images/test_images/f580566e27f5.png,0.0,-2.6934502,0.15386368
data/raw/aptos2019/aptos2019/test_images/test_images/f583a722434c.png,1.0,7.4769526,0.99126786
data/raw/aptos2019/aptos2019/test_images/test_images/f58cdfa968be.png,0.0,-4.3465548,0.06004037
data/raw/aptos2019/aptos2019/test_images/test_images/f58d37d48e42.png,1.0,12.358145,0.99959904
data/raw/aptos2019/aptos2019/test_images/test_images/f58f0b2fd718.png,0.0,-3.8639863,0.07977451
data/raw/aptos2019/aptos2019/test_images/test_images/f5a8c6426a71.png,1.0,12.466104,0.99962544
data/raw/aptos2019/aptos2019/test_images/test_images/f5c953bee7cd.png,0.0,-6.359657,0.017552363
data/raw/aptos2019/aptos2019/test_images/test_images/f5e6226bd2e0.png,1.0,12.584503,0.9996525
data/raw/aptos2019/aptos2019/test_images/test_images/f5e9a307288c.png,1.0,12.033826,0.99950767
data/raw/aptos2019/aptos2019/test_images/test_images/f61bf44c677c.png,1.0,12.18527,0.99955267
data/raw/aptos2019/aptos2019/test_images/test_images/f62b8a076833.png,0.0,1.3784331,0.7052394
data/raw/aptos2019/aptos2019/test_images/test_images/f633c474e8b8.png,0.0,-5.0583014,0.039118133
data/raw/aptos2019/aptos2019/test_images/test_images/f64214bed40e.png,1.0,12.463281,0.9996247
data/raw/aptos2019/aptos2019/test_images/test_images/f64b6e85f1c9.png,0.0,-1.2076933,0.31770968
data/raw/aptos2019/aptos2019/test_images/test_images/f66c4ee86629.png,0.0,-4.418718,0.057514157
data/raw/aptos2019/aptos2019/test_images/test_images/f68690db78d3.png,0.0,-3.6899228,0.08824497
data/raw/aptos2019/aptos2019/test_images/test_images/f69400b316a7.png,1.0,11.938642,0.9994772
data/raw/aptos2019/aptos2019/test_images/test_images/f69835dc7c50.png,1.0,12.914419,0.9997179
data/raw/aptos2019/aptos2019/test_images/test_images/f6d760566a51.png,0.0,-6.1042504,0.020568354
data/raw/aptos2019/aptos2019/test_images/test_images/f6f3ea0d2693.png,1.0,12.603399,0.9996567
data/raw/aptos2019/aptos2019/test_images/test_images/f6f433f3306f.png,1.0,12.720251,0.9996811
data/raw/aptos2019/aptos2019/test_images/test_images/f6f7dba7104d.png,0.0,11.674169,0.9993819
data/raw/aptos2019/aptos2019/test_images/test_images/f7116e7b2f4e.png,0.0,-3.5487585,0.09570237
data/raw/aptos2019/aptos2019/test_images/test_images/f71333204618.png,0.0,-1.7428374,0.249179
data/raw/aptos2019/aptos2019/test_images/test_images/f71aca5a7dc3.png,0.0,-6.177557,0.019654237
data/raw/aptos2019/aptos2019/test_images/test_images/f71bea807c96.png,0.0,-3.8402593,0.08088384
data/raw/aptos2019/aptos2019/test_images/test_images/f72adcac5638.png,1.0,10.641913,0.9988128
data/raw/aptos2019/aptos2019/test_images/test_images/f72ef9ceeaa8.png,0.0,3.2998707,0.88977075
data/raw/aptos2019/aptos2019/test_images/test_images/f7508f14dd7b.png,0.0,-2.3945134,0.18013631
data/raw/aptos2019/aptos2019/test_images/test_images/f762c272c522.png,0.0,11.973315,0.9994885
data/raw/aptos2019/aptos2019/test_images/test_images/f7735b6d47f7.png,0.0,-4.780666,0.046284553
data/raw/aptos2019/aptos2019/test_images/test_images/f7defe70afc3.png,0.0,-2.1369073,0.20547956
data/raw/aptos2019/aptos2019/test_images/test_images/f7e9fa75c7c1.png,0.0,-4.9251046,0.042412724
data/raw/aptos2019/aptos2019/test_images/test_images/f7edc074f06b.png,1.0,12.519454,0.99963784
data/raw/aptos2019/aptos2019/test_images/test_images/f7fec8935126.png,0.0,12.398873,0.9996092
data/raw/aptos2019/aptos2019/test_images/test_images/f80118bbda18.png,1.0,10.73726,0.99888223
data/raw/aptos2019/aptos2019/test_images/test_images/f819c65b803c.png,0.0,-5.121221,0.037648547
data/raw/aptos2019/aptos2019/test_images/test_images/f8372e80f731.png,1.0,12.321221,0.9995895
data/raw/aptos2019/aptos2019/test_images/test_images/f850cb51fdba.png,1.0,0.14035572,0.52219224
data/raw/aptos2019/aptos2019/test_images/test_images/f85c78201a50.png,0.0,-3.5586956,0.095159486
data/raw/aptos2019/aptos2019/test_images/test_images/f85fd4fac887.png,0.0,-3.6009035,0.0928842
data/raw/aptos2019/aptos2019/test_images/test_images/f86d1c404acb.png,0.0,-5.227101,0.035294555
data/raw/aptos2019/aptos2019/test_images/test_images/f8cf7ed8ef00.png,1.0,11.595077,0.99935025
data/raw/aptos2019/aptos2019/test_images/test_images/f8d62557ad0c.png,0.0,-2.1633399,0.20276196
data/raw/aptos2019/aptos2019/test_images/test_images/f8f5942b690e.png,0.0,-3.8278034,0.0814718
data/raw/aptos2019/aptos2019/test_images/test_images/f8fc411092c7.png,1.0,12.769806,0.999691
data/raw/aptos2019/aptos2019/test_images/test_images/f901d460517c.png,1.0,12.440412,0.99961936
data/raw/aptos2019/aptos2019/test_images/test_images/f90f8931a9bc.png,0.0,-6.9146667,0.012418035
data/raw/aptos2019/aptos2019/test_images/test_images/f9156aeffc5e.png,1.0,11.843672,0.9994448
data/raw/aptos2019/aptos2019/test_images/test_images/f91cfa82b9d4.png,0.0,-4.4298005,0.057135146
data/raw/aptos2019/aptos2019/test_images/test_images/f920ccd926db.png,1.0,11.97802,0.99949
data/raw/aptos2019/aptos2019/test_images/test_images/f952ad2e4356.png,0.0,-4.7364044,0.047536906
data/raw/aptos2019/aptos2019/test_images/test_images/f994a3b07935.png,0.0,-3.3133986,0.109392405
data/raw/aptos2019/aptos2019/test_images/test_images/f999c6921e6d.png,1.0,12.5467415,0.99964404
data/raw/aptos2019/aptos2019/test_images/test_images/f9aa35187bf3.png,1.0,8.190811,0.9944243
data/raw/aptos2019/aptos2019/test_images/test_images/f9d52509c571.png,0.0,-1.7594882,0.24721272
data/raw/aptos2019/aptos2019/test_images/test_images/f9d8ff3e6592.png,0.0,-3.1189396,0.12197121
data/raw/aptos2019/aptos2019/test_images/test_images/f9e1c439d4c8.png,0.0,-1.587963,0.26796347
data/raw/aptos2019/aptos2019/test_images/test_images/f9e779a13204.png,1.0,10.816534,0.99893695
data/raw/aptos2019/aptos2019/test_images/test_images/f9ecf1795804.png,1.0,2.534741,0.8326005
data/raw/aptos2019/aptos2019/test_images/test_images/fa0c87bd75ce.png,0.0,-4.398194,0.05822231
data/raw/aptos2019/aptos2019/test_images/test_images/fa3e544a7401.png,1.0,11.523941,0.99932027
data/raw/aptos2019/aptos2019/test_images/test_images/fa573163dd8b.png,0.0,-5.5355372,0.02921862
data/raw/aptos2019/aptos2019/test_images/test_images/fa59221cf464.png,1.0,7.8190465,0.9929557
data/raw/aptos2019/aptos2019/test_images/test_images/fa6f3d8bb1d5.png,0.0,-1.4528117,0.28507078
data/raw/aptos2019/aptos2019/test_images/test_images/fa748b57262b.png,1.0,12.883646,0.9997124
data/raw/aptos2019/aptos2019/test_images/test_images/fa7fa797c650.png,0.0,-3.3685272,0.10603934
data/raw/aptos2019/aptos2019/test_images/test_images/fa9bece586fc.png,0.0,-5.40856,0.03158634
data/raw/aptos2019/aptos2019/test_images/test_images/fa9f1bc03f21.png,0.0,-2.7232974,0.15142052
data/raw/aptos2019/aptos2019/test_images/test_images/fac399455195.png,1.0,12.507633,0.9996352
data/raw/aptos2019/aptos2019/test_images/test_images/fb1b8771c70a.png,0.0,-5.1568966,0.036839
data/raw/aptos2019/aptos2019/test_images/test_images/fb61230b99dd.png,1.0,12.244571,0.9995691
data/raw/aptos2019/aptos2019/test_images/test_images/fb696a8e055a.png,1.0,12.595487,0.9996549
data/raw/aptos2019/aptos2019/test_images/test_images/fb6b8200b7f8.png,0.0,6.156807,0.98009115
data/raw/aptos2019/aptos2019/test_images/test_images/fb767cea406c.png,0.0,-2.7352707,0.15044942
data/raw/aptos2019/aptos2019/test_images/test_images/fb88783de055.png,0.0,2.068179,0.7873283
data/raw/aptos2019/aptos2019/test_images/test_images/fb88d23fc5fe.png,0.0,-3.5497894,0.09564591
data/raw/aptos2019/aptos2019/test_images/test_images/fba493e17448.png,1.0,12.531942,0.9996407
data/raw/aptos2019/aptos2019/test_images/test_images/fbcbc81cf9be.png,0.0,-5.777603,0.025172897
data/raw/aptos2019/aptos2019/test_images/test_images/fbdc796290d4.png,0.0,-6.2385564,0.01892403
data/raw/aptos2019/aptos2019/test_images/test_images/fbfa925506f6.png,0.0,-3.9597628,0.0754366
data/raw/aptos2019/aptos2019/test_images/test_images/fc1b1841eadf.png,1.0,11.844607,0.999445
data/raw/aptos2019/aptos2019/test_images/test_images/fc4c2d35c6f8.png,1.0,11.902292,0.9994649
data/raw/aptos2019/aptos2019/test_images/test_images/fc4d69128e7c.png,1.0,11.838126,0.99944276
data/raw/aptos2019/aptos2019/test_images/test_images/fc603cbedb41.png,1.0,12.265407,0.9995747
data/raw/aptos2019/aptos2019/test_images/test_images/fc782722a50c.png,0.0,-3.9949644,0.07389741
data/raw/aptos2019/aptos2019/test_images/test_images/fc898dfeb24f.png,0.0,-6.738606,0.013861446
data/raw/aptos2019/aptos2019/test_images/test_images/fc8fce67fbf8.png,0.0,-5.2546287,0.034706157
data/raw/aptos2019/aptos2019/test_images/test_images/fca1a8738b8a.png,0.0,-5.8915086,0.023463182
data/raw/aptos2019/aptos2019/test_images/test_images/fca931da5c5e.png,0.0,8.647546,0.9958182
data/raw/aptos2019/aptos2019/test_images/test_images/fcc32dffd24d.png,0.0,-5.250767,0.03478812
data/raw/aptos2019/aptos2019/test_images/test_images/fcc55ae641ae.png,1.0,11.508774,0.9993137
data/raw/aptos2019/aptos2019/test_images/test_images/fcc6aa6755e6.png,1.0,12.286794,0.99958044
data/raw/aptos2019/aptos2019/test_images/test_images/fce73678f650.png,0.0,-0.60899895,0.4048205
data/raw/aptos2019/aptos2019/test_images/test_images/fce93caa4758.png,1.0,11.629458,0.9993642
data/raw/aptos2019/aptos2019/test_images/test_images/fd079d2e93a2.png,0.0,-4.889352,0.043341268
data/raw/aptos2019/aptos2019/test_images/test_images/fd0a70082e7c.png,0.0,-3.634723,0.09109645
data/raw/aptos2019/aptos2019/test_images/test_images/fd48cf452e9d.png,1.0,12.296049,0.99958295
data/raw/aptos2019/aptos2019/test_images/test_images/fd4c946c52bf.png,0.0,-3.1653821,0.11885827
data/raw/aptos2019/aptos2019/test_images/test_images/fd62bd0db4f1.png,0.0,9.390133,0.9973821
data/raw/aptos2019/aptos2019/test_images/test_images/fd87b6b2e664.png,0.0,-2.954436,0.13356666
data/raw/aptos2019/aptos2019/test_images/test_images/fda39982a810.png,1.0,12.542275,0.9996431
data/raw/aptos2019/aptos2019/test_images/test_images/fdbc252813b1.png,0.0,0.32822144,0.55174476
data/raw/aptos2019/aptos2019/test_images/test_images/fdc685055659.png,0.0,-6.5748043,0.015352283
data/raw/aptos2019/aptos2019/test_images/test_images/fdd18ccbbdc5.png,0.0,5.328177,0.9668199
data/raw/aptos2019/aptos2019/test_images/test_images/fdd534271f3d.png,1.0,12.681553,0.99967325
data/raw/aptos2019/aptos2019/test_images/test_images/fe06dad6851c.png,0.0,-4.539706,0.05350149
data/raw/aptos2019/aptos2019/test_images/test_images/fe0e2dee1834.png,0.0,-2.982028,0.13155872
data/raw/aptos2019/aptos2019/test_images/test_images/fe0fc67c7980.png,1.0,12.850296,0.9997062
data/raw/aptos2019/aptos2019/test_images/test_images/fe2df69676cf.png,0.0,10.200418,0.99843067
data/raw/aptos2019/aptos2019/test_images/test_images/fe37f4492920.png,1.0,12.592666,0.9996543
data/raw/aptos2019/aptos2019/test_images/test_images/fe3b0e50be78.png,0.0,-1.9863508,0.22147198
data/raw/aptos2019/aptos2019/test_images/test_images/fe3f62695b2d.png,0.0,-7.8231072,0.007026342
data/raw/aptos2019/aptos2019/test_images/test_images/fe674c2f73f5.png,0.0,2.0196116,0.7821362
data/raw/aptos2019/aptos2019/test_images/test_images/fea14b3d44b0.png,0.0,5.360482,0.9674695
data/raw/aptos2019/aptos2019/test_images/test_images/febfb20dc311.png,0.0,-6.85448,0.012893956
data/raw/aptos2019/aptos2019/test_images/test_images/fecf4c5ae84b.png,0.0,11.403394,0.99926645
data/raw/aptos2019/aptos2019/test_images/test_images/fed5bb685832.png,0.0,-4.7043877,0.04846279
data/raw/aptos2019/aptos2019/test_images/test_images/fefded6bf135.png,0.0,-3.8653688,0.0797103
data/raw/aptos2019/aptos2019/test_images/test_images/ff03f74667df.png,0.0,-6.4622803,0.016466785
data/raw/aptos2019/aptos2019/test_images/test_images/ff0740cb484a.png,1.0,12.424251,0.99961543
data/raw/aptos2019/aptos2019/test_images/test_images/ff1e940105f9.png,0.0,-1.3173618,0.30285832
data/raw/aptos2019/aptos2019/test_images/test_images/ff344e5c9341.png,1.0,9.936417,0.99814594
data/raw/aptos2019/aptos2019/test_images/test_images/ff4832d55461.png,0.0,-4.457185,0.05620865
data/raw/aptos2019/aptos2019/test_images/test_images/ff4955e76894.png,0.0,1.2659938,0.6902341
data/raw/aptos2019/aptos2019/test_images/test_images/ff4cd992667b.png,0.0,-1.0884755,0.3342851
data/raw/aptos2019/aptos2019/test_images/test_images/ff59d44a70a7.png,0.0,-5.3706884,0.03232777
data/raw/aptos2019/aptos2019/test_images/test_images/ff631653374e.png,0.0,-2.964493,0.13283181
data/raw/aptos2019/aptos2019/test_images/test_images/ff77e8e5b5f3.png,1.0,10.479307,0.99868435
data/raw/aptos2019/aptos2019/test_images/test_images/ff8a0b45c789.png,1.0,12.590117,0.9996537
data/raw/aptos2019/aptos2019/test_images/test_images/ffa47f6a7bf4.png,1.0,12.5301285,0.99964035
data/raw/aptos2019/aptos2019/test_images/test_images/ffc04fed30e6.png,0.0,-4.931937,0.042237457
data/raw/aptos2019/aptos2019/test_images/test_images/ffcf7b45f213.png,1.0,12.666953,0.99967015
data/raw/aptos2019/aptos2019/test_images/test_images/ffd97f8cd5aa.png,0.0,-6.5557203,0.01553593
data/raw/aptos2019/aptos2019/test_images/test_images/ffec9a18a3ce.png,1.0,12.108602,0.99953043
