image_path,target,raw_logit,cal_prob,overall_quality
data/raw/deepdrid/deepdrid/regular-fundus-training/Images/1/1_l1.jpg,0.0,-3.4484293,0.10134034,0
data/raw/deepdrid/deepdrid/regular-fundus-training/Images/1/1_l2.jpg,0.0,-3.391097,0.1046929,0
data/raw/deepdrid/deepdrid/regular-fundus-training/Images/1/1_r1.jpg,0.0,-0.27118948,0.45719787,0
data/raw/deepdrid/deepdrid/regular-fundus-training/Images/1/1_r2.jpg,0.0,-2.090082,0.21035987,0
data/raw/deepdrid/deepdrid/regular-fundus-training/Images/2/2_l1.jpg,1.0,2.177076,0.7986397,0
data/raw/deepdrid/deepdrid/regular-fundus-training/Images/2/2_l2.jpg,1.0,9.256809,0.9971522,0
data/raw/deepdrid/deepdrid/regular-fundus-training/Images/2/2_r1.jpg,1.0,11.580265,0.99934405,0
data/raw/deepdrid/deepdrid/regular-fundus-training/Images/2/2_r2.jpg,1.0,9.101263,0.9968586,0
data/raw/deepdrid/deepdrid/regular-fundus-training/Images/3/3_l1.jpg,0.0,-1.0826089,0.33511183,0
data/raw/deepdrid/deepdrid/regular-fundus-training/Images/3/3_l2.jpg,0.0,-1.4142141,0.2900752,0
data/raw/deepdrid/deepdrid/regular-fundus-training/Images/3/3_r1.jpg,0.0,-2.3529615,0.18405278,0
data/raw/deepdrid/deepdrid/regular-fundus-training/Images/3/3_r2.jpg,0.0,-2.7621808,0.1482856,0
data/raw/deepdrid/deepdrid/regular-fundus-training/Images/4/4_l1.jpg,1.0,3.1232455,0.8783203,0
data/raw/deepdrid/deepdrid/regular-fundus-training/Images/4/4_l2.jpg,1.0,4.8658366,0.95603746,0
data/raw/deepdrid/deepdrid/regular-fundus-training/Images/4/4_r1.jpg,1.0,7.43078,0.99101114,0
data/raw/deepdrid/deepdrid/regular-fundus-training/Images/4/4_r2.jpg,1.0,8.545813,0.9955413,0
data/raw/deepdrid/deepdrid/regular-fundus-training/Images/5/5_l1.jpg,0.0,2.3730679,0.81785053,1
data/raw/deepdrid/deepdrid/regular-fundus-training/Images/5/5_l2.jpg,0.0,-3.010566,0.12950893,1
data/raw/deepdrid/deepdrid/regular-fundus-training/Images/5/5_r1.jpg,0.0,1.0858828,0.66534966,0
data/raw/deepdrid/deepdrid/regular-fundus-training/Images/5/5_r2.jpg,0.0,0.106153265,0.5167891,0
data/raw/deepdrid/deepdrid/regular-fundus-training/Images/6/6_l1.jpg,1.0,10.786057,0.99891627,0
data/raw/deepdrid/deepdrid/regular-fundus-training/Images/6/6_l2.jpg,1.0,11.744738,0.99940896,0
data/raw/deepdrid/deepdrid/regular-fundus-training/Images/6/6_r1.jpg,1.0,8.900623,0.9964348,0
data/raw/deepdrid/deepdrid/regular-fundus-training/Images/6/6_r2.jpg,1.0,5.1055765,0.961991,0
data/raw/deepdrid/deepdrid/regular-fundus-training/Images/7/7_l1.jpg,0.0,-3.7196624,0.08674235,1
data/raw/deepdrid/deepdrid/regular-fundus-training/Images/7/7_l2.jpg,0.0,-3.3479197,0.10728199,1
data/raw/deepdrid/deepdrid/regular-fundus-training/Images/7/7_r1.jpg,0.0,-4.616262,0.051100418,1
data/raw/deepdrid/deepdrid/regular-fundus-training/Images/7/7_r2.jpg,0.0,-6.468907,0.016398994,1
data/raw/deepdrid/deepdrid/regular-fundus-training/Images/8/8_l1.jpg,1.0,10.384779,0.9986033,0
data/raw/deepdrid/deepdrid/regular-fundus-training/Images/8/8_l2.jpg,1.0,12.69114,0.99967515,0
data/raw/deepdrid/deepdrid/regular-fundus-training/Images/8/8_r1.jpg,1.0,9.603227,0.99771166,0
data/raw/deepdrid/deepdrid/regular-fundus-training/Images/8/8_r2.jpg,1.0,12.013235,0.9995012,0
data/raw/deepdrid/deepdrid/regular-fundus-training/Images/9/9_l1.jpg,0.0,0.256007,0.54041666,0
data/raw/deepdrid/deepdrid/regular-fundus-training/Images/9/9_l2.jpg,0.0,-5.7316766,0.025896072,0
data/raw/deepdrid/deepdrid/regular-fundus-training/Images/9/9_r1.jpg,0.0,0.961946,0.6476648,0
data/raw/deepdrid/deepdrid/regular-fundus-training/Images/9/9_r2.jpg,0.0,-2.5612903,0.16507074,0
data/raw/deepdrid/deepdrid/regular-fundus-training/Images/10/10_l1.jpg,0.0,2.212515,0.8022224,0
data/raw/deepdrid/deepdrid/regular-fundus-training/Images/10/10_l2.jpg,0.0,-3.190978,0.11717219,0
data/raw/deepdrid/deepdrid/regular-fundus-training/Images/10/10_r1.jpg,0.0,0.2998955,0.5473071,0
data/raw/deepdrid/deepdrid/regular-fundus-training/Images/10/10_r2.jpg,0.0,1.1991744,0.68112046,0
data/raw/deepdrid/deepdrid/regular-fundus-training/Images/11/11_l1.jpg,1.0,10.611505,0.99878985,0
data/raw/deepdrid/deepdrid/regular-fundus-training/Images/11/11_l2.jpg,1.0,4.943865,0.9580668,0
data/raw/deepdrid/deepdrid/regular-fundus-training/Images/11/11_r1.jpg,1.0,4.410802,0.94221365,0
data/raw/deepdrid/deepdrid/regular-fundus-training/Images/11/11_r2.jpg,1.0,6.433037,0.9832307,0
data/raw/deepdrid/deepdrid/regular-fundus-training/Images/12/12_l1.jpg,1.0,13.070943,0.9997446,1
data/raw/deepdrid/deepdrid/regular-fundus-training/Images/12/12_l2.jpg,1.0,12.439263,0.999619,1
data/raw/deepdrid/deepdrid/regular-fundus-training/Images/12/12_r1.jpg,1.0,13.038614,0.9997392,1
data/raw/deepdrid/deepdrid/regular-fundus-training/Images/12/12_r2.jpg,1.0,12.836067,0.9997036,1
data/raw/deepdrid/deepdrid/regular-fundus-training/Images/13/13_l1.jpg,1.0,11.933075,0.9994753,0
data/raw/deepdrid/deepdrid/regular-fundus-training/Images/13/13_l2.jpg,1.0,12.121381,0.99953425,0
data/raw/deepdrid/deepdrid/regular-fundus-training/Images/13/13_r1.jpg,1.0,5.1353073,0.96267307,0
data/raw/deepdrid/deepdrid/regular-fundus-training/Images/13/13_r2.jpg,1.0,8.323381,0.9948708,0
data/raw/deepdrid/deepdrid/regular-fundus-training/Images/14/14_l1.jpg,0.0,-4.5425053,0.05341185,0
data/raw/deepdrid/deepdrid/regular-fundus-training/Images/14/14_l2.jpg,0.0,-5.302272,0.033710063,0
data/raw/deepdrid/deepdrid/regular-fundus-training/Images/14/14_r1.jpg,0.0,-2.8437803,0.1418811,0
data/raw/deepdrid/deepdrid/regular-fundus-training/Images/14/14_r2.jpg,0.0,-4.202861,0.065382704,0
data/raw/deepdrid/deepdrid/regular-fundus-training/Images/15/15_l1.jpg,1.0,11.355931,0.9992441,1
data/raw/deepdrid/deepdrid/regular-fundus-training/Images/15/15_l2.jpg,1.0,7.6149487,0.9919922,1
data/raw/deepdrid/deepdrid/regular-fundus-training/Images/15/15_r1.jpg,1.0,1.2298151,0.68531734,0
data/raw/deepdrid/deepdrid/regular-fundus-training/Images/15/15_r2.jpg,1.0,4.805651,0.95440847,0
data/raw/deepdrid/deepdrid/regular-fundus-training/Images/16/16_l1.jpg,1.0,9.084888,0.99682605,0
data/raw/deepdrid/deepdrid/regular-fundus-training/Images/16/16_l2.jpg,1.0,9.469746,0.99751043,0
data/raw/deepdrid/deepdrid/regular-fundus-training/Images/16/16_r1.jpg,0.0,3.5812252,0.9060612,0
data/raw/deepdrid/deepdrid/regular-fundus-training/Images/16/16_r2.jpg,0.0,7.5252767,0.9915285,0
data/raw/deepdrid/deepdrid/regular-fundus-training/Images/17/17_l1.jpg,0.0,1.4735419,0.71759546,0
data/raw/deepdrid/deepdrid/regular-fundus-training/Images/17/17_l2.jpg,0.0,1.5389308,0.72590584,0
data/raw/deepdrid/deepdrid/regular-fundus-training/Images/17/17_r1.jpg,0.0,7.5960016,0.99189645,0
data/raw/deepdrid/deepdrid/regular-fundus-training/Images/17/17_r2.jpg,0.0,-0.6822814,0.39369708,0
data/raw/deepdrid/deepdrid/regular-fundus-training/Images/18/18_l1.jpg,0.0,-4.005515,0.07344174,1
data/raw/deepdrid/deepdrid/regular-fundus-training/Images/18/18_l2.jpg,0.0,-1.7866664,0.2440257,1
data/raw/deepdrid/deepdrid/regular-fundus-training/Images/18/18_r1.jpg,0.0,-2.847071,0.14162774,0
data/raw/deepdrid/deepdrid/regular-fundus-training/Images/18/18_r2.jpg,0.0,0.01907356,0.5030177,0
data/raw/deepdrid/deepdrid/regular-fundus-training/Images/19/19_l1.jpg,1.0,12.765991,0.9996902,0
data/raw/deepdrid/deepdrid/regular-fundus-training/Images/19/19_l2.jpg,1.0,12.1544075,0.99954385,0
data/raw/deepdrid/deepdrid/regular-fundus-training/Images/19/19_r1.jpg,1.0,12.779452,0.9996928,0
data/raw/deepdrid/deepdrid/regular-fundus-training/Images/19/19_r2.jpg,1.0,11.53411,0.9993247,0
data/raw/deepdrid/deepdrid/regular-fundus-training/Images/20/20_l1.jpg,0.0,1.7763001,0.75476205,1
data/raw/deepdrid/deepdrid/regular-fundus-training/Images/20/20_l2.jpg,0.0,6.602286,0.98490846,1
data/raw/deepdrid/deepdrid/regular-fundus-training/Images/20/20_r1.jpg,0.0,0.77053136,0.61955243,1
data/raw/deepdrid/deepdrid/regular-fundus-training/Images/20/20_r2.jpg,0.0,5.001113,0.9594985,1
data/raw/deepdrid/deepdrid/regular-fundus-training/Images/21/21_l1.jpg,1.0,7.932614,0.99344105,0
data/raw/deepdrid/deepdrid/regular-fundus-training/Images/21/21_l2.jpg,1.0,1.5980011,0.7332809,0
data/raw/deepdrid/deepdrid/regular-fundus-training/Images/21/21_r1.jpg,1.0,4.417577,0.9424467,1
data/raw/deepdrid/deepdrid/regular-fundus-training/Images/21/21_r2.jpg,1.0,5.216979,0.96448666,1
data/raw/deepdrid/deepdrid/regular-fundus-training/Images/22/22_l1.jpg,0.0,-2.0476818,0.21485186,1
data/raw/deepdrid/deepdrid/regular-fundus-training/Images/22/22_l2.jpg,0.0,-6.5625863,0.015469607,1
data/raw/deepdrid/deepdrid/regular-fundus-training/Images/22/22_r1.jpg,0.0,-3.0432477,0.12719499,0
data/raw/deepdrid/deepdrid/regular-fundus-training/Images/22/22_r2.jpg,0.0,-0.74211293,0.38469586,0
data/raw/deepdrid/deepdrid/regular-fundus-training/Images/23/23_l1.jpg,1.0,10.702965,0.99885774,1
data/raw/deepdrid/deepdrid/regular-fundus-training/Images/23/23_l2.jpg,1.0,12.203467,0.9995578,1
data/raw/deepdrid/deepdrid/regular-fundus-training/Images/23/23_r1.jpg,1.0,12.479166,0.99962854,1
data/raw/deepdrid/deepdrid/regular-fundus-training/Images/23/23_r2.jpg,1.0,12.43176,0.9996172,1
data/raw/deepdrid/deepdrid/regular-fundus-training/Images/24/24_l1.jpg,1.0,12.586289,0.99965286,1
data/raw/deepdrid/deepdrid/regular-fundus-training/Images/24/24_l2.jpg,1.0,12.120863,0.99953413,1
data/raw/deepdrid/deepdrid/regular-fundus-training/Images/24/24_r1.jpg,1.0,12.193209,0.99955493,1
data/raw/deepdrid/deepdrid/regular-fundus-training/Images/24/24_r2.jpg,1.0,11.7454815,0.9994092,1
data/raw/deepdrid/deepdrid/regular-fundus-training/Images/25/25_l1.jpg,1.0,0.92926687,0.64293104,1
data/raw/deepdrid/deepdrid/regular-fundus-training/Images/25/25_l2.jpg,1.0,-0.050576657,0.4919985,1
data/raw/deepdrid/deepdrid/regular-fundus-training/Images/25/25_r1.jpg,1.0,7.0322504,0.98846227,0
data/raw/deepdrid/deepdrid/regular-fundus-training/Images/25/25_r2.jpg,1.0,3.7383628,0.91419065,0
data/raw/deepdrid/deepdrid/regular-fundus-training/Images/26/26_l1.jpg,1.0,5.4506664,0.9692187,1
data/raw/deepdrid/deepdrid/regular-fundus-training/Images/26/26_l2.jpg,1.0,11.321152,0.9992273,1
data/raw/deepdrid/deepdrid/regular-fundus-training/Images/26/26_r1.jpg,0.0,0.73797065,0.61468345,1
data/raw/deepdrid/deepdrid/regular-fundus-training/Images/26/26_r2.jpg,0.0,-3.3823628,0.10521212,1
data/raw/deepdrid/deepdrid/regular-fundus-training/Images/27/27_l1.jpg,0.0,-4.1305037,0.06823731,1
data/raw/deepdrid/deepdrid/regular-fundus-training/Images/27/27_l2.jpg,0.0,-4.201281,0.06544382,1
data/raw/deepdrid/deepdrid/regular-fundus-training/Images/27/27_r1.jpg,0.0,2.0947158,0.79012686,1
data/raw/deepdrid/deepdrid/regular-fundus-training/Images/27/27_r2.jpg,0.0,1.5557101,0.7280136,1
data/raw/deepdrid/deepdrid/regular-fundus-training/Images/28/28_l1.jpg,0.0,-2.703848,0.15300894,0
data/raw/deepdrid/deepdrid/regular-fundus-training/Images/28/28_l2.jpg,0.0,-4.486494,0.055232704,0
data/raw/deepdrid/deepdrid/regular-fundus-training/Images/28/28_r1.jpg,0.0,-0.77238613,0.3801709,1
data/raw/deepdrid/deepdrid/regular-fundus-training/Images/28/28_r2.jpg,0.0,-6.142692,0.02008392,1
data/raw/deepdrid/deepdrid/regular-fundus-training/Images/29/29_l1.jpg,1.0,6.8323803,0.98692685,1
data/raw/deepdrid/deepdrid/regular-fundus-training/Images/29/29_l2.jpg,1.0,8.566947,0.9956002,1
data/raw/deepdrid/deepdrid/regular-fundus-training/Images/29/29_r1.jpg,1.0,2.445014,0.82453567,1
data/raw/deepdrid/deepdrid/regular-fundus-training/Images/29/29_r2.jpg,1.0,5.0037365,0.95956296,1
data/raw/deepdrid/deepdrid/regular-fundus-training/Images/30/30_l1.jpg,1.0,11.711842,0.99939644,0
data/raw/deepdrid/deepdrid/regular-fundus-training/Images/30/30_l2.jpg,1.0,10.968627,0.9990344,0
data/raw/deepdrid/deepdrid/regular-fundus-training/Images/30/30_r1.jpg,1.0,11.024102,0.9990677,1
data/raw/deepdrid/deepdrid/regular-fundus-training/Images/30/30_r2.jpg,1.0,11.256528,0.99919504,1
data/raw/deepdrid/deepdrid/regular-fundus-training/Images/31/31_l1.jpg,0.0,-3.003237,0.13003275,0
data/raw/deepdrid/deepdrid/regular-fundus-training/Images/31/31_l2.jpg,0.0,-3.1942816,0.1169561,0
data/raw/deepdrid/deepdrid/regular-fundus-training/Images/31/31_r1.jpg,0.0,-1.025576,0.3432014,0
data/raw/deepdrid/deepdrid/regular-fundus-training/Images/31/31_r2.jpg,0.0,-0.95237154,0.3537192,0
data/raw/deepdrid/deepdrid/regular-fundus-training/Images/32/32_l1.jpg,1.0,7.120752,0.9890838,0
data/raw/deepdrid/deepdrid/regular-fundus-training/Images/32/32_l2.jpg,1.0,10.980804,0.99904174,0
data/raw/deepdrid/deepdrid/regular-fundus-training/Images/32/32_r1.jpg,1.0,8.645388,0.99581236,0
data/raw/deepdrid/deepdrid/regular-fundus-training/Images/32/32_r2.jpg,1.0,10.419626,0.9986337,0
data/raw/deepdrid/deepdrid/regular-fundus-training/Images/33/33_l1.jpg,0.0,2.0332434,0.7836027,0
data/raw/deepdrid/deepdrid/regular-fundus-training/Images/33/33_l2.jpg,0.0,-5.2366076,0.035090275,0
data/raw/deepdrid/deepdrid/regular-fundus-training/Images/33/33_r1.jpg,0.0,2.3602521,0.8166391,0
data/raw/deepdrid/deepdrid/regular-fundus-training/Images/33/33_r2.jpg,0.0,0.43533742,0.568446,0
data/raw/deepdrid/deepdrid/regular-fundus-training/Images/34/34_l1.jpg,1.0,11.698335,0.9993913,1
data/raw/deepdrid/deepdrid/regular-fundus-training/Images/34/34_l2.jpg,1.0,11.672149,0.99938107,1
data/raw/deepdrid/deepdrid/regular-fundus-training/Images/34/34_r1.jpg,1.0,11.393119,0.9992617,0
data/raw/deepdrid/deepdrid/regular-fundus-training/Images/34/34_r2.jpg,1.0,11.484101,0.999303,0
data/raw/deepdrid/deepdrid/regular-fundus-training/Images/35/35_l1.jpg,1.0,4.000186,0.9263284,1
data/raw/deepdrid/deepdrid/regular-fundus-training/Images/35/35_l2.jpg,1.0,0.18826433,0.5297517,1
data/raw/deepdrid/deepdrid/regular-fundus-training/Images/35/35_r1.jpg,1.0,5.615524,0.9721835,0
data/raw/deepdrid/deepdrid/regular-fundus-training/Images/35/35_r2.jpg,1.0,4.7826858,0.95377177,0
data/raw/deepdrid/deepdrid/regular-fundus-training/Images/36/36_l1.jpg,0.0,-2.6006954,0.16166231,1
data/raw/deepdrid/deepdrid/regular-fundus-training/Images/36/36_l2.jpg,0.0,-2.939638,0.13465421,1
data/raw/deepdrid/deepdrid/regular-fundus-training/Images/36/36_r1.jpg,0.0,-0.22117628,0.4650629,1
data/raw/deepdrid/deepdrid/regular-fundus-training/Images/36/36_r2.jpg,0.0,-2.926812,0.13560286,1
data/raw/deepdrid/deepdrid/regular-fundus-training/Images/37/37_l1.jpg,1.0,11.797331,0.9994282,1
data/raw/deepdrid/deepdrid/regular-fundus-training/Images/37/37_l2.jpg,1.0,10.137689,0.99836725,1
data/raw/deepdrid/deepdrid/regular-fundus-training/Images/37/37_r1.jpg,1.0,10.820718,0.9989397,1
data/raw/deepdrid/deepdrid/regular-fundus-training/Images/37/37_r2.jpg,1.0,11.008348,0.9990583,1
data/raw/deepdrid/deepdrid/regular-fundus-training/Images/38/38_l1.jpg,0.0,0.90981156,0.6400994,0
data/raw/deepdrid/deepdrid/regular-fundus-training/Images/38/38_l2.jpg,0.0,2.5260155,0.8318294,0
data/raw/deepdrid/deepdrid/regular-fundus-training/Images/38/38_r1.jpg,0.0,3.7255077,0.9135503,1
data/raw/deepdrid/deepdrid/regular-fundus-training/Images/38/38_r2.jpg,0.0,2.783224,0.85338855,1
data/raw/deepdrid/deepdrid/regular-fundus-training/Images/39/39_l1.jpg,1.0,11.443476,0.9992848,1
data/raw/deepdrid/deepdrid/regular-fundus-training/Images/39/39_l2.jpg,1.0,12.132979,0.9995376,1
data/raw/deepdrid/deepdrid/regular-fundus-training/Images/39/39_r1.jpg,1.0,8.074589,0.9940012,1
data/raw/deepdrid/deepdrid/regular-fundus-training/Images/39/39_r2.jpg,1.0,10.82738,0.9989442,1
data/raw/deepdrid/deepdrid/regular-fundus-training/Images/40/40_l1.jpg,1.0,11.737146,0.9994061,0
data/raw/deepdrid/deepdrid/regular-fundus-training/Images/40/40_l2.jpg,1.0,8.793421,0.9961855,0
data/raw/deepdrid/deepdrid/regular-fundus-training/Images/40/40_r1.jpg,1.0,12.454033,0.9996226,0
data/raw/deepdrid/deepdrid/regular-fundus-training/Images/40/40_r2.jpg,1.0,12.579128,0.9996513,0
data/raw/deepdrid/deepdrid/regular-fundus-training/Images/41/41_l1.jpg,0.0,1.233275,0.68578947,0
data/raw/deepdrid/deepdrid/regular-fundus-training/Images/41/41_l2.jpg,0.0,4.8119016,0.95458025,0
data/raw/deepdrid/deepdrid/regular-fundus-training/Images/41/41_r1.jpg,1.0,10.77475,0.9989084,1
data/raw/deepdrid/deepdrid/regular-fundus-training/Images/41/41_r2.jpg,1.0,6.620147,0.9850756,1
data/raw/deepdrid/deepdrid/regular-fundus-training/Images/42/42_l1.jpg,1.0,11.878178,0.9994567,1
data/raw/deepdrid/deepdrid/regular-fundus-training/Images/42/42_l2.jpg,1.0,12.125216,0.9995353,1
data/raw/deepdrid/deepdrid/regular-fundus-training/Images/42/42_r1.jpg,1.0,12.05496,0.9995142,1
data/raw/deepdrid/deepdrid/regular-fundus-training/Images/42/42_r2.jpg,1.0,12.242385,0.9995685,1
data/raw/deepdrid/deepdrid/regular-fundus-training/Images/43/43_l1.jpg,1.0,10.907263,0.9989962,0
data/raw/deepdrid/deepdrid/regular-fundus-training/Images/43/43_l2.jpg,1.0,11.164619,0.99914694,0
data/raw/deepdrid/deepdrid/regular-fundus-training/Images/43/43_r1.jpg,1.0,12.373986,0.999603,1
data/raw/deepdrid/deepdrid/regular-fundus-training/Images/43/43_r2.jpg,1.0,11.78347,0.99942327,1
data/raw/deepdrid/deepdrid/regular-fundus-training/Images/44/44_l1.jpg,0.0,-1.7589579,0.24727516,1
data/raw/deepdrid/deepdrid/regular-fundus-training/Images/44/44_l2.jpg,0.0,-0.6927218,0.39212102,1
data/raw/deepdrid/deepdrid/regular-fundus-training/Images/44/44_r1.jpg,0.0,-0.83047867,0.37154654,0
data/raw/deepdrid/deepdrid/regular-fundus-training/Images/44/44_r2.jpg,0.0,4.261215,0.93683815,0
data/raw/deepdrid/deepdrid/regular-fundus-training/Images/45/45_l1.jpg,0.0,0.8254094,0.627704,0
data/raw/deepdrid/deepdrid/regular-fundus-training/Images/45/45_l2.jpg,0.0,-2.8159149,0.14404179,0
data/raw/deepdrid/deepdrid/regular-fundus-training/Images/45/45_r1.jpg,0.0,-0.39060962,0.4385112,0
data/raw/deepdrid/deepdrid/regular-fundus-training/Images/45/45_r2.jpg,0.0,-0.0014834078,0.49976528,0
data/raw/deepdrid/deepdrid/regular-fundus-training/Images/46/46_l1.jpg,1.0,5.2603893,0.96541584,0
data/raw/deepdrid/deepdrid/regular-fundus-training/Images/46/46_l2.jpg,1.0,9.486176,0.99753606,0
data/raw/deepdrid/deepdrid/regular-fundus-training/Images/46/46_r1.jpg,1.0,6.7561994,0.9862899,0
data/raw/deepdrid/deepdrid/regular-fundus-training/Images/46/46_r2.jpg,1.0,12.406668,0.9996112,0
data/raw/deepdrid/deepdrid/regular-fundus-training/Images/47/47_l1.jpg,0.0,0.53891927,0.5844499,0
data/raw/deepdrid/deepdrid/regular-fundus-training/Images/47/47_l2.jpg,0.0,-5.7034197,0.026351027,0
data/raw/deepdrid/deepdrid/regular-fundus-training/Images/47/47_r1.jpg,0.0,-2.7948818,0.14569077,1
data/raw/deepdrid/deepdrid/regular-fundus-training/Images/47/47_r2.jpg,0.0,-6.3776655,0.0173569,1
data/raw/deepdrid/deepdrid/regular-fundus-training/Images/48/48_l1.jpg,1.0,1.9127175,0.77038884,1
data/raw/deepdrid/deepdrid/regular-fundus-training/Images/48/48_l2.jpg,1.0,8.303132,0.9948049,1
data/raw/deepdrid/deepdrid/regular-fundus-training/Images/48/48_r1.jpg,0.0,4.418442,0.9424764,1
data/raw/deepdrid/deepdrid/regular-fundus-training/Images/48/48_r2.jpg,0.0,4.0128417,0.92687315,1
data/raw/deepdrid/deepdrid/regular-fundus-training/Images/49/49_l1.jpg,0.0,-2.3144536,0.18774089,0
data/raw/deepdrid/deepdrid/regular-fundus-training/Images/49/49_l2.jpg,0.0,-4.5677176,0.052610844,0
data/raw/deepdrid/deepdrid/regular-fundus-training/Images/49/49_r1.jpg,0.0,-2.9951596,0.13061213,0
data/raw/deepdrid/deepdrid/regular-fundus-training/Images/49/49_r2.jpg,0.0,-3.0399218,0.12742884,0
data/raw/deepdrid/deepdrid/regular-fundus-training/Images/50/50_l1.jpg,0.0,-1.8113979,0.24114986,1
data/raw/deepdrid/deepdrid/regular-fundus-training/Images/50/50_l2.jpg,0.0,-2.2972858,0.18940338,1
data/raw/deepdrid/deepdrid/regular-fundus-training/Images/50/50_r1.jpg,0.0,0.68616486,0.6068894,1
data/raw/deepdrid/deepdrid/regular-fundus-training/Images/50/50_r2.jpg,0.0,-5.1423483,0.037167087,1
data/raw/deepdrid/deepdrid/regular-fundus-training/Images/51/51_l1.jpg,0.0,0.5302418,0.5831155,0
data/raw/deepdrid/deepdrid/regular-fundus-training/Images/51/51_l2.jpg,0.0,5.1659365,0.96336347,0
data/raw/deepdrid/deepdrid/regular-fundus-training/Images/51/51_r1.jpg,1.0,11.2367115,0.9991849,1
data/raw/deepdrid/deepdrid/regular-fundus-training/Images/51/51_r2.jpg,1.0,12.374611,0.9996032,1
data/raw/deepdrid/deepdrid/regular-fundus-training/Images/52/52_l1.jpg,1.0,10.71377,0.9988656,0
data/raw/deepdrid/deepdrid/regular-fundus-training/Images/52/52_l2.jpg,1.0,8.858597,0.9963391,0
data/raw/deepdrid/deepdrid/regular-fundus-training/Images/52/52_r1.jpg,1.0,12.600031,0.99965584,1
data/raw/deepdrid/deepdrid/regular-fundus-training/Images/52/52_r2.jpg,1.0,10.947428,0.9990213,1
data/raw/deepdrid/deepdrid/regular-fundus-training/Images/53/53_l1.jpg,1.0,10.09197,0.99831945,1
data/raw/deepdrid/deepdrid/regular-fundus-training/Images/53/53_l2.jpg,1.0,6.007001,0.9781545,1
data/raw/deepdrid/deepdrid/regular-fundus-training/Images/53/53_r1.jpg,1.0,6.945908,0.9878221,1
data/raw/deepdrid/deepdrid/regular-fundus-training/Images/53/53_r2.jpg,1.0,7.1658,0.9893874,1
data/raw/deepdrid/deepdrid/regular-fundus-training/Images/54/54_l1.jpg,0.0,-1.4665965,0.28329608,1
data/raw/deepdrid/deepdrid/regular-fundus-training/Images/54/54_l2.jpg,0.0,0.3503626,0.5552078,1
data/raw/deepdrid/deepdrid/regular-fundus-training/Images/54/54_r1.jpg,0.0,3.8658726,0.9203131,0
data/raw/deepdrid/deepdrid/regular-fundus-training/Images/54/54_r2.jpg,0.0,0.80051076,0.62401426,0
data/raw/deepdrid/deepdrid/regular-fundus-training/Images/55/55_l1.jpg,1.0,11.881947,0.999458,1
data/raw/deepdrid/deepdrid/regular-fundus-training/Images/55/55_l2.jpg,1.0,10.940264,0.9990169,1
data/raw/deepdrid/deepdrid/regular-fundus-training/Images/55/55_r1.jpg,1.0,7.6675935,0.9922525,0
data/raw/deepdrid/deepdrid/regular-fundus-training/Images/55/55_r2.jpg,1.0,5.351328,0.9672867,0
data/raw/deepdrid/deepdrid/regular-fundus-training/Images/56/56_l1.jpg,0.0,0.93992263,0.64447767,0
data/raw/deepdrid/deepdrid/regular-fundus-training/Images/56/56_r2.jpg,0.0,-3.738957,0.085779876,1
data/raw/deepdrid/deepdrid/regular-fundus-training/Images/57/57_l1.jpg,1.0,11.552143,0.99933225,1
data/raw/deepdrid/deepdrid/regular-fundus-training/Images/57/57_l2.jpg,1.0,11.916711,0.9994698,1
data/raw/deepdrid/deepdrid/regular-fundus-training/Images/57/57_r1.jpg,1.0,11.4916115,0.9993063,1
data/raw/deepdrid/deepdrid/regular-fundus-training/Images/57/57_r2.jpg,1.0,12.190942,0.9995542,1
data/raw/deepdrid/deepdrid/regular-fundus-training/Images/58/58_l1.jpg,0.0,8.906973,0.996449,0
data/raw/deepdrid/deepdrid/regular-fundus-training/Images/58/58_l2.jpg,0.0,11.710176,0.99939585,0
data/raw/deepdrid/deepdrid/regular-fundus-training/Images/58/58_r1.jpg,1.0,10.360814,0.998582,1
data/raw/deepdrid/deepdrid/regular-fundus-training/Images/58/58_r2.jpg,1.0,11.328064,0.9992306,1
data/raw/deepdrid/deepdrid/regular-fundus-training/Images/59/59_l1.jpg,0.0,-1.5484675,0.27289492,1
data/raw/deepdrid/deepdrid/regular-fundus-training/Images/59/59_l2.jpg,0.0,-3.5005047,0.098378114,1
data/raw/deepdrid/deepdrid/regular-fundus-training/Images/59/59_r1.jpg,0.0,-0.28856462,0.45447025,1
data/raw/deepdrid/deepdrid/regular-fundus-training/Images/59/59_r2.jpg,0.0,-3.4585018,0.10076128,1
data/raw/deepdrid/deepdrid/regular-fundus-training/Images/60/60_l1.jpg,0.0,2.646089,0.8421934,1
data/raw/deepdrid/deepdrid/regular-fundus-training/Images/60/60_l2.jpg,0.0,-6.234162,0.018975731,1
data/raw/deepdrid/deepdrid/regular-fundus-training/Images/60/60_r1.jpg,0.0,-3.8467658,0.08057824,1
data/raw/deepdrid/deepdrid/regular-fundus-training/Images/60/60_r2.jpg,0.0,-4.544905,0.053335108,1
data/raw/deepdrid/deepdrid/regular-fundus-training/Images/61/61_l1.jpg,0.0,-0.7017854,0.39075455,0
data/raw/deepdrid/deepdrid/regular-fundus-training/Images/61/61_l2.jpg,0.0,-3.1102135,0.122563876,0
data/raw/deepdrid/deepdrid/regular-fundus-training/Images/61/61_r1.jpg,0.0,-1.7911364,0.24350418,1
data/raw/deepdrid/deepdrid/regular-fundus-training/Images/61/61_r2.jpg,0.0,-4.9275413,0.04235014,1
data/raw/deepdrid/deepdrid/regular-fundus-training/Images/62/62_l1.jpg,0.0,4.4742136,0.9443603,1
data/raw/deepdrid/deepdrid/regular-fundus-training/Images/62/62_l2.jpg,0.0,3.3962185,0.8956105,1
data/raw/deepdrid/deepdrid/regular-fundus-training/Images/62/62_r1.jpg,0.0,6.2300973,0.9809763,1
data/raw/deepdrid/deepdrid/regular-fundus-training/Images/62/62_r2.jpg,0.0,-1.4791101,0.2816909,1
data/raw/deepdrid/deepdrid/regular-fundus-training/Images/63/63_l1.jpg,1.0,12.539083,0.9996424,1
data/raw/deepdrid/deepdrid/regular-fundus-training/Images/63/63_l2.jpg,1.0,12.2155285,0.99956113,1
data/raw/deepdrid/deepdrid/regular-fundus-training/Images/63/63_r1.jpg,1.0,12.135162,0.9995383,1
data/raw/deepdrid/deepdrid/regular-fundus-training/Images/63/63_r2.jpg,1.0,12.109983,0.9995309,1
data/raw/deepdrid/deepdrid/regular-fundus-training/Images/64/64_l1.jpg,0.0,5.6600347,0.97293526,0
data/raw/deepdrid/deepdrid/regular-fundus-training/Images/64/64_l2.jpg,0.0,-2.6224947,0.15980126,0
data/raw/deepdrid/deepdrid/regular-fundus-training/Images/64/64_r1.jpg,1.0,1.4418243,0.7135099,0
data/raw/deepdrid/deepdrid/regular-fundus-training/Images/64/64_r2.jpg,1.0,8.714632,0.9959913,0
data/raw/deepdrid/deepdrid/regular-fundus-training/Images/65/65_l1.jpg,0.0,1.9264812,0.7719261,0
data/raw/deepdrid/deepdrid/regular-fundus-training/Images/65/65_l2.jpg,0.0,1.7467302,0.7512816,0
data/raw/deepdrid/deepdrid/regular-fundus-training/Images/65/65_r1.jpg,0.0,-2.9402475,0.13460925,1
data/raw/deepdrid/deepdrid/regular-fundus-training/Images/65/65_r2.jpg,0.0,-4.4257355,0.05727389,1
data/raw/deepdrid/deepdrid/regular-fundus-training/Images/66/66_l1.jpg,1.0,8.567466,0.99560165,1
data/raw/deepdrid/deepdrid/regular-fundus-training/Images/66/66_l2.jpg,1.0,2.8848503,0.8612541,1
data/raw/deepdrid/deepdrid/regular-fundus-training/Images/66/66_r1.jpg,0.0,9.080779,0.9968177,1
data/raw/deepdrid/deepdrid/regular-fundus-training/Images/66/66_r2.jpg,0.0,-2.7760167,0.1471831,1
data/raw/deepdrid/deepdrid/regular-fundus-training/Images/67/67_l1.jpg,0.0,4.621513,0.9490605,0
data/raw/deepdrid/deepdrid/regular-fundus-training/Images/67/67_l2.jpg,0.0,1.9796951,0.77780086,0
data/raw/deepdrid/deepdrid/regular-fundus-training/Images/67/67_r1.jpg,0.0,0.88120884,0.6359188,1
data/raw/deepdrid/deepdrid/regular-fundus-training/Images/67/67_r2.jpg,0.0,1.2329863,0.68575,1
data/raw/deepdrid/deepdrid/regular-fundus-training/Images/68/68_l1.jpg,0.0,1.6107436,0.7348551,1
data/raw/deepdrid/deepdrid/regular-fundus-training/Images/68/68_l2.jpg,0.0,4.4458585,0.94340986,1
data/raw/deepdrid/deepdrid/regular-fundus-training/Images/68/68_r1.jpg,0.0,-0.38037792,0.44010615,1
data/raw/deepdrid/deepdrid/regular-fundus-training/Images/68/68_r2.jpg,0.0,-2.8695154,0.13990967,1
data/raw/deepdrid/deepdrid/regular-fundus-training/Images/69/69_l1.jpg,1.0,9.691053,0.9978351,1
data/raw/deepdrid/deepdrid/regular-fundus-training/Images/69/69_l2.jpg,1.0,10.85787,0.9989643,1
data/raw/deepdrid/deepdrid/regular-fundus-training/Images/69/69_r1.jpg,1.0,9.583173,0.99768245,1
data/raw/deepdrid/deepdrid/regular-fundus-training/Images/69/69_r2.jpg,1.0,1.9976584,0.77975947,1
data/raw/deepdrid/deepdrid/regular-fundus-training/Images/70/70_l1.jpg,1.0,7.67172,0.9922726,0
data/raw/deepdrid/deepdrid/regular-fundus-training/Images/70/70_l2.jpg,1.0,8.661505,0.9958547,0
data/raw/deepdrid/deepdrid/regular-fundus-training/Images/70/70_r1.jpg,1.0,-0.05537904,0.49123892,1
data/raw/deepdrid/deepdrid/regular-fundus-training/Images/70/70_r2.jpg,1.0,4.0505214,0.9284731,1
data/raw/deepdrid/deepdrid/regular-fundus-training/Images/71/71_l1.jpg,0.0,-1.8800926,0.23328382,0
data/raw/deepdrid/deepdrid/regular-fundus-training/Images/71/71_l2.jpg,0.0,-3.7583048,0.08482447,0
data/raw/deepdrid/deepdrid/regular-fundus-training/Images/71/71_r1.jpg,0.0,-3.7332733,0.08606238,0
data/raw/deepdrid/deepdrid/regular-fundus-training/Images/71/71_r2.jpg,0.0,0.22977073,0.53629005,0
data/raw/deepdrid/deepdrid/regular-fundus-training/Images/72/72_l1.jpg,0.0,1.3060304,0.6956254,0
data/raw/deepdrid/deepdrid/regular-fundus-training/Images/72/72_l2.jpg,0.0,-2.8341463,0.14262506,0
data/raw/deepdrid/deepdrid/regular-fundus-training/Images/72/72_r1.jpg,0.0,1.1062264,0.6682103,0
data/raw/deepdrid/deepdrid/regular-fundus-training/Images/72/72_r2.jpg,0.0,-2.3646457,0.18294486,0
data/raw/deepdrid/deepdrid/regular-fundus-training/Images/73/73_l1.jpg,1.0,11.797419,0.9994282,0
data/raw/deepdrid/deepdrid/regular-fundus-training/Images/73/73_l2.jpg,1.0,11.650345,0.99937254,0
data/raw/deepdrid/deepdrid/regular-fundus-training/Images/73/73_r1.jpg,1.0,12.145046,0.99954116,0
data/raw/deepdrid/deepdrid/regular-fundus-training/Images/73/73_r2.jpg,1.0,12.367606,0.9996014,0
data/raw/deepdrid/deepdrid/regular-fundus-training/Images/74/74_l1.jpg,0.0,-6.0566998,0.021183431,1
data/raw/deepdrid/deepdrid/regular-fundus-training/Images/74/74_l2.jpg,0.0,-2.6659613,0.15614225,1
data/raw/deepdrid/deepdrid/regular-fundus-training/Images/74/74_r1.jpg,0.0,-1.4964461,0.27947623,0
data/raw/deepdrid/deepdrid/regular-fundus-training/Images/74/74_r2.jpg,0.0,-1.2656273,0.3098155,0
data/raw/deepdrid/deepdrid/regular-fundus-training/Images/75/75_l1.jpg,0.0,0.6079276,0.5950162,0
data/raw/deepdrid/deepdrid/regular-fundus-training/Images/75/75_l2.jpg,0.0,-2.3266253,0.18656904,0
data/raw/deepdrid/deepdrid/regular-fundus-training/Images/75/75_r1.jpg,0.0,1.8166251,0.759455,0
data/raw/deepdrid/deepdrid/regular-fundus-training/Images/75/75_r2.jpg,0.0,-3.591811,0.093370184,0
data/raw/deepdrid/deepdrid/regular-fundus-training/Images/76/76_l1.jpg,0.0,-2.466324,0.17352167,0
data/raw/deepdrid/deepdrid/regular-fundus-training/Images/76/76_l2.jpg,0.0,-3.199774,0.11659758,0
data/raw/deepdrid/deepdrid/regular-fundus-training/Images/76/76_r1.jpg,0.0,-3.233489,0.11441768,0
data/raw/deepdrid/deepdrid/regular-fundus-training/Images/76/76_r2.jpg,0.0,2.3949761,0.81990695,0
data/raw/deepdrid/deepdrid/regular-fundus-training/Images/78/78_l1.jpg,0.0,4.505573,0.94539404,0
data/raw/deepdrid/deepdrid/regular-fundus-training/Images/78/78_l2.jpg,0.0,2.6377776,0.84149307,0
data/raw/deepdrid/deepdrid/regular-fundus-training/Images/78/78_r1.jpg,1.0,12.157462,0.9995447,1
data/raw/deepdrid/deepdrid/regular-fundus-training/Images/78/78_r2.jpg,1.0,11.344942,0.99923885,1
data/raw/deepdrid/deepdrid/regular-fundus-training/Images/79/79_l1.jpg,0.0,2.028847,0.78313047,1
data/raw/deepdrid/deepdrid/regular-fundus-training/Images/79/79_l2.jpg,0.0,-3.6031516,0.0927644,1
data/raw/deepdrid/deepdrid/regular-fundus-training/Images/79/79_r1.jpg,0.0,-2.8700612,0.13986811,0
data/raw/deepdrid/deepdrid/regular-fundus-training/Images/79/79_r2.jpg,0.0,-3.831063,0.081317574,0
data/raw/deepdrid/deepdrid/regular-fundus-training/Images/80/80_l1.jpg,1.0,2.9168642,0.86365753,0
data/raw/deepdrid/deepdrid/regular-fundus-training/Images/80/80_l2.jpg,1.0,-0.789814,0.37757534,0
data/raw/deepdrid/deepdrid/regular-fundus-training/Images/80/80_r1.jpg,1.0,9.795556,0.9979734,0
data/raw/deepdrid/deepdrid/regular-fundus-training/Images/80/80_r2.jpg,1.0,4.270618,0.9371894,0
data/raw/deepdrid/deepdrid/regular-fundus-training/Images/81/81_l1.jpg,0.0,-2.4093301,0.17875558,1
data/raw/deepdrid/deepdrid/regular-fundus-training/Images/81/81_l2.jpg,0.0,-4.2259307,0.06449615,1
data/raw/deepdrid/deepdrid/regular-fundus-training/Images/81/81_r1.jpg,0.0,-2.6130488,0.16060555,0
data/raw/deepdrid/deepdrid/regular-fundus-training/Images/81/81_r2.jpg,0.0,-1.1957332,0.31935275,0
data/raw/deepdrid/deepdrid/regular-fundus-training/Images/82/82_l1.jpg,0.0,-0.09916037,0.48431617,1
data/raw/deepdrid/deepdrid/regular-fundus-training/Images/82/82_l2.jpg,0.0,0.45980138,0.57224,1
data/raw/deepdrid/deepdrid/regular-fundus-training/Images/82/82_r1.jpg,0.0,-4.402429,0.058075517,0
data/raw/deepdrid/deepdrid/regular-fundus-training/Images/82/82_r2.jpg,0.0,-6.3671546,0.017470717,0
data/raw/deepdrid/deepdrid/regular-fundus-training/Images/83/83_l1.jpg,0.0,-5.1756735,0.036419675,1
data/raw/deepdrid/deepdrid/regular-fundus-training/Images/83/83_l2.jpg,0.0,-2.8561983,0.14092694,1
data/raw/deepdrid/deepdrid/regular-fundus-training/Images/83/83_r1.jpg,0.0,3.1694958,0.8814142,0
data/raw/deepdrid/deepdrid/regular-fundus-training/Images/83/83_r2.jpg,0.0,-4.684294,0.04905258,0
data/raw/deepdrid/deepdrid/regular-fundus-training/Images/84/84_l1.jpg,1.0,7.0902405,0.98887336,0
data/raw/deepdrid/deepdrid/regular-fundus-training/Images/84/84_l2.jpg,1.0,7.2364225,0.9898465,0
data/raw/deepdrid/deepdrid/regular-fundus-training/Images/84/84_r1.jpg,1.0,6.673143,0.9855607,1
data/raw/deepdrid/deepdrid/regular-fundus-training/Images/84/84_r2.jpg,1.0,8.703841,0.9959638,1
data/raw/deepdrid/deepdrid/regular-fundus-training/Images/85/85_l1.jpg,0.0,-1.837494,0.23814051,1
data/raw/deepdrid/deepdrid/regular-fundus-training/Images/85/85_l2.jpg,0.0,-4.889654,0.043333337,1
data/raw/deepdrid/deepdrid/regular-fundus-training/Images/85/85_r1.jpg,0.0,8.326698,0.9948814,0
data/raw/deepdrid/deepdrid/regular-fundus-training/Images/85/85_r2.jpg,0.0,2.9402668,0.86539215,0
data/raw/deepdrid/deepdrid/regular-fundus-training/Images/86/86_l1.jpg,1.0,12.942878,0.999723,0
data/raw/deepdrid/deepdrid/regular-fundus-training/Images/86/86_l2.jpg,1.0,12.618782,0.99966,0
data/raw/deepdrid/deepdrid/regular-fundus-training/Images/86/86_r1.jpg,1.0,12.81411,0.9996995,1
data/raw/deepdrid/deepdrid/regular-fundus-training/Images/86/86_r2.jpg,1.0,12.586801,0.999653,1
data/raw/deepdrid/deepdrid/regular-fundus-training/Images/87/87_l1.jpg,1.0,10.086732,0.9983139,1
data/raw/deepdrid/deepdrid/regular-fundus-training/Images/87/87_l2.jpg,1.0,10.796725,0.9989235,1
data/raw/deepdrid/deepdrid/regular-fundus-training/Images/87/87_r1.jpg,1.0,5.8889422,0.9764996,0
data/raw/deepdrid/deepdrid/regular-fundus-training/Images/87/87_r2.jpg,1.0,7.242805,0.98988706,0
data/raw/deepdrid/deepdrid/regular-fundus-training/Images/88/88_l1.jpg,1.0,8.561968,0.9955864,0
data/raw/deepdrid/deepdrid/regular-fundus-training/Images/88/88_l2.jpg,1.0,9.620403,0.99773633,0
data/raw/deepdrid/deepdrid/regular-fundus-training/Images/88/88_r1.jpg,0.0,1.057202,0.66129607,1
data/raw/deepdrid/deepdrid/regular-fundus-training/Images/88/88_r2.jpg,0.0,0.316232,0.5498674,1
data/raw/deepdrid/deepdrid/regular-fundus-training/Images/89/89_l1.jpg,1.0,7.278006,0.99010766,1
data/raw/deepdrid/deepdrid/regular-fundus-training/Images/89/89_l2.jpg,1.0,10.035967,0.9982589,1
data/raw/deepdrid/deepdrid/regular-fundus-training/Images/89/89_r1.jpg,1.0,7.8268256,0.99299,0
data/raw/deepdrid/deepdrid/regular-fundus-training/Images/89/89_r2.jpg,1.0,5.2559686,0.96532226,0
data/raw/deepdrid/deepdrid/regular-fundus-training/Images/90/90_l1.jpg,0.0,-0.93659514,0.35600498,0
data/raw/deepdrid/deepdrid/regular-fundus-training/Images/90/90_l2.jpg,0.0,-2.1522229,0.20390163,0
data/raw/deepdrid/deepdrid/regular-fundus-training/Images/90/90_r1.jpg,0.0,-0.8022532,0.37572703,0
data/raw/deepdrid/deepdrid/regular-fundus-training/Images/90/90_r2.jpg,0.0,-1.7002381,0.25425696,0
data/raw/deepdrid/deepdrid/regular-fundus-training/Images/91/91_l1.jpg,1.0,7.100142,0.98894215,0
data/raw/deepdrid/deepdrid/regular-fundus-training/Images/91/91_l2.jpg,1.0,10.899741,0.9989913,0
data/raw/deepdrid/deepdrid/regular-fundus-training/Images/91/91_r1.jpg,1.0,8.406995,0.9951338,0
data/raw/deepdrid/deepdrid/regular-fundus-training/Images/91/91_r2.jpg,1.0,10.15683,0.998387,0
data/raw/deepdrid/deepdrid/regular-fundus-training/Images/92/92_l1.jpg,0.0,-2.0820408,0.21120645,0
data/raw/deepdrid/deepdrid/regular-fundus-training/Images/92/92_l2.jpg,0.0,-6.442016,0.01667578,0
data/raw/deepdrid/deepdrid/regular-fundus-training/Images/92/92_r1.jpg,0.0,-0.8133835,0.37407625,0
data/raw/deepdrid/deepdrid/regular-fundus-training/Images/92/92_r2.jpg,0.0,-4.3538203,0.0597814,0
data/raw/deepdrid/deepdrid/regular-fundus-training/Images/93/93_l1.jpg,0.0,-1.0138687,0.34487352,1
data/raw/deepdrid/deepdrid/regular-fundus-training/Images/93/93_l2.jpg,0.0,-3.2324333,0.11448541,1
data/raw/deepdrid/deepdrid/regular-fundus-training/Images/93/93_r1.jpg,0.0,0.041384917,0.50654745,0
data/raw/deepdrid/deepdrid/regular-fundus-training/Images/93/93_r2.jpg,0.0,-5.255944,0.03467828,0
data/raw/deepdrid/deepdrid/regular-fundus-training/Images/94/94_l1.jpg,0.0,1.3665756,0.70367706,0
data/raw/deepdrid/deepdrid/regular-fundus-training/Images/94/94_l2.jpg,0.0,0.10172848,0.5160898,0
data/raw/deepdrid/deepdrid/regular-fundus-training/Images/94/94_r1.jpg,1.0,8.466123,0.9953117,0
data/raw/deepdrid/deepdrid/regular-fundus-training/Images/94/94_r2.jpg,1.0,6.691743,0.98572725,0
data/raw/deepdrid/deepdrid/regular-fundus-training/Images/95/95_l1.jpg,0.0,-2.3328884,0.18596825,1
data/raw/deepdrid/deepdrid/regular-fundus-training/Images/95/95_l2.jpg,0.0,-4.124274,0.06848842,1
data/raw/deepdrid/deepdrid/regular-fundus-training/Images/95/95_r1.jpg,0.0,0.35638636,0.55614907,1
data/raw/deepdrid/deepdrid/regular-fundus-training/Images/95/95_r2.jpg,0.0,-4.033456,0.07224748,1
data/raw/deepdrid/deepdrid/regular-fundus-training/Images/96/96_l1.jpg,0.0,-3.916823,0.07735398,1
data/raw/deepdrid/deepdrid/regular-fundus-training/Images/96/96_l2.jpg,0.0,-3.8594382,0.07998607,1
data/raw/deepdrid/deepdrid/regular-fundus-training/Images/96/96_r1.jpg,0.0,-3.8137915,0.082137875,1
data/raw/deepdrid/deepdrid/regular-fundus-training/Images/96/96_r2.jpg,0.0,-3.9406664,0.07628384,1
data/raw/deepdrid/deepdrid/regular-fundus-training/Images/97/97_l1.jpg,1.0,11.922271,0.9994717,1
data/raw/deepdrid/deepdrid/regular-fundus-training/Images/97/97_l2.jpg,1.0,12.305805,0.99958545,1
data/raw/deepdrid/deepdrid/regular-fundus-training/Images/97/97_r1.jpg,1.0,12.274028,0.9995771,0
data/raw/deepdrid/deepdrid/regular-fundus-training/Images/97/97_r2.jpg,1.0,8.550651,0.99555486,0
data/raw/deepdrid/deepdrid/regular-fundus-training/Images/98/98_l1.jpg,0.0,-3.918028,0.07729955,0
data/raw/deepdrid/deepdrid/regular-fundus-training/Images/98/98_l2.jpg,0.0,2.0845559,0.78905857,0
data/raw/deepdrid/deepdrid/regular-fundus-training/Images/98/98_r1.jpg,0.0,-4.9017186,0.043017913,0
data/raw/deepdrid/deepdrid/regular-fundus-training/Images/98/98_r2.jpg,0.0,-3.505009,0.09812556,0
data/raw/deepdrid/deepdrid/regular-fundus-training/Images/99/99_l1.jpg,1.0,4.165629,0.93316257,1
data/raw/deepdrid/deepdrid/regular-fundus-training/Images/99/99_l2.jpg,1.0,7.538682,0.99159956,1
data/raw/deepdrid/deepdrid/regular-fundus-training/Images/99/99_r1.jpg,1.0,2.3522127,0.815876,0
data/raw/deepdrid/deepdrid/regular-fundus-training/Images/99/99_r2.jpg,1.0,10.864844,0.99896884,0
data/raw/deepdrid/deepdrid/regular-fundus-training/Images/100/100_l1.jpg,0.0,-5.271704,0.034345925,1
data/raw/deepdrid/deepdrid/regular-fundus-training/Images/100/100_l2.jpg,0.0,-3.5211408,0.097225755,1
data/raw/deepdrid/deepdrid/regular-fundus-training/Images/100/100_r1.jpg,0.0,-6.0767045,0.020922503,1
data/raw/deepdrid/deepdrid/regular-fundus-training/Images/100/100_r2.jpg,0.0,-3.9461129,0.076041326,1
data/raw/deepdrid/deepdrid/regular-fundus-training/Images/101/101_l1.jpg,1.0,11.9053135,0.999466,0
data/raw/deepdrid/deepdrid/regular-fundus-training/Images/101/101_l2.jpg,1.0,12.024279,0.9995047,0
data/raw/deepdrid/deepdrid/regular-fundus-training/Images/101/101_r1.jpg,0.0,2.6645331,0.8437386,0
data/raw/deepdrid/deepdrid/regular-fundus-training/Images/101/101_r2.jpg,0.0,4.5967436,0.94829726,0
data/raw/deepdrid/deepdrid/regular-fundus-training/Images/102/102_l1.jpg,0.0,0.19243395,0.53040904,0
data/raw/deepdrid/deepdrid/regular-fundus-training/Images/102/102_l2.jpg,0.0,-1.386905,0.29364726,0
data/raw/deepdrid/deepdrid/regular-fundus-training/Images/102/102_r1.jpg,1.0,4.553268,0.9469314,0
data/raw/deepdrid/deepdrid/regular-fundus-training/Images/102/102_r2.jpg,1.0,2.463498,0.82622176,0
data/raw/deepdrid/deepdrid/regular-fundus-training/Images/103/103_l1.jpg,1.0,10.152361,0.99838233,0
data/raw/deepdrid/deepdrid/regular-fundus-training/Images/103/103_l2.jpg,1.0,1.568145,0.72956914,0
data/raw/deepdrid/deepdrid/regular-fundus-training/Images/103/103_r1.jpg,1.0,9.673276,0.99781066,0
data/raw/deepdrid/deepdrid/regular-fundus-training/Images/103/103_r2.jpg,1.0,7.068697,0.9887223,0
data/raw/deepdrid/deepdrid/regular-fundus-training/Images/104/104_l1.jpg,0.0,-4.583161,0.05212582,1
data/raw/deepdrid/deepdrid/regular-fundus-training/Images/104/104_l2.jpg,0.0,-4.59978,0.05160859,1
data/raw/deepdrid/deepdrid/regular-fundus-training/Images/104/104_r1.jpg,0.0,-2.1293104,0.20626561,1
data/raw/deepdrid/deepdrid/regular-fundus-training/Images/104/104_r2.jpg,0.0,-2.3955,0.18004414,1
data/raw/deepdrid/deepdrid/regular-fundus-training/Images/105/105_l1.jpg,0.0,-3.8759985,0.07921821,1
data/raw/deepdrid/deepdrid/regular-fundus-training/Images/105/105_l2.jpg,0.0,-2.571098,0.16421703,1
data/raw/deepdrid/deepdrid/regular-fundus-training/Images/105/105_r1.jpg,0.0,-6.7216597,0.014008815,1
data/raw/deepdrid/deepdrid/regular-fundus-training/Images/105/105_r2.jpg,0.0,-4.656123,0.049890943,1
data/raw/deepdrid/deepdrid/regular-fundus-training/Images/106/106_l1.jpg,0.0,-2.0771344,0.21172424,0
data/raw/deepdrid/deepdrid/regular-fundus-training/Images/106/106_l2.jpg,0.0,-2.2254062,0.19648641,0
data/raw/deepdrid/deepdrid/regular-fundus-training/Images/106/106_r1.jpg,0.0,-1.0705189,0.33681884,0
data/raw/deepdrid/deepdrid/regular-fundus-training/Images/106/106_r2.jpg,0.0,-0.7493631,0.38361034,0
data/raw/deepdrid/deepdrid/regular-fundus-training/Images/107/107_l1.jpg,0.0,1.2116824,0.6828373,1
data/raw/deepdrid/deepdrid/regular-fundus-training/Images/107/107_l2.jpg,0.0,-1.7039398,0.25381303,1
data/raw/deepdrid/deepdrid/regular-fundus-training/Images/107/107_r1.jpg,0.0,2.424191,0.8226209,0
data/raw/deepdrid/deepdrid/regular-fundus-training/Images/107/107_r2.jpg,0.0,3.5441697,0.90404594,0
data/raw/deepdrid/deepdrid/regular-fundus-training/Images/108/108_l1.jpg,1.0,6.404383,0.9829291,1
data/raw/deepdrid/deepdrid/regular-fundus-training/Images/108/108_l2.jpg,1.0,8.445033,0.995249,1
data/raw/deepdrid/deepdrid/regular-fundus-training/Images/108/108_r1.jpg,1.0,3.3286717,0.8915457,0
data/raw/deepdrid/deepdrid/regular-fundus-training/Images/108/108_r2.jpg,1.0,6.151798,0.9800292,0
data/raw/deepdrid/deepdrid/regular-fundus-training/Images/109/109_l1.jpg,1.0,8.328638,0.99488765,1
data/raw/deepdrid/deepdrid/regular-fundus-training/Images/109/109_l2.jpg,1.0,10.910214,0.998998,1
data/raw/deepdrid/deepdrid/regular-fundus-training/Images/109/109_r1.jpg,1.0,11.284439,0.9992092,0
data/raw/deepdrid/deepdrid/regular-fundus-training/Images/109/109_r2.jpg,1.0,12.059532,0.99951565,0
data/raw/deepdrid/deepdrid/regular-fundus-training/Images/110/110_l1.jpg,1.0,11.930359,0.99947435,1
data/raw/deepdrid/deepdrid/regular-fundus-training/Images/110/110_l2.jpg,1.0,11.669716,0.9993801,1
data/raw/deepdrid/deepdrid/regular-fundus-training/Images/110/110_r1.jpg,1.0,11.297903,0.99921584,0
data/raw/deepdrid/deepdrid/regular-fundus-training/Images/110/110_r2.jpg,1.0,11.247141,0.9991903,0
data/raw/deepdrid/deepdrid/regular-fundus-training/Images/111/111_l1.jpg,0.0,-4.9171815,0.04261684,1
data/raw/deepdrid/deepdrid/regular-fundus-training/Images/111/111_l2.jpg,0.0,-4.442858,0.056691576,1
data/raw/deepdrid/deepdrid/regular-fundus-training/Images/111/111_r1.jpg,0.0,-2.890408,0.13832611,0
data/raw/deepdrid/deepdrid/regular-fundus-training/Images/111/111_r2.jpg,0.0,-2.4982378,0.1706442,0
data/raw/deepdrid/deepdrid/regular-fundus-training/Images/112/112_l1.jpg,0.0,-1.771246,0.2458305,1
data/raw/deepdrid/deepdrid/regular-fundus-training/Images/112/112_l2.jpg,0.0,-4.992127,0.040723067,1
data/raw/deepdrid/deepdrid/regular-fundus-training/Images/112/112_r1.jpg,0.0,1.2744668,0.6913795,0
data/raw/deepdrid/deepdrid/regular-fundus-training/Images/112/112_r2.jpg,0.0,-2.301596,0.18898496,0
data/raw/deepdrid/deepdrid/regular-fundus-training/Images/113/113_l1.jpg,0.0,-6.1187363,0.02038448,1
data/raw/deepdrid/deepdrid/regular-fundus-training/Images/113/113_l2.jpg,0.0,-4.4646816,0.05595749,1
data/raw/deepdrid/deepdrid/regular-fundus-training/Images/113/113_r1.jpg,0.0,-2.7188036,0.15178631,1
data/raw/deepdrid/deepdrid/regular-fundus-training/Images/113/113_r2.jpg,0.0,-7.0410247,0.011474599,1
data/raw/deepdrid/deepdrid/regular-fundus-training/Images/114/114_l1.jpg,0.0,6.8737836,0.9872606,0
data/raw/deepdrid/deepdrid/regular-fundus-training/Images/114/114_l2.jpg,0.0,5.3528275,0.9673168,0
data/raw/deepdrid/deepdrid/regular-fundus-training/Images/114/114_r1.jpg,0.0,2.642549,0.8418955,0
data/raw/deepdrid/deepdrid/regular-fundus-training/Images/114/114_r2.jpg,0.0,2.9756474,0.8679792,0
data/raw/deepdrid/deepdrid/regular-fundus-training/Images/115/115_l1.jpg,0.0,-1.693957,0.25501144,0
data/raw/deepdrid/deepdrid/regular-fundus-training/Images/115/115_l2.jpg,0.0,-2.8435757,0.14189687,0
data/raw/deepdrid/deepdrid/regular-fundus-training/Images/115/115_r1.jpg,0.0,1.0391635,0.6587344,0
data/raw/deepdrid/deepdrid/regular-fundus-training/Images/115/115_r2.jpg,0.0,-1.0892038,0.3341825,0
data/raw/deepdrid/deepdrid/regular-fundus-training/Images/116/116_l1.jpg,0.0,-2.4019954,0.17943804,0
data/raw/deepdrid/deepdrid/regular-fundus-training/Images/116/116_l2.jpg,0.0,-0.92219466,0.35809717,0
data/raw/deepdrid/deepdrid/regular-fundus-training/Images/116/116_r1.jpg,0.0,0.75917125,0.6178563,1
data/raw/deepdrid/deepdrid/regular-fundus-training/Images/116/116_r2.jpg,0.0,-5.5579085,0.028819686,1
data/raw/deepdrid/deepdrid/regular-fundus-training/Images/117/117_l1.jpg,1.0,12.687859,0.99967456,0
data/raw/deepdrid/deepdrid/regular-fundus-training/Images/117/117_l2.jpg,1.0,12.002623,0.9994979,0
data/raw/deepdrid/deepdrid/regular-fundus-training/Images/117/117_r1.jpg,1.0,12.658588,0.9996685,0
data/raw/deepdrid/deepdrid/regular-fundus-training/Images/117/117_r2.jpg,1.0,12.509519,0.9996356,0
data/raw/deepdrid/deepdrid/regular-fundus-training/Images/118/118_l1.jpg,1.0,8.645403,0.9958125,0
data/raw/deepdrid/deepdrid/regular-fundus-training/Images/118/118_l2.jpg,1.0,10.260639,0.99848926,0
data/raw/deepdrid/deepdrid/regular-fundus-training/Images/118/118_r1.jpg,1.0,4.509517,0.9455228,0
data/raw/deepdrid/deepdrid/regular-fundus-training/Images/118/118_r2.jpg,1.0,8.998035,0.9966473,0
data/raw/deepdrid/deepdrid/regular-fundus-training/Images/119/119_l1.jpg,1.0,2.6554918,0.8429827,1
data/raw/deepdrid/deepdrid/regular-fundus-training/Images/119/119_l2.jpg,1.0,9.716603,0.99786973,1
data/raw/deepdrid/deepdrid/regular-fundus-training/Images/119/119_r1.jpg,1.0,3.7877014,0.91660863,0
data/raw/deepdrid/deepdrid/regular-fundus-training/Images/119/119_r2.jpg,1.0,8.081983,0.99402916,0
data/raw/deepdrid/deepdrid/regular-fundus-training/Images/120/120_l1.jpg,0.0,-1.7459532,0.24881026,1
data/raw/deepdrid/deepdrid/regular-fundus-training/Images/120/120_l2.jpg,0.0,-1.5773747,0.26927996,1
data/raw/deepdrid/deepdrid/regular-fundus-training/Images/120/120_r1.jpg,0.0,3.7322335,0.9138859,0
data/raw/deepdrid/deepdrid/regular-fundus-training/Images/120/120_r2.jpg,0.0,3.7256684,0.91355824,0
data/raw/deepdrid/deepdrid/regular-fundus-training/Images/121/121_l1.jpg,0.0,1.1788822,0.6783247,1
data/raw/deepdrid/deepdrid/regular-fundus-training/Images/121/121_l2.jpg,0.0,0.020066947,0.5031749,1
data/raw/deepdrid/deepdrid/regular-fundus-training/Images/121/121_r1.jpg,0.0,-0.24865015,0.46073997,1
data/raw/deepdrid/deepdrid/regular-fundus-training/Images/121/121_r2.jpg,0.0,6.631698,0.9851826,1
data/raw/deepdrid/deepdrid/regular-fundus-training/Images/122/122_l1.jpg,0.0,-1.730748,0.25061318,1
data/raw/deepdrid/deepdrid/regular-fundus-training/Images/122/122_l2.jpg,0.0,-2.484628,0.17186666,1
data/raw/deepdrid/deepdrid/regular-fundus-training/Images/122/122_r1.jpg,1.0,3.0815294,0.87547046,1
data/raw/deepdrid/deepdrid/regular-fundus-training/Images/122/122_r2.jpg,1.0,10.865576,0.9989693,1
data/raw/deepdrid/deepdrid/regular-fundus-training/Images/123/123_l1.jpg,1.0,11.952538,0.99948174,1
data/raw/deepdrid/deepdrid/regular-fundus-training/Images/123/123_l2.jpg,1.0,10.805034,0.9989291,1
data/raw/deepdrid/deepdrid/regular-fundus-training/Images/123/123_r1.jpg,1.0,1.6144952,0.7353175,1
data/raw/deepdrid/deepdrid/regular-fundus-training/Images/123/123_r2.jpg,1.0,10.832054,0.9989473,1
data/raw/deepdrid/deepdrid/regular-fundus-training/Images/124/124_l1.jpg,1.0,1.3843758,0.7060206,0
data/raw/deepdrid/deepdrid/regular-fundus-training/Images/124/124_l2.jpg,1.0,1.2416097,0.6869249,0
data/raw/deepdrid/deepdrid/regular-fundus-training/Images/124/124_r1.jpg,0.0,-0.8547624,0.3679651,0
data/raw/deepdrid/deepdrid/regular-fundus-training/Images/124/124_r2.jpg,0.0,-3.1456554,0.120172024,0
data/raw/deepdrid/deepdrid/regular-fundus-training/Images/125/125_l1.jpg,0.0,6.170464,0.98025906,0
data/raw/deepdrid/deepdrid/regular-fundus-training/Images/125/125_l2.jpg,0.0,7.63362,0.9920855,0
data/raw/deepdrid/deepdrid/regular-fundus-training/Images/125/125_r1.jpg,1.0,9.34789,0.99731135,0
data/raw/deepdrid/deepdrid/regular-fundus-training/Images/125/125_r2.jpg,1.0,8.935083,0.9965115,0
data/raw/deepdrid/deepdrid/regular-fundus-training/Images/126/126_l1.jpg,1.0,8.699142,0.9959519,1
data/raw/deepdrid/deepdrid/regular-fundus-training/Images/126/126_l2.jpg,1.0,9.275302,0.9971853,1
data/raw/deepdrid/deepdrid/regular-fundus-training/Images/126/126_r1.jpg,1.0,10.549232,0.9987412,1
data/raw/deepdrid/deepdrid/regular-fundus-training/Images/126/126_r2.jpg,1.0,11.2818165,0.9992079,1
data/raw/deepdrid/deepdrid/regular-fundus-training/Images/127/127_l1.jpg,0.0,9.043539,0.9967422,0
data/raw/deepdrid/deepdrid/regular-fundus-training/Images/127/127_l2.jpg,0.0,8.5921,0.99566936,0
data/raw/deepdrid/deepdrid/regular-fundus-training/Images/127/127_r1.jpg,1.0,9.355609,0.99732447,1
data/raw/deepdrid/deepdrid/regular-fundus-training/Images/127/127_r2.jpg,1.0,10.072179,0.99829835,1
data/raw/deepdrid/deepdrid/regular-fundus-training/Images/128/128_l1.jpg,0.0,0.81450886,0.62609047,0
data/raw/deepdrid/deepdrid/regular-fundus-training/Images/128/128_l2.jpg,0.0,-2.206461,0.19838627,0
data/raw/deepdrid/deepdrid/regular-fundus-training/Images/128/128_r1.jpg,0.0,-2.8509157,0.14133218,1
data/raw/deepdrid/deepdrid/regular-fundus-training/Images/128/128_r2.jpg,0.0,-2.036185,0.2160818,1
data/raw/deepdrid/deepdrid/regular-fundus-training/Images/129/129_l1.jpg,0.0,0.6497529,0.6013783,0
data/raw/deepdrid/deepdrid/regular-fundus-training/Images/129/129_l2.jpg,0.0,-3.494008,0.09874342,0
data/raw/deepdrid/deepdrid/regular-fundus-training/Images/129/129_r1.jpg,0.0,-1.8368403,0.23821555,1
data/raw/deepdrid/deepdrid/regular-fundus-training/Images/129/129_r2.jpg,0.0,-2.8786669,0.13921417,1
data/raw/deepdrid/deepdrid/regular-fundus-training/Images/130/130_l1.jpg,1.0,4.4312835,0.9429154,1
data/raw/deepdrid/deepdrid/regular-fundus-training/Images/130/130_l2.jpg,1.0,4.8124824,0.9545962,1
data/raw/deepdrid/deepdrid/regular-fundus-training/Images/130/130_r1.jpg,1.0,5.7273746,0.97403514,1
data/raw/deepdrid/deepdrid/regular-fundus-training/Images/130/130_r2.jpg,1.0,5.526964,0.9706271,1
data/raw/deepdrid/deepdrid/regular-fundus-training/Images/131/131_l1.jpg,1.0,11.846313,0.9994456,1
data/raw/deepdrid/deepdrid/regular-fundus-training/Images/131/131_l2.jpg,1.0,12.091165,0.9995252,1
data/raw/deepdrid/deepdrid/regular-fundus-training/Images/131/131_r1.jpg,1.0,8.286133,0.994749,1
data/raw/deepdrid/deepdrid/regular-fundus-training/Images/131/131_r2.jpg,1.0,11.804635,0.99943084,1
data/raw/deepdrid/deepdrid/regular-fundus-training/Images/132/132_l1.jpg,0.0,-2.2995925,0.18917938,1
data/raw/deepdrid/deepdrid/regular-fundus-training/Images/132/132_l2.jpg,0.0,-2.6431816,0.15805127,1
data/raw/deepdrid/deepdrid/regular-fundus-training/Images/132/132_r1.jpg,0.0,1.1572857,0.67533517,1
data/raw/deepdrid/deepdrid/regular-fundus-training/Images/132/132_r2.jpg,0.0,-4.3835,0.05873431,1
data/raw/deepdrid/deepdrid/regular-fundus-training/Images/133/133_l1.jpg,0.0,0.2655013,0.5419086,1
data/raw/deepdrid/deepdrid/regular-fundus-training/Images/133/133_l2.jpg,0.0,-6.336927,0.017802145,1
data/raw/deepdrid/deepdrid/regular-fundus-training/Images/133/133_r1.jpg,0.0,-1.6826271,0.25637606,0
data/raw/deepdrid/deepdrid/regular-fundus-training/Images/133/133_r2.jpg,0.0,-3.0345972,0.12780401,0
data/raw/deepdrid/deepdrid/regular-fundus-training/Images/134/134_l1.jpg,1.0,8.282563,0.9947372,1
data/raw/deepdrid/deepdrid/regular-fundus-training/Images/134/134_l2.jpg,1.0,9.464848,0.99750274,1
data/raw/deepdrid/deepdrid/regular-fundus-training/Images/134/134_r1.jpg,1.0,9.914147,0.99811965,1
data/raw/deepdrid/deepdrid/regular-fundus-training/Images/134/134_r2.jpg,1.0,10.275748,0.9985037,1
data/raw/deepdrid/deepdrid/regular-fundus-training/Images/135/135_l1.jpg,0.0,-4.9591136,0.041547135,1
data/raw/deepdrid/deepdrid/regular-fundus-training/Images/135/135_l2.jpg,0.0,-1.1237574,0.32933456,1
data/raw/deepdrid/deepdrid/regular-fundus-training/Images/135/135_r1.jpg,0.0,0.57426304,0.58987194,0
data/raw/deepdrid/deepdrid/regular-fundus-training/Images/135/135_r2.jpg,0.0,-3.6944017,0.08801717,0
data/raw/deepdrid/deepdrid/regular-fundus-training/Images/136/136_l1.jpg,1.0,12.258377,0.9995728,1
data/raw/deepdrid/deepdrid/regular-fundus-training/Images/136/136_l2.jpg,1.0,10.766064,0.99890244,1
data/raw/deepdrid/deepdrid/regular-fundus-training/Images/136/136_r1.jpg,1.0,12.441492,0.9996196,1
data/raw/deepdrid/deepdrid/regular-fundus-training/Images/136/136_r2.jpg,1.0,12.062193,0.9995165,1
data/raw/deepdrid/deepdrid/regular-fundus-training/Images/137/137_l1.jpg,0.0,2.6168768,0.83972085,0
data/raw/deepdrid/deepdrid/regular-fundus-training/Images/137/137_l2.jpg,0.0,6.117814,0.9796038,0
data/raw/deepdrid/deepdrid/regular-fundus-training/Images/137/137_r1.jpg,0.0,3.098624,0.87664515,0
data/raw/deepdrid/deepdrid/regular-fundus-training/Images/137/137_r2.jpg,0.0,4.6488585,0.9498907,0
data/raw/deepdrid/deepdrid/regular-fundus-training/Images/138/138_l1.jpg,1.0,10.868478,0.9989712,1
data/raw/deepdrid/deepdrid/regular-fundus-training/Images/138/138_l2.jpg,1.0,8.250357,0.99462944,1
data/raw/deepdrid/deepdrid/regular-fundus-training/Images/138/138_r1.jpg,1.0,7.7520347,0.9926528,1
data/raw/deepdrid/deepdrid/regular-fundus-training/Images/138/138_r2.jpg,1.0,7.1456685,0.98925287,1
data/raw/deepdrid/deepdrid/regular-fundus-training/Images/139/139_l1.jpg,1.0,10.723529,0.99887246,0
data/raw/deepdrid/deepdrid/regular-fundus-training/Images/139/139_l2.jpg,1.0,9.064751,0.9967854,0
data/raw/deepdrid/deepdrid/regular-fundus-training/Images/139/139_r1.jpg,0.0,8.149468,0.9942774,0
data/raw/deepdrid/deepdrid/regular-fundus-training/Images/139/139_r2.jpg,0.0,6.365321,0.9825094,0
data/raw/deepdrid/deepdrid/regular-fundus-training/Images/140/140_l1.jpg,1.0,8.042574,0.9938792,1
data/raw/deepdrid/deepdrid/regular-fundus-training/Images/140/140_l2.jpg,1.0,5.4067802,0.9683792,1
data/raw/deepdrid/deepdrid/regular-fundus-training/Images/140/140_r1.jpg,0.0,6.1553063,0.9800726,1
data/raw/deepdrid/deepdrid/regular-fundus-training/Images/140/140_r2.jpg,0.0,3.3107398,0.89044356,1
data/raw/deepdrid/deepdrid/regular-fundus-training/Images/141/141_l1.jpg,0.0,4.3549175,0.9402576,1
data/raw/deepdrid/deepdrid/regular-fundus-training/Images/141/141_l2.jpg,0.0,3.01825,0.8710384,1
data/raw/deepdrid/deepdrid/regular-fundus-training/Images/141/141_r1.jpg,1.0,3.8278708,0.91853136,1
data/raw/deepdrid/deepdrid/regular-fundus-training/Images/141/141_r2.jpg,1.0,10.222832,0.9984528,1
data/raw/deepdrid/deepdrid/regular-fundus-training/Images/142/142_l1.jpg,1.0,6.381514,0.98268455,1
data/raw/deepdrid/deepdrid/regular-fundus-training/Images/142/142_l2.jpg,1.0,3.719138,0.9132314,1
data/raw/deepdrid/deepdrid/regular-fundus-training/Images/142/142_r1.jpg,0.0,-1.5469168,0.27308968,1
data/raw/deepdrid/deepdrid/regular-fundus-training/Images/142/142_r2.jpg,0.0,1.7993013,0.75744647,1
data/raw/deepdrid/deepdrid/regular-fundus-training/Images/143/143_l1.jpg,1.0,0.51685554,0.5810546,0
data/raw/deepdrid/deepdrid/regular-fundus-training/Images/143/143_l2.jpg,1.0,8.945167,0.9965335,0
data/raw/deepdrid/deepdrid/regular-fundus-training/Images/143/143_r1.jpg,1.0,7.1026454,0.98895943,0
data/raw/deepdrid/deepdrid/regular-fundus-training/Images/143/143_r2.jpg,1.0,11.097136,0.9991097,0
data/raw/deepdrid/deepdrid/regular-fundus-training/Images/144/144_l1.jpg,1.0,-1.6188713,0.26414382,1
data/raw/deepdrid/deepdrid/regular-fundus-training/Images/144/144_l2.jpg,1.0,8.8631735,0.9963496,1
data/raw/deepdrid/deepdrid/regular-fundus-training/Images/144/144_r1.jpg,1.0,-3.918801,0.077264674,1
data/raw/deepdrid/deepdrid/regular-fundus-training/Images/144/144_r2.jpg,1.0,3.1141725,0.87770534,1
data/raw/deepdrid/deepdrid/regular-fundus-training/Images/145/145_l1.jpg,1.0,10.248756,0.998478,1
data/raw/deepdrid/deepdrid/regular-fundus-training/Images/145/145_l2.jpg,1.0,10.490914,0.998694,1
data/raw/deepdrid/deepdrid/regular-fundus-training/Images/145/145_r1.jpg,0.0,7.914397,0.99336547,1
data/raw/deepdrid/deepdrid/regular-fundus-training/Images/145/145_r2.jpg,0.0,1.1844646,0.6790951,1
data/raw/deepdrid/deepdrid/regular-fundus-training/Images/146/146_l1.jpg,0.0,2.6678107,0.8440119,1
data/raw/deepdrid/deepdrid/regular-fundus-training/Images/146/146_l2.jpg,0.0,-5.509343,0.029692527,1
data/raw/deepdrid/deepdrid/regular-fundus-training/Images/146/146_r1.jpg,0.0,0.35206544,0.5554739,1
data/raw/deepdrid/deepdrid/regular-fundus-training/Images/146/146_r2.jpg,0.0,-3.5035799,0.098205626,1
data/raw/deepdrid/deepdrid/regular-fundus-training/Images/147/147_l1.jpg,1.0,9.244866,0.9971308,0
data/raw/deepdrid/deepdrid/regular-fundus-training/Images/147/147_l2.jpg,1.0,11.625158,0.9993625,0
data/raw/deepdrid/deepdrid/regular-fundus-training/Images/147/147_r1.jpg,1.0,10.55522,0.9987459,0
data/raw/deepdrid/deepdrid/regular-fundus-training/Images/147/147_r2.jpg,1.0,10.850355,0.9989594,0
data/raw/deepdrid/deepdrid/regular-fundus-training/Images/148/148_l1.jpg,1.0,10.5146885,0.9987134,0
data/raw/deepdrid/deepdrid/regular-fundus-training/Images/148/148_l2.jpg,1.0,10.162764,0.9983929,0
data/raw/deepdrid/deepdrid/regular-fundus-training/Images/148/148_r1.jpg,1.0,9.636908,0.9977598,1
data/raw/deepdrid/deepdrid/regular-fundus-training/Images/148/148_r2.jpg,1.0,7.8850718,0.99324197,1
data/raw/deepdrid/deepdrid/regular-fundus-training/Images/149/149_l1.jpg,0.0,0.103818074,0.51642,0
data/raw/deepdrid/deepdrid/regular-fundus-training/Images/149/149_l2.jpg,0.0,0.41391593,0.5651171,0
data/raw/deepdrid/deepdrid/regular-fundus-training/Images/149/149_r1.jpg,1.0,12.044514,0.999511,1
data/raw/deepdrid/deepdrid/regular-fundus-training/Images/149/149_r2.jpg,1.0,10.471537,0.9986778,1
data/raw/deepdrid/deepdrid/regular-fundus-training/Images/150/150_l1.jpg,0.0,3.7526898,0.9148993,0
data/raw/deepdrid/deepdrid/regular-fundus-training/Images/150/150_l2.jpg,0.0,-4.9993033,0.04054602,0
data/raw/deepdrid/deepdrid/regular-fundus-training/Images/150/150_r1.jpg,0.0,2.4375844,0.8238544,0
data/raw/deepdrid/deepdrid/regular-fundus-training/Images/150/150_r2.jpg,0.0,-3.6585085,0.08985772,0
data/raw/deepdrid/deepdrid/regular-fundus-training/Images/151/151_l1.jpg,1.0,12.511229,0.99963605,0
data/raw/deepdrid/deepdrid/regular-fundus-training/Images/151/151_l2.jpg,1.0,11.887381,0.9994599,0
data/raw/deepdrid/deepdrid/regular-fundus-training/Images/151/151_r1.jpg,1.0,11.45254,0.9992889,0
data/raw/deepdrid/deepdrid/regular-fundus-training/Images/151/151_r2.jpg,1.0,11.331055,0.9992322,0
data/raw/deepdrid/deepdrid/regular-fundus-training/Images/152/152_l1.jpg,1.0,3.2706003,0.88794065,0
data/raw/deepdrid/deepdrid/regular-fundus-training/Images/152/152_l2.jpg,1.0,-0.34535578,0.44557485,0
data/raw/deepdrid/deepdrid/regular-fundus-training/Images/152/152_r1.jpg,1.0,9.848157,0.99803966,0
data/raw/deepdrid/deepdrid/regular-fundus-training/Images/152/152_r2.jpg,1.0,7.729995,0.9925504,0
data/raw/deepdrid/deepdrid/regular-fundus-training/Images/153/153_l1.jpg,1.0,12.238647,0.99956745,0
data/raw/deepdrid/deepdrid/regular-fundus-training/Images/153/153_l2.jpg,1.0,12.27132,0.9995764,0
data/raw/deepdrid/deepdrid/regular-fundus-training/Images/153/153_r1.jpg,1.0,12.696639,0.99967635,0
data/raw/deepdrid/deepdrid/regular-fundus-training/Images/153/153_r2.jpg,1.0,12.550434,0.9996449,0
data/raw/deepdrid/deepdrid/regular-fundus-training/Images/154/154_l1.jpg,1.0,6.6917734,0.9857275,1
data/raw/deepdrid/deepdrid/regular-fundus-training/Images/154/154_l2.jpg,1.0,11.10763,0.99911565,1
data/raw/deepdrid/deepdrid/regular-fundus-training/Images/154/154_r1.jpg,1.0,7.47644,0.991265,0
data/raw/deepdrid/deepdrid/regular-fundus-training/Images/154/154_r2.jpg,1.0,4.316083,0.93886197,0
data/raw/deepdrid/deepdrid/regular-fundus-training/Images/155/155_l1.jpg,1.0,11.697,0.9993907,1
data/raw/deepdrid/deepdrid/regular-fundus-training/Images/155/155_l2.jpg,1.0,11.869159,0.9994536,1
data/raw/deepdrid/deepdrid/regular-fundus-training/Images/155/155_r1.jpg,1.0,10.355701,0.99857736,1
data/raw/deepdrid/deepdrid/regular-fundus-training/Images/155/155_r2.jpg,1.0,6.82249,0.98684585,1
data/raw/deepdrid/deepdrid/regular-fundus-training/Images/156/156_l1.jpg,1.0,8.977856,0.9966043,0
data/raw/deepdrid/deepdrid/regular-fundus-training/Images/156/156_l2.jpg,1.0,9.191863,0.9970331,0
data/raw/deepdrid/deepdrid/regular-fundus-training/Images/156/156_r1.jpg,1.0,3.3330848,0.8918155,0
data/raw/deepdrid/deepdrid/regular-fundus-training/Images/156/156_r2.jpg,1.0,11.366352,0.99924904,0
data/raw/deepdrid/deepdrid/regular-fundus-training/Images/157/157_l1.jpg,0.0,-1.4581026,0.2843888,0
data/raw/deepdrid/deepdrid/regular-fundus-training/Images/157/157_l2.jpg,0.0,-4.8590927,0.04414227,0
data/raw/deepdrid/deepdrid/regular-fundus-training/Images/157/157_r1.jpg,0.0,2.9182448,0.86376035,1
data/raw/deepdrid/deepdrid/regular-fundus-training/Images/157/157_r2.jpg,0.0,2.1704981,0.79796934,1
data/raw/deepdrid/deepdrid/regular-fundus-training/Images/158/158_l1.jpg,1.0,11.260378,0.99919707,0
data/raw/deepdrid/deepdrid/regular-fundus-training/Images/158/158_l2.jpg,1.0,9.482773,0.9975309,0
data/raw/deepdrid/deepdrid/regular-fundus-training/Images/158/158_r1.jpg,1.0,11.863026,0.99945146,0
data/raw/deepdrid/deepdrid/regular-fundus-training/Images/158/158_r2.jpg,1.0,11.754917,0.99941266,0
data/raw/deepdrid/deepdrid/regular-fundus-training/Images/159/159_l1.jpg,0.0,3.0173569,0.8709748,1
data/raw/deepdrid/deepdrid/regular-fundus-training/Images/159/159_l2.jpg,0.0,-1.5429798,0.2735846,1
data/raw/deepdrid/deepdrid/regular-fundus-training/Images/159/159_r1.jpg,0.0,4.809259,0.9545077,0
data/raw/deepdrid/deepdrid/regular-fundus-training/Images/159/159_r2.jpg,0.0,0.7598991,0.6179651,0
data/raw/deepdrid/deepdrid/regular-fundus-training/Images/160/160_l1.jpg,0.0,1.7404158,0.7505342,0
data/raw/deepdrid/deepdrid/regular-fundus-training/Images/160/160_l2.jpg,0.0,-3.250853,0.11330891,0
data/raw/deepdrid/deepdrid/regular-fundus-training/Images/160/160_r1.jpg,0.0,1.364814,0.7034445,0
data/raw/deepdrid/deepdrid/regular-fundus-training/Images/160/160_r2.jpg,0.0,0.88243777,0.6360988,0
data/raw/deepdrid/deepdrid/regular-fundus-training/Images/161/161_l1.jpg,0.0,0.09048528,0.5143125,0
data/raw/deepdrid/deepdrid/regular-fundus-training/Images/161/161_l2.jpg,0.0,-4.7463565,0.047252536,0
data/raw/deepdrid/deepdrid/regular-fundus-training/Images/161/161_r1.jpg,1.0,-4.918274,0.042588636,1
data/raw/deepdrid/deepdrid/regular-fundus-training/Images/161/161_r2.jpg,1.0,5.341491,0.9670892,1
data/raw/deepdrid/deepdrid/regular-fundus-training/Images/162/162_l1.jpg,0.0,-1.9302038,0.2276594,0
data/raw/deepdrid/deepdrid/regular-fundus-training/Images/162/162_l2.jpg,0.0,4.7704453,0.95342904,0
data/raw/deepdrid/deepdrid/regular-fundus-training/Images/162/162_r1.jpg,0.0,2.8266728,0.8567956,1
data/raw/deepdrid/deepdrid/regular-fundus-training/Images/162/162_r2.jpg,0.0,-5.986725,0.022121407,1
data/raw/deepdrid/deepdrid/regular-fundus-training/Images/163/163_l1.jpg,0.0,-3.071656,0.12521237,0
data/raw/deepdrid/deepdrid/regular-fundus-training/Images/163/163_l2.jpg,0.0,-0.86802185,0.36601567,0
data/raw/deepdrid/deepdrid/regular-fundus-training/Images/163/163_r1.jpg,0.0,-2.783942,0.14655463,1
data/raw/deepdrid/deepdrid/regular-fundus-training/Images/163/163_r2.jpg,0.0,-4.271561,0.062775485,1
data/raw/deepdrid/deepdrid/regular-fundus-training/Images/164/164_r1.jpg,0.0,-4.443936,0.056655124,1
data/raw/deepdrid/deepdrid/regular-fundus-training/Images/165/165_l1.jpg,0.0,-3.3295968,0.10839765,1
data/raw/deepdrid/deepdrid/regular-fundus-training/Images/165/165_l2.jpg,0.0,2.4658508,0.8264353,1
data/raw/deepdrid/deepdrid/regular-fundus-training/Images/165/165_r1.jpg,0.0,0.43692487,0.56869245,0
data/raw/deepdrid/deepdrid/regular-fundus-training/Images/165/165_r2.jpg,0.0,2.386962,0.8191568,0
data/raw/deepdrid/deepdrid/regular-fundus-training/Images/166/166_l1.jpg,0.0,-2.6850421,0.15455772,0
data/raw/deepdrid/deepdrid/regular-fundus-training/Images/166/166_l2.jpg,0.0,1.4334897,0.7124305,0
data/raw/deepdrid/deepdrid/regular-fundus-training/Images/166/166_r1.jpg,0.0,-1.6045336,0.26591134,0
data/raw/deepdrid/deepdrid/regular-fundus-training/Images/166/166_r2.jpg,0.0,7.0617805,0.9886734,0
data/raw/deepdrid/deepdrid/regular-fundus-training/Images/167/167_l2.jpg,1.0,-2.9274232,0.13555752,0
data/raw/deepdrid/deepdrid/regular-fundus-training/Images/167/167_r2.jpg,1.0,11.3324585,0.99923277,1
data/raw/deepdrid/deepdrid/regular-fundus-training/Images/168/168_l1.jpg,1.0,2.517344,0.8310603,0
data/raw/deepdrid/deepdrid/regular-fundus-training/Images/168/168_l2.jpg,1.0,-0.5006064,0.4214508,0
data/raw/deepdrid/deepdrid/regular-fundus-training/Images/168/168_r1.jpg,1.0,8.814008,0.9962347,1
data/raw/deepdrid/deepdrid/regular-fundus-training/Images/168/168_r2.jpg,1.0,4.177405,0.9336259,1
data/raw/deepdrid/deepdrid/regular-fundus-training/Images/169/169_l1.jpg,0.0,1.373362,0.7045718,0
data/raw/deepdrid/deepdrid/regular-fundus-training/Images/169/169_l2.jpg,0.0,-1.8621979,0.23531556,0
data/raw/deepdrid/deepdrid/regular-fundus-training/Images/169/169_r1.jpg,0.0,-0.2714387,0.4571587,0
data/raw/deepdrid/deepdrid/regular-fundus-training/Images/169/169_r2.jpg,0.0,2.9447727,0.865724,0
data/raw/deepdrid/deepdrid/regular-fundus-training/Images/170/170_l1.jpg,1.0,10.437263,0.99864894,0
data/raw/deepdrid/deepdrid/regular-fundus-training/Images/170/170_l2.jpg,1.0,8.246812,0.9946174,0
data/raw/deepdrid/deepdrid/regular-fundus-training/Images/170/170_r1.jpg,0.0,8.234621,0.994576,1
data/raw/deepdrid/deepdrid/regular-fundus-training/Images/170/170_r2.jpg,0.0,3.6786845,0.91118103,1
data/raw/deepdrid/deepdrid/regular-fundus-training/Images/171/171_l1.jpg,1.0,10.491788,0.9986947,1
data/raw/deepdrid/deepdrid/regular-fundus-training/Images/171/171_l2.jpg,1.0,3.330928,0.8916838,1
data/raw/deepdrid/deepdrid/regular-fundus-training/Images/171/171_r1.jpg,0.0,5.3526726,0.96731365,1
data/raw/deepdrid/deepdrid/regular-fundus-training/Images/171/171_r2.jpg,0.0,-0.6051449,0.4054083,1
data/raw/deepdrid/deepdrid/regular-fundus-training/Images/172/172_l1.jpg,0.0,-1.8939021,0.23172428,1
data/raw/deepdrid/deepdrid/regular-fundus-training/Images/172/172_l2.jpg,0.0,-7.3661933,0.009360342,1
data/raw/deepdrid/deepdrid/regular-fundus-training/Images/172/172_r1.jpg,0.0,0.3648836,0.5574761,1
data/raw/deepdrid/deepdrid/regular-fundus-training/Images/172/172_r2.jpg,0.0,-1.8504659,0.2366542,1
data/raw/deepdrid/deepdrid/regular-fundus-training/Images/173/173_l1.jpg,0.0,-1.874699,0.23389493,1
data/raw/deepdrid/deepdrid/regular-fundus-training/Images/173/173_l2.jpg,0.0,-4.6257825,0.050809048,1
data/raw/deepdrid/deepdrid/regular-fundus-training/Images/173/173_r1.jpg,0.0,-1.9498302,0.2254828,0
data/raw/deepdrid/deepdrid/regular-fundus-training/Images/173/173_r2.jpg,0.0,-1.323783,0.30200103,0
data/raw/deepdrid/deepdrid/regular-fundus-training/Images/174/174_l1.jpg,0.0,-2.702504,0.1531192,0
data/raw/deepdrid/deepdrid/regular-fundus-training/Images/174/174_l2.jpg,0.0,-0.9545267,0.35340744,0
data/raw/deepdrid/deepdrid/regular-fundus-training/Images/174/174_r1.jpg,0.0,0.91982263,0.6415577,0
data/raw/deepdrid/deepdrid/regular-fundus-training/Images/174/174_r2.jpg,0.0,-0.3530521,0.44437194,0
data/raw/deepdrid/deepdrid/regular-fundus-training/Images/175/175_l1.jpg,1.0,3.748348,0.9146851,0
data/raw/deepdrid/deepdrid/regular-fundus-training/Images/175/175_l2.jpg,1.0,9.545252,0.99762636,0
data/raw/deepdrid/deepdrid/regular-fundus-training/Images/175/175_r1.jpg,1.0,8.333794,0.9949043,0
data/raw/deepdrid/deepdrid/regular-fundus-training/Images/175/175_r2.jpg,1.0,6.7997165,0.98665744,0
data/raw/deepdrid/deepdrid/regular-fundus-training/Images/176/176_l1.jpg,0.0,-0.70216316,0.39069772,0
data/raw/deepdrid/deepdrid/regular-fundus-training/Images/176/176_l2.jpg,0.0,-1.3394864,0.2999102,0
data/raw/deepdrid/deepdrid/regular-fundus-training/Images/176/176_r1.jpg,0.0,-0.004551188,0.49927995,0
data/raw/deepdrid/deepdrid/regular-fundus-training/Images/176/176_r2.jpg,0.0,-0.93700355,0.3559457,0
data/raw/deepdrid/deepdrid/regular-fundus-training/Images/177/177_l1.jpg,1.0,5.2387695,0.96495605,0
data/raw/deepdrid/deepdrid/regular-fundus-training/Images/177/177_l2.jpg,1.0,11.307398,0.9992205,0
data/raw/deepdrid/deepdrid/regular-fundus-training/Images/177/177_r1.jpg,0.0,7.7746115,0.9927563,1
data/raw/deepdrid/deepdrid/regular-fundus-training/Images/177/177_r2.jpg,0.0,-2.0801463,0.21140628,1
data/raw/deepdrid/deepdrid/regular-fundus-training/Images/178/178_l1.jpg,0.0,-4.294478,0.061927587,0
data/raw/deepdrid/deepdrid/regular-fundus-training/Images/178/178_l2.jpg,0.0,-4.280065,0.0624596,0
data/raw/deepdrid/deepdrid/regular-fundus-training/Images/178/178_r1.jpg,0.0,-3.514702,0.09758402,0
data/raw/deepdrid/deepdrid/regular-fundus-training/Images/178/178_r2.jpg,0.0,-1.3034813,0.30471626,0
data/raw/deepdrid/deepdrid/regular-fundus-training/Images/179/179_l1.jpg,1.0,10.726156,0.99887437,0
data/raw/deepdrid/deepdrid/regular-fundus-training/Images/179/179_l2.jpg,1.0,8.360352,0.99498874,0
data/raw/deepdrid/deepdrid/regular-fundus-training/Images/179/179_r1.jpg,0.0,8.179607,0.9943849,0
data/raw/deepdrid/deepdrid/regular-fundus-training/Images/179/179_r2.jpg,0.0,10.937672,0.9990152,0
data/raw/deepdrid/deepdrid/regular-fundus-training/Images/180/180_l1.jpg,0.0,-1.3931488,0.29282832,1
data/raw/deepdrid/deepdrid/regular-fundus-training/Images/180/180_l2.jpg,0.0,1.5643893,0.7290999,1
data/raw/deepdrid/deepdrid/regular-fundus-training/Images/180/180_r1.jpg,0.0,1.6799704,0.7433033,0
data/raw/deepdrid/deepdrid/regular-fundus-training/Images/180/180_r2.jpg,0.0,-2.177209,0.2013468,0
data/raw/deepdrid/deepdrid/regular-fundus-training/Images/181/181_l1.jpg,1.0,9.129974,0.996915,1
data/raw/deepdrid/deepdrid/regular-fundus-training/Images/181/181_l2.jpg,1.0,11.1256485,0.99912566,1
data/raw/deepdrid/deepdrid/regular-fundus-training/Images/181/181_r1.jpg,1.0,10.571258,0.99875855,1
data/raw/deepdrid/deepdrid/regular-fundus-training/Images/181/181_r2.jpg,1.0,11.457065,0.99929094,1
data/raw/deepdrid/deepdrid/regular-fundus-training/Images/182/182_l1.jpg,1.0,12.49329,0.9996319,0
data/raw/deepdrid/deepdrid/regular-fundus-training/Images/182/182_l2.jpg,1.0,10.014317,0.99823487,0
data/raw/deepdrid/deepdrid/regular-fundus-training/Images/182/182_r1.jpg,1.0,12.264876,0.9995746,1
data/raw/deepdrid/deepdrid/regular-fundus-training/Images/182/182_r2.jpg,1.0,6.7466283,0.9862077,1
data/raw/deepdrid/deepdrid/regular-fundus-training/Images/183/183_l1.jpg,0.0,-4.0176797,0.072919585,1
data/raw/deepdrid/deepdrid/regular-fundus-training/Images/183/183_l2.jpg,0.0,-6.2589498,0.018685894,1
data/raw/deepdrid/deepdrid/regular-fundus-training/Images/183/183_r1.jpg,0.0,-4.979355,0.041040007,1
data/raw/deepdrid/deepdrid/regular-fundus-training/Images/183/183_r2.jpg,0.0,-1.6751662,0.25727728,1
data/raw/deepdrid/deepdrid/regular-fundus-training/Images/184/184_l1.jpg,0.0,-1.2861124,0.30705017,0
data/raw/deepdrid/deepdrid/regular-fundus-training/Images/184/184_l2.jpg,0.0,-3.2936442,0.1106164,0
data/raw/deepdrid/deepdrid/regular-fundus-training/Images/184/184_r1.jpg,0.0,-3.2831147,0.1112737,0
data/raw/deepdrid/deepdrid/regular-fundus-training/Images/184/184_r2.jpg,0.0,-0.25813705,0.45924854,0
data/raw/deepdrid/deepdrid/regular-fundus-training/Images/185/185_l1.jpg,0.0,-1.8085109,0.24148437,0
data/raw/deepdrid/deepdrid/regular-fundus-training/Images/185/185_l2.jpg,0.0,-3.7442906,0.08551553,0
data/raw/deepdrid/deepdrid/regular-fundus-training/Images/185/185_r1.jpg,0.0,-0.68837756,0.39277658,0
data/raw/deepdrid/deepdrid/regular-fundus-training/Images/185/185_r2.jpg,0.0,-2.43047,0.17679998,0
data/raw/deepdrid/deepdrid/regular-fundus-training/Images/186/186_l1.jpg,0.0,-1.7110623,0.25296023,1
data/raw/deepdrid/deepdrid/regular-fundus-training/Images/186/186_l2.jpg,0.0,-4.9958596,0.04063089,1
data/raw/deepdrid/deepdrid/regular-fundus-training/Images/186/186_r1.jpg,0.0,-3.691992,0.088139676,1
data/raw/deepdrid/deepdrid/regular-fundus-training/Images/186/186_r2.jpg,0.0,-3.262483,0.112571515,1
data/raw/deepdrid/deepdrid/regular-fundus-training/Images/187/187_l1.jpg,1.0,8.460047,0.9952937,0
data/raw/deepdrid/deepdrid/regular-fundus-training/Images/187/187_l2.jpg,1.0,6.2344565,0.9810277,0
data/raw/deepdrid/deepdrid/regular-fundus-training/Images/187/187_r1.jpg,1.0,5.748861,0.97437686,1
data/raw/deepdrid/deepdrid/regular-fundus-training/Images/187/187_r2.jpg,1.0,11.779809,0.99942183,1
data/raw/deepdrid/deepdrid/regular-fundus-training/Images/188/188_l1.jpg,0.0,1.3980632,0.70781535,1
data/raw/deepdrid/deepdrid/regular-fundus-training/Images/188/188_l2.jpg,0.0,-2.9673707,0.13262217,1
data/raw/deepdrid/deepdrid/regular-fundus-training/Images/188/188_r1.jpg,0.0,1.3043685,0.6954026,1
data/raw/deepdrid/deepdrid/regular-fundus-training/Images/188/188_r2.jpg,0.0,-1.0043371,0.3462377,1
data/raw/deepdrid/deepdrid/regular-fundus-training/Images/189/189_l1.jpg,0.0,-5.7700186,0.025290955,1
data/raw/deepdrid/deepdrid/regular-fundus-training/Images/189/189_l2.jpg,0.0,-6.418806,0.016918365,1
data/raw/deepdrid/deepdrid/regular-fundus-training/Images/189/189_r1.jpg,0.0,0.90471905,0.6393566,0
data/raw/deepdrid/deepdrid/regular-fundus-training/Images/189/189_r2.jpg,0.0,-6.5585475,0.01550859,0
data/raw/deepdrid/deepdrid/regular-fundus-training/Images/190/190_l1.jpg,1.0,2.9190867,0.86382306,1
data/raw/deepdrid/deepdrid/regular-fundus-training/Images/190/190_l2.jpg,1.0,-1.1218436,0.32960212,1
data/raw/deepdrid/deepdrid/regular-fundus-training/Images/190/190_r1.jpg,1.0,2.6940308,0.8461842,0
data/raw/deepdrid/deepdrid/regular-fundus-training/Images/190/190_r2.jpg,1.0,5.6374345,0.97255605,0
data/raw/deepdrid/deepdrid/regular-fundus-training/Images/191/191_l1.jpg,1.0,10.482134,0.9986866,0
data/raw/deepdrid/deepdrid/regular-fundus-training/Images/191/191_l2.jpg,1.0,12.204892,0.99955815,0
data/raw/deepdrid/deepdrid/regular-fundus-training/Images/191/191_r1.jpg,1.0,11.016072,0.99906296,0
data/raw/deepdrid/deepdrid/regular-fundus-training/Images/191/191_r2.jpg,1.0,11.776316,0.99942064,0
data/raw/deepdrid/deepdrid/regular-fundus-training/Images/192/192_l1.jpg,0.0,-5.740754,0.025751552,1
data/raw/deepdrid/deepdrid/regular-fundus-training/Images/192/192_l2.jpg,0.0,-1.6222526,0.2637281,1
data/raw/deepdrid/deepdrid/regular-fundus-training/Images/192/192_r1.jpg,0.0,2.601963,0.83844644,0
data/raw/deepdrid/deepdrid/regular-fundus-training/Images/192/192_r2.jpg,0.0,-0.086487055,0.48631957,0
data/raw/deepdrid/deepdrid/regular-fundus-training/Images/193/193_l1.jpg,0.0,-0.8803769,0.36420316,0
data/raw/deepdrid/deepdrid/regular-fundus-training/Images/193/193_l2.jpg,0.0,-3.6370525,0.090974465,0
data/raw/deepdrid/deepdrid/regular-fundus-training/Images/193/193_r1.jpg,0.0,-1.420722,0.28922778,0
data/raw/deepdrid/deepdrid/regular-fundus-training/Images/193/193_r2.jpg,0.0,-0.23210083,0.4633433,0
data/raw/deepdrid/deepdrid/regular-fundus-training/Images/194/194_l1.jpg,0.0,1.743028,0.7508436,1
data/raw/deepdrid/deepdrid/regular-fundus-training/Images/194/194_l2.jpg,0.0,-1.005954,0.3460061,1
data/raw/deepdrid/deepdrid/regular-fundus-training/Images/194/194_r1.jpg,0.0,2.7627037,0.8517562,0
data/raw/deepdrid/deepdrid/regular-fundus-training/Images/194/194_r2.jpg,0.0,3.90579,0.9221462,0
data/raw/deepdrid/deepdrid/regular-fundus-training/Images/195/195_l1.jpg,1.0,10.424598,0.998638,0
data/raw/deepdrid/deepdrid/regular-fundus-training/Images/195/195_l2.jpg,1.0,11.934039,0.99947566,0
data/raw/deepdrid/deepdrid/regular-fundus-training/Images/195/195_r1.jpg,1.0,12.070781,0.9995191,0
data/raw/deepdrid/deepdrid/regular-fundus-training/Images/195/195_r2.jpg,1.0,12.571197,0.9996495,0
data/raw/deepdrid/deepdrid/regular-fundus-training/Images/196/196_l1.jpg,1.0,10.188795,0.99841917,1
data/raw/deepdrid/deepdrid/regular-fundus-training/Images/196/196_l2.jpg,1.0,12.258784,0.99957293,1
data/raw/deepdrid/deepdrid/regular-fundus-training/Images/196/196_r1.jpg,1.0,12.273284,0.99957687,1
data/raw/deepdrid/deepdrid/regular-fundus-training/Images/196/196_r2.jpg,1.0,11.381136,0.9992561,1
data/raw/deepdrid/deepdrid/regular-fundus-training/Images/197/197_l1.jpg,0.0,1.1217155,0.67038,1
data/raw/deepdrid/deepdrid/regular-fundus-training/Images/197/197_l2.jpg,0.0,2.1287196,0.79367316,1
data/raw/deepdrid/deepdrid/regular-fundus-training/Images/197/197_r1.jpg,0.0,-4.881094,0.043558475,1
data/raw/deepdrid/deepdrid/regular-fundus-training/Images/197/197_r2.jpg,0.0,-2.6991036,0.15339847,1
data/raw/deepdrid/deepdrid/regular-fundus-training/Images/198/198_l1.jpg,1.0,1.7295293,0.74924195,1
data/raw/deepdrid/deepdrid/regular-fundus-training/Images/198/198_l2.jpg,1.0,-1.1751553,0.3221902,1
data/raw/deepdrid/deepdrid/regular-fundus-training/Images/198/198_r1.jpg,1.0,8.263451,0.99467355,0
data/raw/deepdrid/deepdrid/regular-fundus-training/Images/198/198_r2.jpg,1.0,5.9458847,0.97731256,0
data/raw/deepdrid/deepdrid/regular-fundus-training/Images/199/199_l1.jpg,1.0,8.091992,0.9940666,0
data/raw/deepdrid/deepdrid/regular-fundus-training/Images/199/199_l2.jpg,1.0,-0.5013258,0.42133978,0
data/raw/deepdrid/deepdrid/regular-fundus-training/Images/199/199_r1.jpg,0.0,1.2024785,0.68157446,0
data/raw/deepdrid/deepdrid/regular-fundus-training/Images/199/199_r2.jpg,0.0,1.8327231,0.7613113,0
data/raw/deepdrid/deepdrid/regular-fundus-training/Images/200/200_l1.jpg,1.0,3.5086892,0.9020804,0
data/raw/deepdrid/deepdrid/regular-fundus-training/Images/200/200_l2.jpg,1.0,8.834338,0.99628264,0
data/raw/deepdrid/deepdrid/regular-fundus-training/Images/200/200_r1.jpg,1.0,9.437512,0.99745923,1
data/raw/deepdrid/deepdrid/regular-fundus-training/Images/200/200_r2.jpg,1.0,8.245585,0.99461323,1
data/raw/deepdrid/deepdrid/regular-fundus-training/Images/201/201_l1.jpg,0.0,7.107677,0.9889942,0
data/raw/deepdrid/deepdrid/regular-fundus-training/Images/201/201_l2.jpg,0.0,5.0763702,0.96130943,0
data/raw/deepdrid/deepdrid/regular-fundus-training/Images/201/201_r1.jpg,1.0,10.660002,0.9988263,0
data/raw/deepdrid/deepdrid/regular-fundus-training/Images/201/201_r2.jpg,1.0,11.667853,0.9993794,0
data/raw/deepdrid/deepdrid/regular-fundus-training/Images/202/202_l1.jpg,1.0,11.133283,0.99912983,0
data/raw/deepdrid/deepdrid/regular-fundus-training/Images/202/202_l2.jpg,1.0,10.443141,0.9986539,0
data/raw/deepdrid/deepdrid/regular-fundus-training/Images/202/202_r1.jpg,1.0,10.576732,0.99876285,0
data/raw/deepdrid/deepdrid/regular-fundus-training/Images/202/202_r2.jpg,1.0,11.275541,0.9992047,0
data/raw/deepdrid/deepdrid/regular-fundus-training/Images/203/203_l1.jpg,1.0,9.724945,0.9978809,1
data/raw/deepdrid/deepdrid/regular-fundus-training/Images/203/203_l2.jpg,1.0,9.574458,0.99766964,1
data/raw/deepdrid/deepdrid/regular-fundus-training/Images/203/203_r1.jpg,0.0,-0.9250037,0.3576886,1
data/raw/deepdrid/deepdrid/regular-fundus-training/Images/203/203_r2.jpg,0.0,0.7797713,0.62092984,1
data/raw/deepdrid/deepdrid/regular-fundus-training/Images/204/204_l1.jpg,0.0,-0.37187284,0.44143295,0
data/raw/deepdrid/deepdrid/regular-fundus-training/Images/204/204_l2.jpg,0.0,-1.6657532,0.25841728,0
data/raw/deepdrid/deepdrid/regular-fundus-training/Images/204/204_r1.jpg,0.0,-2.34948,0.18438391,0
data/raw/deepdrid/deepdrid/regular-fundus-training/Images/204/204_r2.jpg,0.0,-0.042302668,0.49330732,0
data/raw/deepdrid/deepdrid/regular-fundus-training/Images/205/205_l1.jpg,0.0,5.9495206,0.97736347,0
data/raw/deepdrid/deepdrid/regular-fundus-training/Images/205/205_l2.jpg,0.0,5.4363294,0.9689469,0
data/raw/deepdrid/deepdrid/regular-fundus-training/Images/205/205_r1.jpg,1.0,5.954545,0.97743374,0
data/raw/deepdrid/deepdrid/regular-fundus-training/Images/205/205_r2.jpg,1.0,3.4069889,0.8962461,0
data/raw/deepdrid/deepdrid/regular-fundus-training/Images/206/206_l1.jpg,0.0,-3.9368567,0.076453924,0
data/raw/deepdrid/deepdrid/regular-fundus-training/Images/206/206_l2.jpg,0.0,-3.797447,0.0829211,0
data/raw/deepdrid/deepdrid/regular-fundus-training/Images/206/206_r1.jpg,0.0,-4.97652,0.041110672,0
data/raw/deepdrid/deepdrid/regular-fundus-training/Images/206/206_r2.jpg,0.0,0.17222947,0.52722293,0
data/raw/deepdrid/deepdrid/regular-fundus-training/Images/207/207_l1.jpg,0.0,1.9965221,0.7796359,1
data/raw/deepdrid/deepdrid/regular-fundus-training/Images/207/207_l2.jpg,0.0,-7.1330895,0.010832169,1
data/raw/deepdrid/deepdrid/regular-fundus-training/Images/207/207_r1.jpg,0.0,0.57248807,0.58960015,1
data/raw/deepdrid/deepdrid/regular-fundus-training/Images/207/207_r2.jpg,0.0,-1.0844009,0.33485916,1
data/raw/deepdrid/deepdrid/regular-fundus-training/Images/208/208_l1.jpg,0.0,-2.2452645,0.19450979,1
data/raw/deepdrid/deepdrid/regular-fundus-training/Images/208/208_l2.jpg,0.0,-4.2350216,0.06414987,1
data/raw/deepdrid/deepdrid/regular-fundus-training/Images/208/208_r1.jpg,0.0,3.7931328,0.916871,1
data/raw/deepdrid/deepdrid/regular-fundus-training/Images/208/208_r2.jpg,0.0,-3.5659463,0.0947651,1
data/raw/deepdrid/deepdrid/regular-fundus-training/Images/209/209_l1.jpg,1.0,4.4139514,0.94232213,1
data/raw/deepdrid/deepdrid/regular-fundus-training/Images/209/209_l2.jpg,1.0,4.5504975,0.94684327,1
data/raw/deepdrid/deepdrid/regular-fundus-training/Images/209/209_r1.jpg,1.0,5.3829026,0.96791315,0
data/raw/deepdrid/deepdrid/regular-fundus-training/Images/209/209_r2.jpg,1.0,9.439483,0.9974624,0
data/raw/deepdrid/deepdrid/regular-fundus-training/Images/210/210_l1.jpg,0.0,1.1627332,0.6760906,0
data/raw/deepdrid/deepdrid/regular-fundus-training/Images/210/210_l2.jpg,0.0,-3.3743985,0.105687596,0
data/raw/deepdrid/deepdrid/regular-fundus-training/Images/210/210_r1.jpg,0.0,-0.72312975,0.38754356,0
data/raw/deepdrid/deepdrid/regular-fundus-training/Images/210/210_r2.jpg,0.0,-3.6955597,0.08795837,0
data/raw/deepdrid/deepdrid/regular-fundus-training/Images/211/211_l1.jpg,1.0,12.237018,0.9995671,1
data/raw/deepdrid/deepdrid/regular-fundus-training/Images/211/211_l2.jpg,1.0,11.085601,0.9991032,1
data/raw/deepdrid/deepdrid/regular-fundus-training/Images/211/211_r1.jpg,1.0,12.145042,0.99954116,1
data/raw/deepdrid/deepdrid/regular-fundus-training/Images/211/211_r2.jpg,1.0,11.514873,0.99931645,1
data/raw/deepdrid/deepdrid/regular-fundus-training/Images/212/212_l1.jpg,0.0,-1.9769162,0.22250322,1
data/raw/deepdrid/deepdrid/regular-fundus-training/Images/212/212_l2.jpg,0.0,-3.92826,0.076838955,1
data/raw/deepdrid/deepdrid/regular-fundus-training/Images/212/212_r1.jpg,0.0,-2.5918934,0.1624187,0
data/raw/deepdrid/deepdrid/regular-fundus-training/Images/212/212_r2.jpg,0.0,-1.3109694,0.3037132,0
data/raw/deepdrid/deepdrid/regular-fundus-training/Images/213/213_l1.jpg,0.0,0.48101467,0.575523,0
data/raw/deepdrid/deepdrid/regular-fundus-training/Images/213/213_l2.jpg,0.0,1.7138314,0.7473708,0
data/raw/deepdrid/deepdrid/regular-fundus-training/Images/213/213_r1.jpg,0.0,-4.0677285,0.07080705,1
data/raw/deepdrid/deepdrid/regular-fundus-training/Images/213/213_r2.jpg,0.0,-2.671912,0.15564667,1
data/raw/deepdrid/deepdrid/regular-fundus-training/Images/214/214_l1.jpg,1.0,7.2780256,0.9901078,1
data/raw/deepdrid/deepdrid/regular-fundus-training/Images/214/214_l2.jpg,1.0,7.0192633,0.9883681,1
data/raw/deepdrid/deepdrid/regular-fundus-training/Images/214/214_r1.jpg,0.0,-0.8618788,0.3669183,0
data/raw/deepdrid/deepdrid/regular-fundus-training/Images/214/214_r2.jpg,0.0,0.20045258,0.53167284,0
data/raw/deepdrid/deepdrid/regular-fundus-training/Images/215/215_l1.jpg,0.0,-2.7422907,0.14988245,1
data/raw/deepdrid/deepdrid/regular-fundus-training/Images/215/215_l2.jpg,0.0,-4.4549627,0.056283295,1
data/raw/deepdrid/deepdrid/regular-fundus-training/Images/215/215_r1.jpg,0.0,-4.7488804,0.047180682,1
data/raw/deepdrid/deepdrid/regular-fundus-training/Images/215/215_r2.jpg,0.0,-0.19576186,0.46906644,1
data/raw/deepdrid/deepdrid/regular-fundus-training/Images/216/216_l1.jpg,1.0,4.692938,0.9512019,0
data/raw/deepdrid/deepdrid/regular-fundus-training/Images/216/216_l2.jpg,1.0,9.142912,0.99694014,0
data/raw/deepdrid/deepdrid/regular-fundus-training/Images/216/216_r1.jpg,1.0,9.063934,0.99678373,1
data/raw/deepdrid/deepdrid/regular-fundus-training/Images/216/216_r2.jpg,1.0,6.677854,0.9856031,1
data/raw/deepdrid/deepdrid/regular-fundus-training/Images/217/217_l1.jpg,0.0,-0.94271976,0.3551168,0
data/raw/deepdrid/deepdrid/regular-fundus-training/Images/217/217_l2.jpg,0.0,-1.5086071,0.27792904,0
data/raw/deepdrid/deepdrid/regular-fundus-training/Images/217/217_r1.jpg,0.0,-4.9690757,0.0412968,0
data/raw/deepdrid/deepdrid/regular-fundus-training/Images/217/217_r2.jpg,0.0,-8.219948,0.0054743765,0
data/raw/deepdrid/deepdrid/regular-fundus-training/Images/218/218_l1.jpg,0.0,-2.7536225,0.14897096,1
data/raw/deepdrid/deepdrid/regular-fundus-training/Images/218/218_l2.jpg,0.0,-5.398751,0.031776786,1
data/raw/deepdrid/deepdrid/regular-fundus-training/Images/218/218_r1.jpg,0.0,0.95993,0.64737356,0
data/raw/deepdrid/deepdrid/regular-fundus-training/Images/218/218_r2.jpg,0.0,-2.8891346,0.1384222,0
data/raw/deepdrid/deepdrid/regular-fundus-training/Images/219/219_l1.jpg,1.0,12.253467,0.9995715,0
data/raw/deepdrid/deepdrid/regular-fundus-training/Images/219/219_l2.jpg,1.0,12.451273,0.99962187,0
data/raw/deepdrid/deepdrid/regular-fundus-training/Images/219/219_r1.jpg,1.0,8.428714,0.9951999,0
data/raw/deepdrid/deepdrid/regular-fundus-training/Images/219/219_r2.jpg,1.0,11.412603,0.99927074,0
data/raw/deepdrid/deepdrid/regular-fundus-training/Images/220/220_l1.jpg,1.0,12.804773,0.9996977,1
data/raw/deepdrid/deepdrid/regular-fundus-training/Images/220/220_l2.jpg,1.0,12.875633,0.999711,1
data/raw/deepdrid/deepdrid/regular-fundus-training/Images/220/220_r1.jpg,1.0,12.153907,0.9995436,1
data/raw/deepdrid/deepdrid/regular-fundus-training/Images/220/220_r2.jpg,1.0,11.618045,0.99935955,1
data/raw/deepdrid/deepdrid/regular-fundus-training/Images/221/221_l1.jpg,1.0,12.313903,0.9995876,0
data/raw/deepdrid/deepdrid/regular-fundus-training/Images/221/221_l2.jpg,1.0,9.987801,0.99820507,0
data/raw/deepdrid/deepdrid/regular-fundus-training/Images/221/221_r1.jpg,1.0,7.4254208,0.9909809,0
data/raw/deepdrid/deepdrid/regular-fundus-training/Images/221/221_r2.jpg,1.0,12.094814,0.9995264,0
data/raw/deepdrid/deepdrid/regular-fundus-training/Images/222/222_l1.jpg,0.0,-6.250409,0.01878526,1
data/raw/deepdrid/deepdrid/regular-fundus-training/Images/222/222_l2.jpg,0.0,-7.0372357,0.011501831,1
data/raw/deepdrid/deepdrid/regular-fundus-training/Images/222/222_r1.jpg,0.0,-0.2966581,0.45320064,0
data/raw/deepdrid/deepdrid/regular-fundus-training/Images/222/222_r2.jpg,0.0,-2.8107665,0.144444,0
data/raw/deepdrid/deepdrid/regular-fundus-training/Images/223/223_l1.jpg,0.0,2.7480607,0.85058224,0
data/raw/deepdrid/deepdrid/regular-fundus-training/Images/223/223_l2.jpg,0.0,1.1122477,0.66905457,0
data/raw/deepdrid/deepdrid/regular-fundus-training/Images/223/223_r1.jpg,0.0,-1.1236167,0.32935423,0
data/raw/deepdrid/deepdrid/regular-fundus-training/Images/223/223_r2.jpg,0.0,-4.403149,0.058050595,0
data/raw/deepdrid/deepdrid/regular-fundus-training/Images/224/224_l1.jpg,0.0,-1.9587114,0.22450273,1
data/raw/deepdrid/deepdrid/regular-fundus-training/Images/224/224_l2.jpg,0.0,-3.6828706,0.088604726,1
data/raw/deepdrid/deepdrid/regular-fundus-training/Images/224/224_r1.jpg,0.0,-3.923242,0.07706454,1
data/raw/deepdrid/deepdrid/regular-fundus-training/Images/224/224_r2.jpg,0.0,-4.6830006,0.049090784,1
data/raw/deepdrid/deepdrid/regular-fundus-training/Images/225/225_l1.jpg,0.0,-3.235234,0.114305824,1
data/raw/deepdrid/deepdrid/regular-fundus-training/Images/225/225_l2.jpg,0.0,-3.3634431,0.10634472,1
data/raw/deepdrid/deepdrid/regular-fundus-training/Images/225/225_r1.jpg,0.0,-4.644631,0.050236836,0
data/raw/deepdrid/deepdrid/regular-fundus-training/Images/225/225_r2.jpg,0.0,-1.5475606,0.27300882,0
data/raw/deepdrid/deepdrid/regular-fundus-training/Images/226/226_l1.jpg,0.0,-2.1621192,0.20288688,1
data/raw/deepdrid/deepdrid/regular-fundus-training/Images/226/226_l2.jpg,0.0,-4.6795945,0.0491915,1
data/raw/deepdrid/deepdrid/regular-fundus-training/Images/226/226_r1.jpg,0.0,-5.9198,0.023056418,0
data/raw/deepdrid/deepdrid/regular-fundus-training/Images/226/226_r2.jpg,0.0,-7.1817994,0.010506795,0
data/raw/deepdrid/deepdrid/regular-fundus-training/Images/227/227_l1.jpg,0.0,1.3774542,0.7051106,0
data/raw/deepdrid/deepdrid/regular-fundus-training/Images/227/227_l2.jpg,0.0,-2.575596,0.1638267,0
data/raw/deepdrid/deepdrid/regular-fundus-training/Images/227/227_r1.jpg,0.0,-2.2208998,0.19693707,0
data/raw/deepdrid/deepdrid/regular-fundus-training/Images/227/227_r2.jpg,0.0,-3.1773355,0.118068255,0
data/raw/deepdrid/deepdrid/regular-fundus-training/Images/228/228_l1.jpg,1.0,11.005842,0.9990569,1
data/raw/deepdrid/deepdrid/regular-fundus-training/Images/228/228_l2.jpg,1.0,11.065091,0.9990915,1
data/raw/deepdrid/deepdrid/regular-fundus-training/Images/228/228_r1.jpg,1.0,10.795703,0.99892277,1
data/raw/deepdrid/deepdrid/regular-fundus-training/Images/228/228_r2.jpg,1.0,11.099916,0.99911124,1
data/raw/deepdrid/deepdrid/regular-fundus-training/Images/229/229_l1.jpg,0.0,-6.7769895,0.01353328,1
data/raw/deepdrid/deepdrid/regular-fundus-training/Images/229/229_l2.jpg,0.0,-6.6045156,0.015070612,1
data/raw/deepdrid/deepdrid/regular-fundus-training/Images/229/229_r1.jpg,0.0,-8.125141,0.0058109276,1
data/raw/deepdrid/deepdrid/regular-fundus-training/Images/229/229_r2.jpg,0.0,-8.103139,0.005891929,1
data/raw/deepdrid/deepdrid/regular-fundus-training/Images/230/230_l1.jpg,0.0,-1.2653996,0.30984628,0
data/raw/deepdrid/deepdrid/regular-fundus-training/Images/230/230_l2.jpg,0.0,-2.7875788,0.14626698,0
data/raw/deepdrid/deepdrid/regular-fundus-training/Images/230/230_r1.jpg,0.0,5.682498,0.97330713,0
data/raw/deepdrid/deepdrid/regular-fundus-training/Images/230/230_r2.jpg,0.0,4.971946,0.9587751,0
data/raw/deepdrid/deepdrid/regular-fundus-training/Images/231/231_l1.jpg,0.0,9.459581,0.99749446,0
data/raw/deepdrid/deepdrid/regular-fundus-training/Images/231/231_l2.jpg,0.0,9.935264,0.9981445,0
data/raw/deepdrid/deepdrid/regular-fundus-training/Images/231/231_r1.jpg,0.0,5.7094207,0.9737463,0
data/raw/deepdrid/deepdrid/regular-fundus-training/Images/231/231_r2.jpg,0.0,8.868298,0.99636143,0
data/raw/deepdrid/deepdrid/regular-fundus-training/Images/232/232_l1.jpg,0.0,5.4763236,0.96969944,0
data/raw/deepdrid/deepdrid/regular-fundus-training/Images/232/232_l2.jpg,0.0,3.5655282,0.9052121,0
data/raw/deepdrid/deepdrid/regular-fundus-training/Images/232/232_r1.jpg,0.0,1.4959413,0.7204594,0
data/raw/deepdrid/deepdrid/regular-fundus-training/Images/232/232_r2.jpg,0.0,1.7157837,0.747604,0
data/raw/deepdrid/deepdrid/regular-fundus-training/Images/233/233_l1.jpg,0.0,-0.6413491,0.39989734,0
data/raw/deepdrid/deepdrid/regular-fundus-training/Images/233/233_l2.jpg,0.0,1.659421,0.740814,0
data/raw/deepdrid/deepdrid/regular-fundus-training/Images/233/233_r1.jpg,0.0,5.0695877,0.96114945,0
data/raw/deepdrid/deepdrid/regular-fundus-training/Images/233/233_r2.jpg,0.0,2.9628844,0.8670509,0
data/raw/deepdrid/deepdrid/regular-fundus-training/Images/234/234_l1.jpg,1.0,9.968417,0.99818295,0
data/raw/deepdrid/deepdrid/regular-fundus-training/Images/234/234_l2.jpg,1.0,7.5333953,0.99157166,0
data/raw/deepdrid/deepdrid/regular-fundus-training/Images/234/234_r1.jpg,1.0,11.886533,0.99945956,0
data/raw/deepdrid/deepdrid/regular-fundus-training/Images/234/234_r2.jpg,1.0,12.513588,0.99963653,0
data/raw/deepdrid/deepdrid/regular-fundus-training/Images/235/235_l1.jpg,0.0,-1.0053346,0.3460948,1
data/raw/deepdrid/deepdrid/regular-fundus-training/Images/235/235_l2.jpg,0.0,-4.760345,0.046855573,1
data/raw/deepdrid/deepdrid/regular-fundus-training/Images/235/235_r1.jpg,0.0,-3.8456922,0.08062859,0
data/raw/deepdrid/deepdrid/regular-fundus-training/Images/235/235_r2.jpg,0.0,-1.0904187,0.33401144,0
data/raw/deepdrid/deepdrid/regular-fundus-training/Images/236/236_l1.jpg,1.0,11.835424,0.9994418,1
data/raw/deepdrid/deepdrid/regular-fundus-training/Images/236/236_l2.jpg,1.0,12.47629,0.9996278,1
data/raw/deepdrid/deepdrid/regular-fundus-training/Images/236/236_r1.jpg,1.0,7.7005577,0.9924114,0
data/raw/deepdrid/deepdrid/regular-fundus-training/Images/236/236_r2.jpg,1.0,9.8724165,0.99806947,0
data/raw/deepdrid/deepdrid/regular-fundus-training/Images/237/237_l1.jpg,1.0,10.2129755,0.9984432,0
data/raw/deepdrid/deepdrid/regular-fundus-training/Images/237/237_l2.jpg,1.0,8.989482,0.99662906,0
data/raw/deepdrid/deepdrid/regular-fundus-training/Images/237/237_r1.jpg,1.0,1.9648596,0.77617395,0
data/raw/deepdrid/deepdrid/regular-fundus-training/Images/237/237_r2.jpg,1.0,11.3051195,0.9992194,0
data/raw/deepdrid/deepdrid/regular-fundus-training/Images/238/238_l1.jpg,0.0,-0.2634362,0.45841584,0
data/raw/deepdrid/deepdrid/regular-fundus-training/Images/238/238_l2.jpg,0.0,1.0108984,0.6547016,0
data/raw/deepdrid/deepdrid/regular-fundus-training/Images/238/238_r1.jpg,0.0,2.0000408,0.78001827,0
data/raw/deepdrid/deepdrid/regular-fundus-training/Images/238/238_r2.jpg,0.0,-0.32948586,0.44805735,0
data/raw/deepdrid/deepdrid/regular-fundus-training/Images/239/239_l1.jpg,1.0,11.302742,0.9992182,1
data/raw/deepdrid/deepdrid/regular-fundus-training/Images/239/239_l2.jpg,1.0,10.269091,0.99849737,1
data/raw/deepdrid/deepdrid/regular-fundus-training/Images/239/239_r1.jpg,1.0,10.188221,0.99841857,1
data/raw/deepdrid/deepdrid/regular-fundus-training/Images/239/239_r2.jpg,1.0,11.484027,0.999303,1
data/raw/deepdrid/deepdrid/regular-fundus-training/Images/240/240_l1.jpg,0.0,4.0235634,0.92733175,0
data/raw/deepdrid/deepdrid/regular-fundus-training/Images/240/240_l2.jpg,0.0,5.019456,0.95994717,0
data/raw/deepdrid/deepdrid/regular-fundus-training/Images/240/240_r1.jpg,0.0,6.8582134,0.987136,1
data/raw/deepdrid/deepdrid/regular-fundus-training/Images/240/240_r2.jpg,0.0,0.8342063,0.6290042,1
data/raw/deepdrid/deepdrid/regular-fundus-training/Images/241/241_l1.jpg,0.0,-0.47355127,0.42563125,0
data/raw/deepdrid/deepdrid/regular-fundus-training/Images/241/241_l2.jpg,0.0,1.5749141,0.73041356,0
data/raw/deepdrid/deepdrid/regular-fundus-training/Images/241/241_r1.jpg,0.0,0.45380187,0.5713103,1
data/raw/deepdrid/deepdrid/regular-fundus-training/Images/241/241_r2.jpg,0.0,-5.3507996,0.032723863,1
data/raw/deepdrid/deepdrid/regular-fundus-training/Images/242/242_l1.jpg,1.0,11.659292,0.9993761,0
data/raw/deepdrid/deepdrid/regular-fundus-training/Images/242/242_l2.jpg,1.0,9.054169,0.9967638,0
data/raw/deepdrid/deepdrid/regular-fundus-training/Images/242/242_r1.jpg,1.0,9.165904,0.9969842,0
data/raw/deepdrid/deepdrid/regular-fundus-training/Images/242/242_r2.jpg,1.0,8.469508,0.9953217,0
data/raw/deepdrid/deepdrid/regular-fundus-training/Images/243/243_l1.jpg,0.0,-2.6913843,0.15403397,1
data/raw/deepdrid/deepdrid/regular-fundus-training/Images/243/243_l2.jpg,0.0,-2.8810787,0.13903137,1
data/raw/deepdrid/deepdrid/regular-fundus-training/Images/243/243_r1.jpg,1.0,10.809668,0.9989323,1
data/raw/deepdrid/deepdrid/regular-fundus-training/Images/243/243_r2.jpg,1.0,9.364458,0.9973393,1
data/raw/deepdrid/deepdrid/regular-fundus-training/Images/244/244_l1.jpg,1.0,12.092215,0.99952555,1
data/raw/deepdrid/deepdrid/regular-fundus-training/Images/244/244_l2.jpg,1.0,12.465477,0.9996253,1
data/raw/deepdrid/deepdrid/regular-fundus-training/Images/244/244_r1.jpg,1.0,9.4673815,0.9975067,0
data/raw/deepdrid/deepdrid/regular-fundus-training/Images/244/244_r2.jpg,1.0,8.914041,0.99646485,0
data/raw/deepdrid/deepdrid/regular-fundus-training/Images/245/245_l1.jpg,1.0,8.124778,0.9941877,1
data/raw/deepdrid/deepdrid/regular-fundus-training/Images/245/245_l2.jpg,1.0,8.971947,0.9965917,1
data/raw/deepdrid/deepdrid/regular-fundus-training/Images/245/245_r1.jpg,1.0,6.704956,0.9858444,1
data/raw/deepdrid/deepdrid/regular-fundus-training/Images/245/245_r2.jpg,1.0,10.799604,0.9989254,1
data/raw/deepdrid/deepdrid/regular-fundus-training/Images/246/246_l1.jpg,1.0,12.278429,0.9995783,0
data/raw/deepdrid/deepdrid/regular-fundus-training/Images/246/246_l2.jpg,1.0,12.24044,0.99956805,0
data/raw/deepdrid/deepdrid/regular-fundus-training/Images/246/246_r1.jpg,1.0,12.186224,0.9995529,1
data/raw/deepdrid/deepdrid/regular-fundus-training/Images/246/246_r2.jpg,1.0,12.238051,0.99956733,1
data/raw/deepdrid/deepdrid/regular-fundus-training/Images/247/247_l1.jpg,0.0,-0.9303147,0.3569168,1
data/raw/deepdrid/deepdrid/regular-fundus-training/Images/247/247_l2.jpg,0.0,-4.243644,0.06382305,1
data/raw/deepdrid/deepdrid/regular-fundus-training/Images/247/247_r1.jpg,0.0,-3.1294148,0.12126302,0
data/raw/deepdrid/deepdrid/regular-fundus-training/Images/247/247_r2.jpg,0.0,-0.8611505,0.36702538,0
data/raw/deepdrid/deepdrid/regular-fundus-training/Images/248/248_l1.jpg,0.0,-3.4067047,0.103770636,1
data/raw/deepdrid/deepdrid/regular-fundus-training/Images/248/248_l2.jpg,0.0,-3.401012,0.10410618,1
data/raw/deepdrid/deepdrid/regular-fundus-training/Images/248/248_r1.jpg,0.0,-1.9958466,0.22043753,1
data/raw/deepdrid/deepdrid/regular-fundus-training/Images/248/248_r2.jpg,0.0,-1.9620702,0.22413287,1
data/raw/deepdrid/deepdrid/regular-fundus-training/Images/249/249_l1.jpg,1.0,12.559766,0.999647,1
data/raw/deepdrid/deepdrid/regular-fundus-training/Images/249/249_l2.jpg,1.0,12.370726,0.99960214,1
data/raw/deepdrid/deepdrid/regular-fundus-training/Images/249/249_r1.jpg,1.0,8.94412,0.9965313,1
data/raw/deepdrid/deepdrid/regular-fundus-training/Images/249/249_r2.jpg,1.0,9.004021,0.9966599,1
data/raw/deepdrid/deepdrid/regular-fundus-training/Images/250/250_l1.jpg,1.0,1.5940088,0.7327864,0
data/raw/deepdrid/deepdrid/regular-fundus-training/Images/250/250_l2.jpg,1.0,5.8756714,0.976306,0
data/raw/deepdrid/deepdrid/regular-fundus-training/Images/250/250_r1.jpg,1.0,5.8086934,0.97530544,0
data/raw/deepdrid/deepdrid/regular-fundus-training/Images/250/250_r2.jpg,1.0,9.115,0.9968857,0
data/raw/deepdrid/deepdrid/regular-fundus-training/Images/251/251_l1.jpg,0.0,-3.098745,0.12334656,0
data/raw/deepdrid/deepdrid/regular-fundus-training/Images/251/251_l2.jpg,0.0,-5.375768,0.032227352,0
data/raw/deepdrid/deepdrid/regular-fundus-training/Images/251/251_r1.jpg,0.0,-4.1143394,0.06889063,0
data/raw/deepdrid/deepdrid/regular-fundus-training/Images/251/251_r2.jpg,0.0,-1.3842902,0.2939906,0
data/raw/deepdrid/deepdrid/regular-fundus-training/Images/252/252_l1.jpg,0.0,-4.8103137,0.04546332,1
data/raw/deepdrid/deepdrid/regular-fundus-training/Images/252/252_l2.jpg,0.0,-4.844564,0.044531863,1
data/raw/deepdrid/deepdrid/regular-fundus-training/Images/252/252_r1.jpg,0.0,-3.8457344,0.08062661,1
data/raw/deepdrid/deepdrid/regular-fundus-training/Images/252/252_r2.jpg,0.0,-3.789258,0.08331609,1
data/raw/deepdrid/deepdrid/regular-fundus-training/Images/253/253_l1.jpg,0.0,-1.4327115,0.2876704,0
data/raw/deepdrid/deepdrid/regular-fundus-training/Images/253/253_l2.jpg,0.0,-2.78745,0.14627716,0
data/raw/deepdrid/deepdrid/regular-fundus-training/Images/253/253_r1.jpg,0.0,-3.0509775,0.1266529,1
data/raw/deepdrid/deepdrid/regular-fundus-training/Images/253/253_r2.jpg,0.0,-2.357092,0.18366054,1
data/raw/deepdrid/deepdrid/regular-fundus-training/Images/254/254_l1.jpg,1.0,11.362147,0.9992471,1
data/raw/deepdrid/deepdrid/regular-fundus-training/Images/254/254_l2.jpg,1.0,10.655672,0.9988231,1
data/raw/deepdrid/deepdrid/regular-fundus-training/Images/254/254_r1.jpg,1.0,8.879909,0.99638796,1
data/raw/deepdrid/deepdrid/regular-fundus-training/Images/254/254_r2.jpg,1.0,11.694383,0.99938977,1
data/raw/deepdrid/deepdrid/regular-fundus-training/Images/255/255_l1.jpg,1.0,5.262837,0.96546745,1
data/raw/deepdrid/deepdrid/regular-fundus-training/Images/255/255_l2.jpg,1.0,5.5699515,0.97139287,1
data/raw/deepdrid/deepdrid/regular-fundus-training/Images/255/255_r1.jpg,1.0,3.364933,0.8937449,1
data/raw/deepdrid/deepdrid/regular-fundus-training/Images/255/255_r2.jpg,1.0,0.57105595,0.5893808,1
data/raw/deepdrid/deepdrid/regular-fundus-training/Images/256/256_l1.jpg,0.0,-4.472732,0.055688947,0
data/raw/deepdrid/deepdrid/regular-fundus-training/Images/256/256_l2.jpg,0.0,-6.726044,0.01397054,0
data/raw/deepdrid/deepdrid/regular-fundus-training/Images/256/256_r1.jpg,0.0,-3.8892438,0.078608915,0
data/raw/deepdrid/deepdrid/regular-fundus-training/Images/256/256_r2.jpg,0.0,-6.5804906,0.015297977,0
data/raw/deepdrid/deepdrid/regular-fundus-training/Images/257/257_l1.jpg,1.0,11.957815,0.99948335,1
data/raw/deepdrid/deepdrid/regular-fundus-training/Images/257/257_l2.jpg,1.0,12.077754,0.99952114,1
data/raw/deepdrid/deepdrid/regular-fundus-training/Images/257/257_r1.jpg,1.0,12.457525,0.9996234,1
data/raw/deepdrid/deepdrid/regular-fundus-training/Images/257/257_r2.jpg,1.0,12.253775,0.9995716,1
data/raw/deepdrid/deepdrid/regular-fundus-training/Images/258/258_l1.jpg,1.0,12.608222,0.99965763,1
data/raw/deepdrid/deepdrid/regular-fundus-training/Images/258/258_l2.jpg,1.0,12.47691,0.99962795,1
data/raw/deepdrid/deepdrid/regular-fundus-training/Images/258/258_r1.jpg,1.0,12.100293,0.99952793,1
data/raw/deepdrid/deepdrid/regular-fundus-training/Images/258/258_r2.jpg,1.0,11.967908,0.9994867,1
data/raw/deepdrid/deepdrid/regular-fundus-training/Images/259/259_l1.jpg,1.0,12.570936,0.9996495,0
data/raw/deepdrid/deepdrid/regular-fundus-training/Images/259/259_l2.jpg,1.0,12.751965,0.99968743,0
data/raw/deepdrid/deepdrid/regular-fundus-training/Images/259/259_r1.jpg,1.0,12.2495985,0.99957055,0
data/raw/deepdrid/deepdrid/regular-fundus-training/Images/259/259_r2.jpg,1.0,11.321364,0.9992274,0
data/raw/deepdrid/deepdrid/regular-fundus-training/Images/260/260_l1.jpg,0.0,-1.6865183,0.25590682,1
data/raw/deepdrid/deepdrid/regular-fundus-training/Images/260/260_l2.jpg,0.0,-4.1540504,0.06729591,1
data/raw/deepdrid/deepdrid/regular-fundus-training/Images/260/260_r1.jpg,0.0,0.7461724,0.6159121,0
data/raw/deepdrid/deepdrid/regular-fundus-training/Images/260/260_r2.jpg,0.0,-2.953983,0.13359985,0
data/raw/deepdrid/deepdrid/regular-fundus-training/Images/261/261_l1.jpg,0.0,1.8722422,0.76582634,0
data/raw/deepdrid/deepdrid/regular-fundus-training/Images/261/261_l2.jpg,0.0,-2.8325768,0.14274655,0
data/raw/deepdrid/deepdrid/regular-fundus-training/Images/261/261_r1.jpg,0.0,-4.145298,0.06764441,1
data/raw/deepdrid/deepdrid/regular-fundus-training/Images/261/261_r2.jpg,0.0,-1.023795,0.34345552,1
data/raw/deepdrid/deepdrid/regular-fundus-training/Images/262/262_l1.jpg,0.0,4.1973457,0.93440366,0
data/raw/deepdrid/deepdrid/regular-fundus-training/Images/262/262_l2.jpg,0.0,3.4638739,0.8995464,0
data/raw/deepdrid/deepdrid/regular-fundus-training/Images/262/262_r1.jpg,0.0,3.993194,0.92602587,0
data/raw/deepdrid/deepdrid/regular-fundus-training/Images/262/262_r2.jpg,0.0,-1.6530309,0.25996327,0
data/raw/deepdrid/deepdrid/regular-fundus-training/Images/263/263_l1.jpg,1.0,8.789534,0.9961761,1
data/raw/deepdrid/deepdrid/regular-fundus-training/Images/263/263_l2.jpg,1.0,10.464833,0.99867225,1
data/raw/deepdrid/deepdrid/regular-fundus-training/Images/263/263_r1.jpg,1.0,9.861742,0.9980564,1
data/raw/deepdrid/deepdrid/regular-fundus-training/Images/263/263_r2.jpg,1.0,11.827993,0.9994392,1
data/raw/deepdrid/deepdrid/regular-fundus-training/Images/264/264_l1.jpg,0.0,5.924644,0.9770125,0
data/raw/deepdrid/deepdrid/regular-fundus-training/Images/264/264_l2.jpg,0.0,0.4446718,0.56989455,0
data/raw/deepdrid/deepdrid/regular-fundus-training/Images/264/264_r1.jpg,0.0,4.2770524,0.9374286,0
data/raw/deepdrid/deepdrid/regular-fundus-training/Images/264/264_r2.jpg,0.0,2.697957,0.8465073,0
data/raw/deepdrid/deepdrid/regular-fundus-training/Images/266/266_l1.jpg,0.0,-3.6392086,0.09086169,1
data/raw/deepdrid/deepdrid/regular-fundus-training/Images/266/266_l2.jpg,0.0,-5.1466646,0.037069462,1
data/raw/deepdrid/deepdrid/regular-fundus-training/Images/266/266_r1.jpg,0.0,-3.434769,0.10213039,1
data/raw/deepdrid/deepdrid/regular-fundus-training/Images/266/266_r2.jpg,0.0,-3.4975188,0.09854586,1
data/raw/deepdrid/deepdrid/regular-fundus-training/Images/268/268_l1.jpg,0.0,-1.294648,0.30590197,0
data/raw/deepdrid/deepdrid/regular-fundus-training/Images/268/268_l2.jpg,0.0,-4.5924273,0.05183683,0
data/raw/deepdrid/deepdrid/regular-fundus-training/Images/268/268_r1.jpg,0.0,-3.4660242,0.10033074,0
data/raw/deepdrid/deepdrid/regular-fundus-training/Images/268/268_r2.jpg,0.0,-1.9374353,0.2268557,0
data/raw/deepdrid/deepdrid/regular-fundus-training/Images/269/269_l1.jpg,0.0,0.5677306,0.58887136,1
data/raw/deepdrid/deepdrid/regular-fundus-training/Images/269/269_l2.jpg,0.0,-3.828678,0.0814304,1
data/raw/deepdrid/deepdrid/regular-fundus-training/Images/269/269_r1.jpg,0.0,-5.292373,0.033914715,0
data/raw/deepdrid/deepdrid/regular-fundus-training/Images/269/269_r2.jpg,0.0,-4.599344,0.0516221,0
data/raw/deepdrid/deepdrid/regular-fundus-training/Images/270/270_l1.jpg,1.0,8.860428,0.9963433,0
data/raw/deepdrid/deepdrid/regular-fundus-training/Images/270/270_l2.jpg,1.0,9.663687,0.99779737,0
data/raw/deepdrid/deepdrid/regular-fundus-training/Images/270/270_r1.jpg,1.0,11.589544,0.999348,0
data/raw/deepdrid/deepdrid/regular-fundus-training/Images/270/270_r2.jpg,1.0,11.46862,0.99929607,0
data/raw/deepdrid/deepdrid/regular-fundus-training/Images/271/271_l1.jpg,0.0,0.83595103,0.6292618,0
data/raw/deepdrid/deepdrid/regular-fundus-training/Images/271/271_l2.jpg,0.0,1.1013789,0.66752976,0
data/raw/deepdrid/deepdrid/regular-fundus-training/Images/271/271_r1.jpg,0.0,-2.7851965,0.14645536,0
data/raw/deepdrid/deepdrid/regular-fundus-training/Images/271/271_r2.jpg,0.0,-2.3951316,0.18007854,0
data/raw/deepdrid/deepdrid/regular-fundus-training/Images/272/272_l1.jpg,0.0,-4.4798427,0.05545278,1
data/raw/deepdrid/deepdrid/regular-fundus-training/Images/272/272_l2.jpg,0.0,-6.2739987,0.01851205,1
data/raw/deepdrid/deepdrid/regular-fundus-training/Images/272/272_r1.jpg,1.0,2.9006867,0.86244744,1
data/raw/deepdrid/deepdrid/regular-fundus-training/Images/272/272_r2.jpg,1.0,-2.5177004,0.16890803,1
data/raw/deepdrid/deepdrid/regular-fundus-training/Images/273/273_l1.jpg,1.0,5.738479,0.9742123,0
data/raw/deepdrid/deepdrid/regular-fundus-training/Images/273/273_l2.jpg,1.0,8.451143,0.9952673,0
data/raw/deepdrid/deepdrid/regular-fundus-training/Images/273/273_r1.jpg,0.0,0.85396034,0.6319168,0
data/raw/deepdrid/deepdrid/regular-fundus-training/Images/273/273_r2.jpg,0.0,1.6973983,0.74540216,0
data/raw/deepdrid/deepdrid/regular-fundus-training/Images/274/274_l1.jpg,1.0,10.94056,0.999017,1
data/raw/deepdrid/deepdrid/regular-fundus-training/Images/274/274_l2.jpg,1.0,10.440752,0.9986519,1
data/raw/deepdrid/deepdrid/regular-fundus-training/Images/274/274_r1.jpg,1.0,8.67731,0.99589586,1
data/raw/deepdrid/deepdrid/regular-fundus-training/Images/274/274_r2.jpg,1.0,10.883915,0.9989812,1
data/raw/deepdrid/deepdrid/regular-fundus-training/Images/275/275_l1.jpg,0.0,-1.0309596,0.3424338,0
data/raw/deepdrid/deepdrid/regular-fundus-training/Images/275/275_l2.jpg,0.0,0.07373405,0.511664,0
data/raw/deepdrid/deepdrid/regular-fundus-training/Images/275/275_r1.jpg,0.0,-1.7847782,0.24424618,0
data/raw/deepdrid/deepdrid/regular-fundus-training/Images/275/275_r2.jpg,0.0,-2.6332464,0.15888977,0
data/raw/deepdrid/deepdrid/regular-fundus-training/Images/276/276_l1.jpg,0.0,1.6492013,0.7395702,1
data/raw/deepdrid/deepdrid/regular-fundus-training/Images/276/276_l2.jpg,0.0,5.706689,0.97370195,1
data/raw/deepdrid/deepdrid/regular-fundus-training/Images/276/276_r1.jpg,1.0,1.2539073,0.68859625,1
data/raw/deepdrid/deepdrid/regular-fundus-training/Images/276/276_r2.jpg,1.0,-2.5554564,0.16558023,1
data/raw/deepdrid/deepdrid/regular-fundus-training/Images/278/278_l1.jpg,0.0,5.0348873,0.96032107,1
data/raw/deepdrid/deepdrid/regular-fundus-training/Images/278/278_l2.jpg,0.0,4.222959,0.9353903,1
data/raw/deepdrid/deepdrid/regular-fundus-training/Images/278/278_r1.jpg,0.0,-0.5313125,0.4167198,0
data/raw/deepdrid/deepdrid/regular-fundus-training/Images/278/278_r2.jpg,0.0,-1.1139017,0.3307137,0
data/raw/deepdrid/deepdrid/regular-fundus-training/Images/279/279_l1.jpg,1.0,12.178289,0.99955064,0
data/raw/deepdrid/deepdrid/regular-fundus-training/Images/279/279_l2.jpg,1.0,12.82304,0.9997012,0
data/raw/deepdrid/deepdrid/regular-fundus-training/Images/279/279_r1.jpg,1.0,8.650043,0.9958247,0
data/raw/deepdrid/deepdrid/regular-fundus-training/Images/279/279_r2.jpg,1.0,10.336708,0.99856025,0
data/raw/deepdrid/deepdrid/regular-fundus-training/Images/280/280_l1.jpg,0.0,-4.292477,0.062001187,1
data/raw/deepdrid/deepdrid/regular-fundus-training/Images/280/280_l2.jpg,0.0,-4.0916595,0.069817044,1
data/raw/deepdrid/deepdrid/regular-fundus-training/Images/280/280_r1.jpg,0.0,-3.6085637,0.092476524,1
data/raw/deepdrid/deepdrid/regular-fundus-training/Images/280/280_r2.jpg,0.0,0.6261443,0.5977912,1
data/raw/deepdrid/deepdrid/regular-fundus-training/Images/281/281_l1.jpg,0.0,-0.7221801,0.3876862,1
data/raw/deepdrid/deepdrid/regular-fundus-training/Images/281/281_l2.jpg,0.0,-1.0427707,0.34075263,1
data/raw/deepdrid/deepdrid/regular-fundus-training/Images/281/281_r1.jpg,0.0,-0.03987418,0.49369147,0
data/raw/deepdrid/deepdrid/regular-fundus-training/Images/281/281_r2.jpg,0.0,-3.9319959,0.076671414,0
data/raw/deepdrid/deepdrid/regular-fundus-training/Images/282/282_l1.jpg,1.0,7.563827,0.9917311,1
data/raw/deepdrid/deepdrid/regular-fundus-training/Images/282/282_l2.jpg,1.0,6.74454,0.9861898,1
data/raw/deepdrid/deepdrid/regular-fundus-training/Images/282/282_r1.jpg,0.0,4.5076823,0.9454629,1
data/raw/deepdrid/deepdrid/regular-fundus-training/Images/282/282_r2.jpg,0.0,3.6864903,0.9115801,1
data/raw/deepdrid/deepdrid/regular-fundus-training/Images/283/283_l1.jpg,0.0,-2.5985258,0.16184849,1
data/raw/deepdrid/deepdrid/regular-fundus-training/Images/283/283_l2.jpg,0.0,-5.375709,0.032228522,1
data/raw/deepdrid/deepdrid/regular-fundus-training/Images/283/283_r1.jpg,0.0,-5.7450767,0.025683006,1
data/raw/deepdrid/deepdrid/regular-fundus-training/Images/283/283_r2.jpg,0.0,-5.5687494,0.028628279,1
data/raw/deepdrid/deepdrid/regular-fundus-training/Images/284/284_l1.jpg,1.0,7.0857425,0.988842,1
data/raw/deepdrid/deepdrid/regular-fundus-training/Images/284/284_l2.jpg,1.0,3.0612113,0.8740618,1
data/raw/deepdrid/deepdrid/regular-fundus-training/Images/284/284_r1.jpg,1.0,4.2156334,0.93510956,1
data/raw/deepdrid/deepdrid/regular-fundus-training/Images/284/284_r2.jpg,1.0,-1.2008961,0.3186429,1
data/raw/deepdrid/deepdrid/regular-fundus-training/Images/285/285_l1.jpg,0.0,-2.5138865,0.16924714,0
data/raw/deepdrid/deepdrid/regular-fundus-training/Images/285/285_l2.jpg,0.0,-1.2987307,0.30535367,0
data/raw/deepdrid/deepdrid/regular-fundus-training/Images/285/285_r1.jpg,0.0,-3.34669,0.10735657,0
data/raw/deepdrid/deepdrid/regular-fundus-training/Images/285/285_r2.jpg,0.0,1.4784656,0.7182266,0
data/raw/deepdrid/deepdrid/regular-fundus-training/Images/286/286_l1.jpg,0.0,-0.6505591,0.39849937,1
data/raw/deepdrid/deepdrid/regular-fundus-training/Images/286/286_l2.jpg,0.0,-2.9235873,0.13584225,1
data/raw/deepdrid/deepdrid/regular-fundus-training/Images/286/286_r1.jpg,0.0,2.526343,0.8318584,1
data/raw/deepdrid/deepdrid/regular-fundus-training/Images/286/286_r2.jpg,0.0,-4.065275,0.07090928,1
data/raw/deepdrid/deepdrid/regular-fundus-training/Images/287/287_l1.jpg,0.0,-2.408166,0.17886378,1
data/raw/deepdrid/deepdrid/regular-fundus-training/Images/287/287_l2.jpg,0.0,-5.5992017,0.028097175,1
data/raw/deepdrid/deepdrid/regular-fundus-training/Images/287/287_r1.jpg,0.0,-0.73650587,0.38553613,1
data/raw/deepdrid/deepdrid/regular-fundus-training/Images/287/287_r2.jpg,0.0,-1.2652692,0.30986395,1
data/raw/deepdrid/deepdrid/regular-fundus-training/Images/288/288_l1.jpg,1.0,10.464326,0.99867177,1
data/raw/deepdrid/deepdrid/regular-fundus-training/Images/288/288_l2.jpg,1.0,11.42658,0.9992772,1
data/raw/deepdrid/deepdrid/regular-fundus-training/Images/288/288_r1.jpg,1.0,9.028298,0.99671066,1
data/raw/deepdrid/deepdrid/regular-fundus-training/Images/288/288_r2.jpg,1.0,11.188468,0.9991597,1
data/raw/deepdrid/deepdrid/regular-fundus-training/Images/289/289_l1.jpg,1.0,8.806292,0.99621636,1
data/raw/deepdrid/deepdrid/regular-fundus-training/Images/289/289_l2.jpg,1.0,6.14056,0.9798895,1
data/raw/deepdrid/deepdrid/regular-fundus-training/Images/289/289_r1.jpg,1.0,11.262133,0.9991979,1
data/raw/deepdrid/deepdrid/regular-fundus-training/Images/289/289_r2.jpg,1.0,6.85738,0.9871294,1
data/raw/deepdrid/deepdrid/regular-fundus-training/Images/290/290_l1.jpg,1.0,12.010572,0.9995004,1
data/raw/deepdrid/deepdrid/regular-fundus-training/Images/290/290_l2.jpg,1.0,12.742699,0.99968565,1
data/raw/deepdrid/deepdrid/regular-fundus-training/Images/290/290_r1.jpg,1.0,12.005844,0.99949884,0
data/raw/deepdrid/deepdrid/regular-fundus-training/Images/290/290_r2.jpg,1.0,11.395012,0.9992625,0
data/raw/deepdrid/deepdrid/regular-fundus-training/Images/291/291_l1.jpg,1.0,8.636791,0.9957897,0
data/raw/deepdrid/deepdrid/regular-fundus-training/Images/291/291_l2.jpg,1.0,5.895887,0.97660017,0
data/raw/deepdrid/deepdrid/regular-fundus-training/Images/291/291_r1.jpg,0.0,3.1005943,0.87678,0
data/raw/deepdrid/deepdrid/regular-fundus-training/Images/291/291_r2.jpg,0.0,6.9067125,0.9875201,0
data/raw/deepdrid/deepdrid/regular-fundus-training/Images/292/292_l1.jpg,0.0,0.5483393,0.585897,1
data/raw/deepdrid/deepdrid/regular-fundus-training/Images/292/292_l2.jpg,0.0,-0.6514565,0.39836326,1
data/raw/deepdrid/deepdrid/regular-fundus-training/Images/292/292_r1.jpg,1.0,8.541202,0.9955283,1
data/raw/deepdrid/deepdrid/regular-fundus-training/Images/292/292_r2.jpg,1.0,5.4794674,0.96975785,1
data/raw/deepdrid/deepdrid/regular-fundus-training/Images/293/293_l1.jpg,1.0,12.757872,0.9996886,1
data/raw/deepdrid/deepdrid/regular-fundus-training/Images/293/293_l2.jpg,1.0,12.701678,0.9996773,1
data/raw/deepdrid/deepdrid/regular-fundus-training/Images/293/293_r1.jpg,1.0,12.652191,0.99966705,1
data/raw/deepdrid/deepdrid/regular-fundus-training/Images/293/293_r2.jpg,1.0,12.462526,0.9996246,1
data/raw/deepdrid/deepdrid/regular-fundus-training/Images/295/295_l1.jpg,1.0,1.6632273,0.7412762,0
data/raw/deepdrid/deepdrid/regular-fundus-training/Images/295/295_l2.jpg,1.0,2.7633016,0.85180396,0
data/raw/deepdrid/deepdrid/regular-fundus-training/Images/295/295_r1.jpg,1.0,5.7935677,0.9750738,0
data/raw/deepdrid/deepdrid/regular-fundus-training/Images/295/295_r2.jpg,1.0,7.275851,0.99009436,0
data/raw/deepdrid/deepdrid/regular-fundus-training/Images/297/297_l1.jpg,0.0,-1.4118878,0.2903785,0
data/raw/deepdrid/deepdrid/regular-fundus-training/Images/297/297_l2.jpg,0.0,-5.247949,0.03484805,0
data/raw/deepdrid/deepdrid/regular-fundus-training/Images/297/297_r1.jpg,0.0,-3.1438813,0.120290786,0
data/raw/deepdrid/deepdrid/regular-fundus-training/Images/297/297_r2.jpg,0.0,-5.3303285,0.03313643,0
data/raw/deepdrid/deepdrid/regular-fundus-training/Images/302/302_l1.jpg,0.0,-1.787168,0.24396712,1
data/raw/deepdrid/deepdrid/regular-fundus-training/Images/302/302_l2.jpg,0.0,-0.17027208,0.47308585,1
data/raw/deepdrid/deepdrid/regular-fundus-training/Images/302/302_r1.jpg,0.0,-4.467655,0.055858154,1
data/raw/deepdrid/deepdrid/regular-fundus-training/Images/302/302_r2.jpg,0.0,-4.939427,0.04204612,1
data/raw/deepdrid/deepdrid/regular-fundus-training/Images/308/308_l1.jpg,0.0,2.650599,0.8425724,1
data/raw/deepdrid/deepdrid/regular-fundus-training/Images/308/308_l2.jpg,0.0,3.312945,0.8905796,1
data/raw/deepdrid/deepdrid/regular-fundus-training/Images/308/308_r1.jpg,0.0,2.6521566,0.8427031,1
data/raw/deepdrid/deepdrid/regular-fundus-training/Images/308/308_r2.jpg,0.0,-6.3121667,0.018078227,1
data/raw/deepdrid/deepdrid/regular-fundus-training/Images/312/312_l1.jpg,0.0,1.4400554,0.71328104,1
data/raw/deepdrid/deepdrid/regular-fundus-training/Images/312/312_l2.jpg,0.0,1.7718387,0.75423896,1
data/raw/deepdrid/deepdrid/regular-fundus-training/Images/312/312_r1.jpg,0.0,7.9603014,0.99355423,1
data/raw/deepdrid/deepdrid/regular-fundus-training/Images/312/312_r2.jpg,0.0,2.1629512,0.79719824,1
data/raw/deepdrid/deepdrid/regular-fundus-training/Images/313/313_l1.jpg,0.0,8.043411,0.99388254,0
data/raw/deepdrid/deepdrid/regular-fundus-training/Images/313/313_l2.jpg,0.0,-4.6114955,0.051246896,0
data/raw/deepdrid/deepdrid/regular-fundus-training/Images/313/313_r1.jpg,0.0,1.3426582,0.7005111,0
data/raw/deepdrid/deepdrid/regular-fundus-training/Images/313/313_r2.jpg,0.0,2.358064,0.8164317,0
data/raw/deepdrid/deepdrid/regular-fundus-training/Images/324/324_l1.jpg,0.0,0.521838,0.58182204,0
data/raw/deepdrid/deepdrid/regular-fundus-training/Images/324/324_l2.jpg,0.0,-1.8788166,0.2334283,0
data/raw/deepdrid/deepdrid/regular-fundus-training/Images/324/324_r1.jpg,0.0,4.614863,0.94885665,0
data/raw/deepdrid/deepdrid/regular-fundus-training/Images/324/324_r2.jpg,0.0,-5.0451417,0.0394324,0
data/raw/deepdrid/deepdrid/regular-fundus-training/Images/327/327_l1.jpg,0.0,3.2091825,0.8840143,1
data/raw/deepdrid/deepdrid/regular-fundus-training/Images/327/327_l2.jpg,0.0,0.5793053,0.5906437,1
data/raw/deepdrid/deepdrid/regular-fundus-training/Images/327/327_r1.jpg,0.0,-3.099106,0.12332184,0
data/raw/deepdrid/deepdrid/regular-fundus-training/Images/327/327_r2.jpg,0.0,-1.4838768,0.28108087,0
data/raw/deepdrid/deepdrid/regular-fundus-training/Images/329/329_l1.jpg,0.0,3.4089012,0.8963586,0
data/raw/deepdrid/deepdrid/regular-fundus-training/Images/329/329_l2.jpg,0.0,-1.0179908,0.34428433,0
data/raw/deepdrid/deepdrid/regular-fundus-training/Images/329/329_r1.jpg,0.0,5.08281,0.9614607,1
data/raw/deepdrid/deepdrid/regular-fundus-training/Images/329/329_r2.jpg,0.0,-1.2646688,0.3099452,1
data/raw/deepdrid/deepdrid/regular-fundus-training/Images/330/330_l1.jpg,0.0,-3.5639079,0.09487584,0
data/raw/deepdrid/deepdrid/regular-fundus-training/Images/330/330_l2.jpg,0.0,-3.6850648,0.08849267,0
data/raw/deepdrid/deepdrid/regular-fundus-training/Images/330/330_r1.jpg,0.0,-4.1515546,0.067395106,1
data/raw/deepdrid/deepdrid/regular-fundus-training/Images/330/330_r2.jpg,0.0,-4.1409335,0.067818835,1
data/raw/deepdrid/deepdrid/regular-fundus-validation/Images/265/265_l1.jpg,1.0,12.765818,0.9996902,0
data/raw/deepdrid/deepdrid/regular-fundus-validation/Images/265/265_l2.jpg,1.0,12.642734,0.999665,0
data/raw/deepdrid/deepdrid/regular-fundus-validation/Images/265/265_r1.jpg,1.0,11.52911,0.99932253,1
data/raw/deepdrid/deepdrid/regular-fundus-validation/Images/265/265_r2.jpg,1.0,12.616911,0.99965954,1
data/raw/deepdrid/deepdrid/regular-fundus-validation/Images/267/267_l1.jpg,1.0,9.823865,0.99800926,1
data/raw/deepdrid/deepdrid/regular-fundus-validation/Images/267/267_l2.jpg,1.0,6.604369,0.984928,1
data/raw/deepdrid/deepdrid/regular-fundus-validation/Images/267/267_r1.jpg,1.0,5.8843246,0.97643244,1
data/raw/deepdrid/deepdrid/regular-fundus-validation/Images/267/267_r2.jpg,1.0,8.494036,0.9953934,1
data/raw/deepdrid/deepdrid/regular-fundus-validation/Images/277/277_l1.jpg,1.0,10.665081,0.99883,1
data/raw/deepdrid/deepdrid/regular-fundus-validation/Images/277/277_l2.jpg,1.0,4.0978317,0.9304362,1
data/raw/deepdrid/deepdrid/regular-fundus-validation/Images/277/277_r1.jpg,1.0,7.935271,0.99345195,1
data/raw/deepdrid/deepdrid/regular-fundus-validation/Images/277/277_r2.jpg,1.0,7.6576037,0.99220383,1
data/raw/deepdrid/deepdrid/regular-fundus-validation/Images/294/294_l1.jpg,1.0,9.361801,0.9973349,0
data/raw/deepdrid/deepdrid/regular-fundus-validation/Images/294/294_l2.jpg,1.0,10.227998,0.9984578,0
data/raw/deepdrid/deepdrid/regular-fundus-validation/Images/294/294_r1.jpg,1.0,7.8880525,0.9932547,1
data/raw/deepdrid/deepdrid/regular-fundus-validation/Images/294/294_r2.jpg,1.0,12.479481,0.99962866,1
data/raw/deepdrid/deepdrid/regular-fundus-validation/Images/296/296_l1.jpg,1.0,10.373571,0.9985934,1
data/raw/deepdrid/deepdrid/regular-fundus-validation/Images/296/296_l2.jpg,1.0,9.731857,0.9978902,1
data/raw/deepdrid/deepdrid/regular-fundus-validation/Images/296/296_r1.jpg,1.0,11.881682,0.9994579,0
data/raw/deepdrid/deepdrid/regular-fundus-validation/Images/296/296_r2.jpg,1.0,9.866838,0.99806255,0
data/raw/deepdrid/deepdrid/regular-fundus-validation/Images/298/298_l1.jpg,0.0,-0.97017306,0.35114798,1
data/raw/deepdrid/deepdrid/regular-fundus-validation/Images/298/298_l2.jpg,0.0,-7.0258274,0.011584212,1
data/raw/deepdrid/deepdrid/regular-fundus-validation/Images/298/298_r1.jpg,0.0,-1.7131181,0.25271446,0
data/raw/deepdrid/deepdrid/regular-fundus-validation/Images/298/298_r2.jpg,0.0,-4.615563,0.05112188,0
data/raw/deepdrid/deepdrid/regular-fundus-validation/Images/299/299_l1.jpg,1.0,12.484579,0.99962986,1
data/raw/deepdrid/deepdrid/regular-fundus-validation/Images/299/299_l2.jpg,1.0,10.534144,0.99872917,1
data/raw/deepdrid/deepdrid/regular-fundus-validation/Images/299/299_r1.jpg,1.0,9.1115265,0.99687886,0
data/raw/deepdrid/deepdrid/regular-fundus-validation/Images/299/299_r2.jpg,1.0,6.170945,0.980265,0
data/raw/deepdrid/deepdrid/regular-fundus-validation/Images/300/300_l1.jpg,1.0,10.846788,0.99895704,0
data/raw/deepdrid/deepdrid/regular-fundus-validation/Images/300/300_l2.jpg,1.0,6.395244,0.9828318,0
data/raw/deepdrid/deepdrid/regular-fundus-validation/Images/300/300_r1.jpg,1.0,11.271921,0.9992029,0
data/raw/deepdrid/deepdrid/regular-fundus-validation/Images/300/300_r2.jpg,1.0,11.145893,0.99913675,0
data/raw/deepdrid/deepdrid/regular-fundus-validation/Images/301/301_l1.jpg,1.0,4.4658885,0.9440829,0
data/raw/deepdrid/deepdrid/regular-fundus-validation/Images/301/301_l2.jpg,1.0,1.5904998,0.73235136,0
data/raw/deepdrid/deepdrid/regular-fundus-validation/Images/301/301_r1.jpg,1.0,1.4368674,0.7128683,0
data/raw/deepdrid/deepdrid/regular-fundus-validation/Images/301/301_r2.jpg,1.0,2.7052464,0.84710574,0
data/raw/deepdrid/deepdrid/regular-fundus-validation/Images/303/303_l1.jpg,1.0,12.551222,0.9996451,1
data/raw/deepdrid/deepdrid/regular-fundus-validation/Images/303/303_l2.jpg,1.0,12.358214,0.99959904,1
data/raw/deepdrid/deepdrid/regular-fundus-validation/Images/303/303_r1.jpg,1.0,8.085034,0.99404055,0
data/raw/deepdrid/deepdrid/regular-fundus-validation/Images/303/303_r2.jpg,1.0,11.428357,0.999278,0
data/raw/deepdrid/deepdrid/regular-fundus-validation/Images/304/304_l1.jpg,1.0,11.136805,0.99913174,0
data/raw/deepdrid/deepdrid/regular-fundus-validation/Images/304/304_l2.jpg,1.0,-0.67902094,0.39418975,0
data/raw/deepdrid/deepdrid/regular-fundus-validation/Images/304/304_r1.jpg,1.0,11.819892,0.9994363,0
data/raw/deepdrid/deepdrid/regular-fundus-validation/Images/304/304_r2.jpg,1.0,6.390989,0.9827863,0
data/raw/deepdrid/deepdrid/regular-fundus-validation/Images/305/305_l1.jpg,1.0,10.887051,0.9989832,0
data/raw/deepdrid/deepdrid/regular-fundus-validation/Images/305/305_l2.jpg,1.0,11.332116,0.99923265,0
data/raw/deepdrid/deepdrid/regular-fundus-validation/Images/305/305_r1.jpg,1.0,4.1882577,0.93405026,0
data/raw/deepdrid/deepdrid/regular-fundus-validation/Images/305/305_r2.jpg,1.0,10.422622,0.9986363,0
data/raw/deepdrid/deepdrid/regular-fundus-validation/Images/306/306_l1.jpg,1.0,11.859286,0.99945027,0
data/raw/deepdrid/deepdrid/regular-fundus-validation/Images/306/306_l2.jpg,1.0,11.136175,0.9991315,0
data/raw/deepdrid/deepdrid/regular-fundus-validation/Images/306/306_r1.jpg,1.0,7.6381154,0.9921078,0
data/raw/deepdrid/deepdrid/regular-fundus-validation/Images/306/306_r2.jpg,1.0,6.7479453,0.9862191,0
data/raw/deepdrid/deepdrid/regular-fundus-validation/Images/307/307_l1.jpg,1.0,10.386878,0.9986052,1
data/raw/deepdrid/deepdrid/regular-fundus-validation/Images/307/307_l2.jpg,1.0,5.1779456,0.96363074,1
data/raw/deepdrid/deepdrid/regular-fundus-validation/Images/307/307_r1.jpg,1.0,8.725002,0.9960174,0
data/raw/deepdrid/deepdrid/regular-fundus-validation/Images/307/307_r2.jpg,1.0,8.358828,0.9949839,0
data/raw/deepdrid/deepdrid/regular-fundus-validation/Images/309/309_l1.jpg,1.0,12.125772,0.99953556,0
data/raw/deepdrid/deepdrid/regular-fundus-validation/Images/309/309_l2.jpg,1.0,11.404781,0.99926716,0
data/raw/deepdrid/deepdrid/regular-fundus-validation/Images/309/309_r1.jpg,1.0,8.943782,0.9965306,1
data/raw/deepdrid/deepdrid/regular-fundus-validation/Images/309/309_r2.jpg,1.0,11.031853,0.9990722,1
data/raw/deepdrid/deepdrid/regular-fundus-validation/Images/310/310_l1.jpg,1.0,10.061524,0.9982868,0
data/raw/deepdrid/deepdrid/regular-fundus-validation/Images/310/310_l2.jpg,1.0,11.390925,0.9992606,0
data/raw/deepdrid/deepdrid/regular-fundus-validation/Images/310/310_r1.jpg,1.0,12.294024,0.99958235,1
data/raw/deepdrid/deepdrid/regular-fundus-validation/Images/310/310_r2.jpg,1.0,11.809658,0.9994326,1
data/raw/deepdrid/deepdrid/regular-fundus-validation/Images/311/311_l1.jpg,1.0,11.80274,0.9994301,0
data/raw/deepdrid/deepdrid/regular-fundus-validation/Images/311/311_l2.jpg,1.0,10.850299,0.9989593,0
data/raw/deepdrid/deepdrid/regular-fundus-validation/Images/311/311_r1.jpg,1.0,10.7701,0.9989052,0
data/raw/deepdrid/deepdrid/regular-fundus-validation/Images/311/311_r2.jpg,1.0,6.2015634,0.9806364,0
data/raw/deepdrid/deepdrid/regular-fundus-validation/Images/314/314_l1.jpg,1.0,12.445041,0.99962044,0
data/raw/deepdrid/deepdrid/regular-fundus-validation/Images/314/314_l2.jpg,1.0,12.583105,0.99965215,0
data/raw/deepdrid/deepdrid/regular-fundus-validation/Images/314/314_r1.jpg,1.0,12.705163,0.999678,0
data/raw/deepdrid/deepdrid/regular-fundus-validation/Images/314/314_r2.jpg,1.0,12.735382,0.9996842,0
data/raw/deepdrid/deepdrid/regular-fundus-validation/Images/315/315_l1.jpg,0.0,-2.7225304,0.15148291,1
data/raw/deepdrid/deepdrid/regular-fundus-validation/Images/315/315_l2.jpg,0.0,-2.7906148,0.1460272,1
data/raw/deepdrid/deepdrid/regular-fundus-validation/Images/315/315_r1.jpg,0.0,0.9308106,0.6431553,0
data/raw/deepdrid/deepdrid/regular-fundus-validation/Images/315/315_r2.jpg,0.0,1.9647764,0.7761648,0
data/raw/deepdrid/deepdrid/regular-fundus-validation/Images/316/316_l1.jpg,0.0,-1.1410799,0.32691768,0
data/raw/deepdrid/deepdrid/regular-fundus-validation/Images/316/316_l2.jpg,0.0,-2.6987586,0.15342681,0
data/raw/deepdrid/deepdrid/regular-fundus-validation/Images/316/316_r1.jpg,0.0,0.21600085,0.53412217,0
data/raw/deepdrid/deepdrid/regular-fundus-validation/Images/316/316_r2.jpg,0.0,2.5585845,0.8346931,0
data/raw/deepdrid/deepdrid/regular-fundus-validation/Images/317/317_l1.jpg,1.0,8.025387,0.9938127,1
data/raw/deepdrid/deepdrid/regular-fundus-validation/Images/317/317_l2.jpg,1.0,7.475982,0.99126244,1
data/raw/deepdrid/deepdrid/regular-fundus-validation/Images/317/317_r1.jpg,1.0,8.808888,0.9962225,0
data/raw/deepdrid/deepdrid/regular-fundus-validation/Images/317/317_r2.jpg,1.0,2.567394,0.83546096,0
data/raw/deepdrid/deepdrid/regular-fundus-validation/Images/318/318_l1.jpg,1.0,7.929896,0.99342984,1
data/raw/deepdrid/deepdrid/regular-fundus-validation/Images/318/318_l2.jpg,1.0,11.8976345,0.9994634,1
data/raw/deepdrid/deepdrid/regular-fundus-validation/Images/318/318_r1.jpg,1.0,10.255181,0.9984841,1
data/raw/deepdrid/deepdrid/regular-fundus-validation/Images/318/318_r2.jpg,1.0,11.506583,0.99931276,1
data/raw/deepdrid/deepdrid/regular-fundus-validation/Images/319/319_l1.jpg,1.0,9.694708,0.99784005,0
data/raw/deepdrid/deepdrid/regular-fundus-validation/Images/319/319_l2.jpg,1.0,9.3609295,0.9973334,0
data/raw/deepdrid/deepdrid/regular-fundus-validation/Images/319/319_r1.jpg,0.0,3.3454242,0.8925666,0
data/raw/deepdrid/deepdrid/regular-fundus-validation/Images/319/319_r2.jpg,0.0,4.9746013,0.9588414,0
data/raw/deepdrid/deepdrid/regular-fundus-validation/Images/320/320_l1.jpg,0.0,-1.3220602,0.3022309,0
data/raw/deepdrid/deepdrid/regular-fundus-validation/Images/320/320_l2.jpg,0.0,-0.10082857,0.48405248,0
data/raw/deepdrid/deepdrid/regular-fundus-validation/Images/320/320_r1.jpg,1.0,2.8952498,0.8620387,0
data/raw/deepdrid/deepdrid/regular-fundus-validation/Images/320/320_r2.jpg,1.0,9.565978,0.9976572,0
data/raw/deepdrid/deepdrid/regular-fundus-validation/Images/321/321_l1.jpg,1.0,11.440925,0.99928373,1
data/raw/deepdrid/deepdrid/regular-fundus-validation/Images/321/321_l2.jpg,1.0,12.35347,0.99959785,1
data/raw/deepdrid/deepdrid/regular-fundus-validation/Images/321/321_r1.jpg,1.0,7.8146787,0.9929363,1
data/raw/deepdrid/deepdrid/regular-fundus-validation/Images/321/321_r2.jpg,1.0,12.049573,0.99951255,1
data/raw/deepdrid/deepdrid/regular-fundus-validation/Images/322/322_l1.jpg,0.0,-1.016172,0.34454423,0
data/raw/deepdrid/deepdrid/regular-fundus-validation/Images/322/322_l2.jpg,0.0,-2.2355788,0.195472,0
data/raw/deepdrid/deepdrid/regular-fundus-validation/Images/322/322_r1.jpg,0.0,-2.1341918,0.20576029,0
data/raw/deepdrid/deepdrid/regular-fundus-validation/Images/322/322_r2.jpg,0.0,-1.5116634,0.27754104,0
data/raw/deepdrid/deepdrid/regular-fundus-validation/Images/323/323_l1.jpg,0.0,5.9718184,0.97767365,1
data/raw/deepdrid/deepdrid/regular-fundus-validation/Images/323/323_l2.jpg,0.0,5.7021184,0.9736278,1
data/raw/deepdrid/deepdrid/regular-fundus-validation/Images/323/323_r1.jpg,1.0,4.1875753,0.93402374,1
data/raw/deepdrid/deepdrid/regular-fundus-validation/Images/323/323_r2.jpg,1.0,5.6100073,0.972089,1
data/raw/deepdrid/deepdrid/regular-fundus-validation/Images/325/325_l1.jpg,1.0,11.256696,0.99919516,1
data/raw/deepdrid/deepdrid/regular-fundus-validation/Images/325/325_l2.jpg,1.0,6.522779,0.984142,1
data/raw/deepdrid/deepdrid/regular-fundus-validation/Images/325/325_r1.jpg,1.0,6.522439,0.98413867,0
data/raw/deepdrid/deepdrid/regular-fundus-validation/Images/325/325_r2.jpg,1.0,-0.63423145,0.4009788,0
data/raw/deepdrid/deepdrid/regular-fundus-validation/Images/326/326_l1.jpg,1.0,5.880363,0.9763747,0
data/raw/deepdrid/deepdrid/regular-fundus-validation/Images/326/326_l2.jpg,1.0,11.524174,0.9993204,0
data/raw/deepdrid/deepdrid/regular-fundus-validation/Images/326/326_r1.jpg,1.0,3.1188085,0.87801987,0
data/raw/deepdrid/deepdrid/regular-fundus-validation/Images/326/326_r2.jpg,1.0,5.0968595,0.96178883,0
data/raw/deepdrid/deepdrid/regular-fundus-validation/Images/328/328_l1.jpg,1.0,10.54151,0.998735,0
data/raw/deepdrid/deepdrid/regular-fundus-validation/Images/328/328_l2.jpg,1.0,11.467935,0.99929583,0
data/raw/deepdrid/deepdrid/regular-fundus-validation/Images/328/328_r1.jpg,1.0,11.443932,0.99928504,0
data/raw/deepdrid/deepdrid/regular-fundus-validation/Images/328/328_r2.jpg,1.0,11.634481,0.9993662,0
data/raw/deepdrid/deepdrid/regular-fundus-validation/Images/331/331_l1.jpg,0.0,-0.06499952,0.48971733,1
data/raw/deepdrid/deepdrid/regular-fundus-validation/Images/331/331_l2.jpg,0.0,2.7081735,0.84734553,1
data/raw/deepdrid/deepdrid/regular-fundus-validation/Images/331/331_r1.jpg,0.0,4.70177,0.9514608,1
data/raw/deepdrid/deepdrid/regular-fundus-validation/Images/331/331_r2.jpg,0.0,8.363445,0.99499846,1
data/raw/deepdrid/deepdrid/regular-fundus-validation/Images/332/332_l1.jpg,0.0,-5.541856,0.029105408,1
data/raw/deepdrid/deepdrid/regular-fundus-validation/Images/332/332_l2.jpg,0.0,-6.407748,0.017035149,1
data/raw/deepdrid/deepdrid/regular-fundus-validation/Images/332/332_r1.jpg,0.0,-2.8709629,0.13979948,0
data/raw/deepdrid/deepdrid/regular-fundus-validation/Images/332/332_r2.jpg,0.0,-1.5715464,0.2700064,0
data/raw/deepdrid/deepdrid/regular-fundus-validation/Images/333/333_l1.jpg,0.0,1.5448412,0.7266494,0
data/raw/deepdrid/deepdrid/regular-fundus-validation/Images/333/333_l2.jpg,0.0,1.2016662,0.6814629,0
data/raw/deepdrid/deepdrid/regular-fundus-validation/Images/333/333_r1.jpg,0.0,-3.2903454,0.11082195,1
data/raw/deepdrid/deepdrid/regular-fundus-validation/Images/333/333_r2.jpg,0.0,-2.4282644,0.17700323,1
data/raw/deepdrid/deepdrid/regular-fundus-validation/Images/334/334_l1.jpg,1.0,11.551286,0.9993319,0
data/raw/deepdrid/deepdrid/regular-fundus-validation/Images/334/334_l2.jpg,1.0,12.206907,0.99955875,0
data/raw/deepdrid/deepdrid/regular-fundus-validation/Images/334/334_r1.jpg,1.0,12.056498,0.9995147,0
data/raw/deepdrid/deepdrid/regular-fundus-validation/Images/334/334_r2.jpg,1.0,11.630142,0.99936444,0
data/raw/deepdrid/deepdrid/regular-fundus-validation/Images/335/335_l1.jpg,0.0,4.374459,0.94094855,0
data/raw/deepdrid/deepdrid/regular-fundus-validation/Images/335/335_l2.jpg,0.0,-2.7805264,0.14682521,0
data/raw/deepdrid/deepdrid/regular-fundus-validation/Images/335/335_r1.jpg,0.0,-1.271499,0.30902144,0
data/raw/deepdrid/deepdrid/regular-fundus-validation/Images/335/335_r2.jpg,0.0,5.285126,0.96593475,0
data/raw/deepdrid/deepdrid/regular-fundus-validation/Images/336/336_l1.jpg,1.0,7.8836803,0.9932361,1
data/raw/deepdrid/deepdrid/regular-fundus-validation/Images/336/336_l2.jpg,1.0,11.46723,0.9992955,1
data/raw/deepdrid/deepdrid/regular-fundus-validation/Images/336/336_r1.jpg,1.0,0.054970242,0.50869644,0
data/raw/deepdrid/deepdrid/regular-fundus-validation/Images/336/336_r2.jpg,1.0,7.6402965,0.9921186,0
data/raw/deepdrid/deepdrid/regular-fundus-validation/Images/337/337_l1.jpg,1.0,11.895686,0.9994628,1
data/raw/deepdrid/deepdrid/regular-fundus-validation/Images/337/337_l2.jpg,1.0,11.973199,0.99948835,1
data/raw/deepdrid/deepdrid/regular-fundus-validation/Images/337/337_r1.jpg,1.0,10.277311,0.99850523,1
data/raw/deepdrid/deepdrid/regular-fundus-validation/Images/337/337_r2.jpg,1.0,11.692171,0.99938893,1
data/raw/deepdrid/deepdrid/regular-fundus-validation/Images/338/338_l1.jpg,0.0,6.050044,0.978729,0
data/raw/deepdrid/deepdrid/regular-fundus-validation/Images/338/338_l2.jpg,0.0,-1.3956697,0.29249805,0
data/raw/deepdrid/deepdrid/regular-fundus-validation/Images/338/338_r1.jpg,1.0,11.076963,0.9990983,1
data/raw/deepdrid/deepdrid/regular-fundus-validation/Images/338/338_r2.jpg,1.0,2.7686865,0.85223365,1
data/raw/deepdrid/deepdrid/regular-fundus-validation/Images/339/339_l1.jpg,1.0,4.6995993,0.9513973,1
data/raw/deepdrid/deepdrid/regular-fundus-validation/Images/339/339_l2.jpg,1.0,1.3545922,0.70209324,1
data/raw/deepdrid/deepdrid/regular-fundus-validation/Images/339/339_r1.jpg,1.0,1.9343753,0.77280444,1
data/raw/deepdrid/deepdrid/regular-fundus-validation/Images/339/339_r2.jpg,1.0,1.3080486,0.6958958,1
data/raw/deepdrid/deepdrid/regular-fundus-validation/Images/340/340_l1.jpg,0.0,-2.3444479,0.18486331,0
data/raw/deepdrid/deepdrid/regular-fundus-validation/Images/340/340_l2.jpg,0.0,-4.8490357,0.044411603,0
data/raw/deepdrid/deepdrid/regular-fundus-validation/Images/340/340_r1.jpg,0.0,-1.7538823,0.24787354,0
data/raw/deepdrid/deepdrid/regular-fundus-validation/Images/340/340_r2.jpg,0.0,-0.8725945,0.36534438,0
data/raw/deepdrid/deepdrid/regular-fundus-validation/Images/341/341_l1.jpg,0.0,0.9029441,0.6390976,1
data/raw/deepdrid/deepdrid/regular-fundus-validation/Images/341/341_l2.jpg,0.0,-2.5041316,0.17011696,1
data/raw/deepdrid/deepdrid/regular-fundus-validation/Images/341/341_r1.jpg,0.0,0.38367534,0.560408,1
data/raw/deepdrid/deepdrid/regular-fundus-validation/Images/341/341_r2.jpg,0.0,-3.8976066,0.07822642,1
data/raw/deepdrid/deepdrid/regular-fundus-validation/Images/342/342_l1.jpg,1.0,5.357602,0.9674122,0
data/raw/deepdrid/deepdrid/regular-fundus-validation/Images/342/342_l2.jpg,1.0,3.0859063,0.8757721,0
data/raw/deepdrid/deepdrid/regular-fundus-validation/Images/342/342_r1.jpg,1.0,2.4947836,0.8290462,0
data/raw/deepdrid/deepdrid/regular-fundus-validation/Images/342/342_r2.jpg,1.0,-0.9354464,0.35617167,0
data/raw/deepdrid/deepdrid/regular-fundus-validation/Images/343/343_l1.jpg,1.0,11.972845,0.99948835,1
data/raw/deepdrid/deepdrid/regular-fundus-validation/Images/343/343_l2.jpg,1.0,12.668867,0.9996706,1
data/raw/deepdrid/deepdrid/regular-fundus-validation/Images/343/343_r1.jpg,1.0,10.418958,0.9986331,1
data/raw/deepdrid/deepdrid/regular-fundus-validation/Images/343/343_r2.jpg,1.0,12.331194,0.9995921,1
data/raw/deepdrid/deepdrid/regular-fundus-validation/Images/344/344_l1.jpg,0.0,0.182102,0.52878004,0
data/raw/deepdrid/deepdrid/regular-fundus-validation/Images/344/344_l2.jpg,0.0,3.2786818,0.8884486,0
data/raw/deepdrid/deepdrid/regular-fundus-validation/Images/344/344_r1.jpg,0.0,-1.8115034,0.24113765,0
data/raw/deepdrid/deepdrid/regular-fundus-validation/Images/344/344_r2.jpg,0.0,0.3713047,0.5584784,0
data/raw/deepdrid/deepdrid/regular-fundus-validation/Images/345/345_l1.jpg,1.0,12.26462,0.9995746,1
data/raw/deepdrid/deepdrid/regular-fundus-validation/Images/345/345_l2.jpg,1.0,10.9107,0.99899834,1
data/raw/deepdrid/deepdrid/regular-fundus-validation/Images/345/345_r1.jpg,1.0,11.294013,0.99921393,0
data/raw/deepdrid/deepdrid/regular-fundus-validation/Images/345/345_r2.jpg,1.0,1.4519138,0.7148134,0
data/raw/deepdrid/deepdrid/regular-fundus-validation/Images/346/346_l1.jpg,0.0,6.7302694,0.9860663,1
data/raw/deepdrid/deepdrid/regular-fundus-validation/Images/346/346_l2.jpg,0.0,-0.12724829,0.47987783,1
data/raw/deepdrid/deepdrid/regular-fundus-validation/Images/346/346_r1.jpg,1.0,5.065427,0.96105105,0
data/raw/deepdrid/deepdrid/regular-fundus-validation/Images/346/346_r2.jpg,1.0,10.735334,0.9988809,0
data/raw/deepdrid/deepdrid/regular-fundus-validation/Images/348/348_l1.jpg,0.0,-2.619795,0.1600308,0
data/raw/deepdrid/deepdrid/regular-fundus-validation/Images/348/348_l2.jpg,0.0,4.134418,0.93192,0
data/raw/deepdrid/deepdrid/regular-fundus-validation/Images/348/348_r1.jpg,0.0,1.5809333,0.73116297,1
data/raw/deepdrid/deepdrid/regular-fundus-validation/Images/348/348_r2.jpg,0.0,-0.5712182,0.41059437,1
data/raw/deepdrid/deepdrid/regular-fundus-validation/Images/349/349_l1.jpg,0.0,6.2247376,0.98091286,1
data/raw/deepdrid/deepdrid/regular-fundus-validation/Images/349/349_l2.jpg,0.0,5.1764126,0.96359676,1
data/raw/deepdrid/deepdrid/regular-fundus-validation/Images/349/349_r1.jpg,0.0,-3.9827173,0.0744296,1
data/raw/deepdrid/deepdrid/regular-fundus-validation/Images/349/349_r2.jpg,0.0,-8.434736,0.004781912,1
data/raw/deepdrid/deepdrid/regular-fundus-validation/Images/350/350_l1.jpg,1.0,5.85874,0.97605693,0
data/raw/deepdrid/deepdrid/regular-fundus-validation/Images/350/350_l2.jpg,1.0,5.8605113,0.97608316,0
data/raw/deepdrid/deepdrid/regular-fundus-validation/Images/350/350_r1.jpg,1.0,8.136311,0.9942298,0
data/raw/deepdrid/deepdrid/regular-fundus-validation/Images/350/350_r2.jpg,1.0,8.748603,0.99607617,0
data/raw/deepdrid/deepdrid/regular-fundus-validation/Images/351/351_l1.jpg,0.0,-1.9710412,0.2231471,0
data/raw/deepdrid/deepdrid/regular-fundus-validation/Images/351/351_l2.jpg,0.0,-0.54278153,0.4149566,0
data/raw/deepdrid/deepdrid/regular-fundus-validation/Images/351/351_r1.jpg,0.0,-1.221929,0.31575993,1
data/raw/deepdrid/deepdrid/regular-fundus-validation/Images/351/351_r2.jpg,0.0,-1.2311002,0.31450725,1
data/raw/deepdrid/deepdrid/regular-fundus-validation/Images/352/352_l1.jpg,1.0,4.4751105,0.9443902,0
data/raw/deepdrid/deepdrid/regular-fundus-validation/Images/352/352_l2.jpg,1.0,11.301121,0.9992174,0
data/raw/deepdrid/deepdrid/regular-fundus-validation/Images/352/352_r1.jpg,1.0,4.860523,0.9558959,0
data/raw/deepdrid/deepdrid/regular-fundus-validation/Images/352/352_r2.jpg,1.0,9.060313,0.9967764,0
data/raw/deepdrid/deepdrid/regular-fundus-validation/Images/355/355_l1.jpg,0.0,-7.2127233,0.010305265,1
data/raw/deepdrid/deepdrid/regular-fundus-validation/Images/355/355_l2.jpg,0.0,-4.4941773,0.054979518,1
data/raw/deepdrid/deepdrid/regular-fundus-validation/Images/355/355_r1.jpg,0.0,-1.5719028,0.26996192,0
data/raw/deepdrid/deepdrid/regular-fundus-validation/Images/355/355_r2.jpg,0.0,-3.2803004,0.11144994,0
data/raw/deepdrid/deepdrid/regular-fundus-validation/Images/356/356_l1.jpg,1.0,5.6829786,0.973315,1
data/raw/deepdrid/deepdrid/regular-fundus-validation/Images/356/356_l2.jpg,1.0,5.9249277,0.9770166,1
data/raw/deepdrid/deepdrid/regular-fundus-validation/Images/356/356_r1.jpg,0.0,1.6107591,0.7348571,1
data/raw/deepdrid/deepdrid/regular-fundus-validation/Images/356/356_r2.jpg,0.0,4.162574,0.9330419,1
data/raw/deepdrid/deepdrid/regular-fundus-validation/Images/357/357_l1.jpg,1.0,12.530869,0.99964046,1
data/raw/deepdrid/deepdrid/regular-fundus-validation/Images/357/357_l2.jpg,1.0,12.1778965,0.9995505,1
data/raw/deepdrid/deepdrid/regular-fundus-validation/Images/357/357_r1.jpg,1.0,11.748001,0.99941015,0
data/raw/deepdrid/deepdrid/regular-fundus-validation/Images/357/357_r2.jpg,1.0,12.43194,0.9996172,0
data/raw/deepdrid/deepdrid/regular-fundus-validation/Images/358/358_l1.jpg,0.0,-2.4345264,0.17642665,0
data/raw/deepdrid/deepdrid/regular-fundus-validation/Images/358/358_l2.jpg,0.0,0.14846314,0.52347237,0
data/raw/deepdrid/deepdrid/regular-fundus-validation/Images/358/358_r1.jpg,0.0,-4.6663704,0.04958443,0
data/raw/deepdrid/deepdrid/regular-fundus-validation/Images/358/358_r2.jpg,0.0,-1.9862196,0.22148632,0
data/raw/deepdrid/deepdrid/regular-fundus-validation/Images/359/359_l1.jpg,0.0,-5.4224844,0.031317893,0
data/raw/deepdrid/deepdrid/regular-fundus-validation/Images/359/359_l2.jpg,0.0,-5.2267632,0.03530184,0
data/raw/deepdrid/deepdrid/regular-fundus-validation/Images/359/359_r1.jpg,0.0,-0.6226308,0.40274358,0
data/raw/deepdrid/deepdrid/regular-fundus-validation/Images/359/359_r2.jpg,0.0,-4.758633,0.04690398,0
data/raw/deepdrid/deepdrid/regular-fundus-validation/Images/360/360_l1.jpg,0.0,2.3417647,0.81488067,1
data/raw/deepdrid/deepdrid/regular-fundus-validation/Images/360/360_l2.jpg,0.0,-6.299995,0.01821548,1
data/raw/deepdrid/deepdrid/regular-fundus-validation/Images/360/360_r1.jpg,0.0,-3.6580868,0.089879565,1
data/raw/deepdrid/deepdrid/regular-fundus-validation/Images/360/360_r2.jpg,0.0,-3.660556,0.089751795,1
data/raw/deepdrid/deepdrid/regular-fundus-validation/Images/361/361_l1.jpg,1.0,12.717909,0.99968064,1
data/raw/deepdrid/deepdrid/regular-fundus-validation/Images/361/361_l2.jpg,1.0,12.570129,0.9996493,1
data/raw/deepdrid/deepdrid/regular-fundus-validation/Images/361/361_r1.jpg,1.0,11.522083,0.99931955,0
data/raw/deepdrid/deepdrid/regular-fundus-validation/Images/361/361_r2.jpg,1.0,10.865298,0.9989692,0
data/raw/deepdrid/deepdrid/regular-fundus-validation/Images/362/362_l1.jpg,1.0,11.680149,0.9993843,1
data/raw/deepdrid/deepdrid/regular-fundus-validation/Images/362/362_l2.jpg,1.0,11.656766,0.99937505,1
data/raw/deepdrid/deepdrid/regular-fundus-validation/Images/362/362_r1.jpg,1.0,12.076963,0.9995209,1
data/raw/deepdrid/deepdrid/regular-fundus-validation/Images/362/362_r2.jpg,1.0,12.102866,0.99952877,1
data/raw/deepdrid/deepdrid/regular-fundus-validation/Images/363/363_l1.jpg,0.0,0.54746825,0.5857633,0
data/raw/deepdrid/deepdrid/regular-fundus-validation/Images/363/363_l2.jpg,0.0,4.124455,0.9315189,0
data/raw/deepdrid/deepdrid/regular-fundus-validation/Images/363/363_r1.jpg,1.0,4.4824843,0.9446348,1
data/raw/deepdrid/deepdrid/regular-fundus-validation/Images/363/363_r2.jpg,1.0,11.17477,0.9991524,1
data/raw/deepdrid/deepdrid/regular-fundus-validation/Images/364/364_l1.jpg,0.0,-1.5428971,0.273595,1
data/raw/deepdrid/deepdrid/regular-fundus-validation/Images/364/364_l2.jpg,0.0,-1.073304,0.33642522,1
data/raw/deepdrid/deepdrid/regular-fundus-validation/Images/364/364_r1.jpg,0.0,-3.65188,0.090201415,1
data/raw/deepdrid/deepdrid/regular-fundus-validation/Images/364/364_r2.jpg,0.0,-5.4837193,0.030163322,1
data/raw/deepdrid/deepdrid/regular-fundus-validation/Images/365/365_l1.jpg,0.0,0.1386722,0.5219264,0
data/raw/deepdrid/deepdrid/regular-fundus-validation/Images/365/365_l2.jpg,0.0,0.52609736,0.58247775,0
data/raw/deepdrid/deepdrid/regular-fundus-validation/Images/365/365_r1.jpg,0.0,-3.1973588,0.116755106,1
data/raw/deepdrid/deepdrid/regular-fundus-validation/Images/365/365_r2.jpg,0.0,1.2996769,0.6947734,1
data/raw/deepdrid/deepdrid/regular-fundus-validation/Images/367/367_l1.jpg,1.0,9.820799,0.99800545,1
data/raw/deepdrid/deepdrid/regular-fundus-validation/Images/367/367_l2.jpg,1.0,9.767238,0.99793684,1
data/raw/deepdrid/deepdrid/regular-fundus-validation/Images/367/367_r1.jpg,1.0,11.543716,0.99932873,1
data/raw/deepdrid/deepdrid/regular-fundus-validation/Images/367/367_r2.jpg,1.0,9.583924,0.9976835,1
data/raw/deepdrid/deepdrid/regular-fundus-validation/Images/369/369_l1.jpg,0.0,-0.299524,0.45275116,1
data/raw/deepdrid/deepdrid/regular-fundus-validation/Images/369/369_l2.jpg,0.0,-5.3202024,0.033342373,1
data/raw/deepdrid/deepdrid/regular-fundus-validation/Images/369/369_r1.jpg,0.0,0.042991653,0.5068016,0
data/raw/deepdrid/deepdrid/regular-fundus-validation/Images/369/369_r2.jpg,0.0,0.7773507,0.62056917,0
data/raw/deepdrid/deepdrid/regular-fundus-validation/Images/370/370_l1.jpg,0.0,-1.2291492,0.31477353,0
data/raw/deepdrid/deepdrid/regular-fundus-validation/Images/370/370_l2.jpg,0.0,-1.285894,0.30707955,0
data/raw/deepdrid/deepdrid/regular-fundus-validation/Images/370/370_r1.jpg,0.0,2.0457103,0.7849376,0
data/raw/deepdrid/deepdrid/regular-fundus-validation/Images/370/370_r2.jpg,0.0,1.2284286,0.6851281,0
data/raw/deepdrid/deepdrid/regular-fundus-validation/Images/372/372_l1.jpg,1.0,6.729567,0.98606014,1
data/raw/deepdrid/deepdrid/regular-fundus-validation/Images/372/372_l2.jpg,1.0,5.558284,0.971187,1
data/raw/deepdrid/deepdrid/regular-fundus-validation/Images/372/372_r1.jpg,0.0,-4.438003,0.056856126,1
data/raw/deepdrid/deepdrid/regular-fundus-validation/Images/372/372_r2.jpg,0.0,-5.612975,0.027860116,1
data/raw/deepdrid/deepdrid/regular-fundus-validation/Images/373/373_l1.jpg,0.0,-2.6899781,0.15414998,0
data/raw/deepdrid/deepdrid/regular-fundus-validation/Images/373/373_l2.jpg,0.0,-4.2177234,0.06481026,0
data/raw/deepdrid/deepdrid/regular-fundus-validation/Images/373/373_r1.jpg,0.0,-4.6570783,0.049862303,0
data/raw/deepdrid/deepdrid/regular-fundus-validation/Images/373/373_r2.jpg,0.0,-2.2475245,0.1942858,0
data/raw/deepdrid/deepdrid/regular-fundus-validation/Images/374/374_l1.jpg,1.0,7.3272104,0.9904081,1
data/raw/deepdrid/deepdrid/regular-fundus-validation/Images/374/374_l2.jpg,1.0,0.057659253,0.5091218,1
data/raw/deepdrid/deepdrid/regular-fundus-validation/Images/374/374_r1.jpg,0.0,8.271652,0.9947009,0
data/raw/deepdrid/deepdrid/regular-fundus-validation/Images/374/374_r2.jpg,0.0,4.48866,0.9448387,0
data/raw/deepdrid/deepdrid/regular-fundus-validation/Images/375/375_l1.jpg,0.0,1.8124577,0.7589728,1
data/raw/deepdrid/deepdrid/regular-fundus-validation/Images/375/375_l2.jpg,0.0,-4.0586705,0.07118515,1
data/raw/deepdrid/deepdrid/regular-fundus-validation/Images/375/375_r1.jpg,0.0,0.27202797,0.5429338,0
data/raw/deepdrid/deepdrid/regular-fundus-validation/Images/375/375_r2.jpg,0.0,-1.3037125,0.3046853,0
data/raw/deepdrid/deepdrid/regular-fundus-validation/Images/376/376_l1.jpg,0.0,-3.2003388,0.11656074,1
data/raw/deepdrid/deepdrid/regular-fundus-validation/Images/376/376_l2.jpg,0.0,-1.5004294,0.27896887,1
data/raw/deepdrid/deepdrid/regular-fundus-validation/Images/376/376_r1.jpg,0.0,-4.8950253,0.043192632,1
data/raw/deepdrid/deepdrid/regular-fundus-validation/Images/376/376_r2.jpg,0.0,-0.39424834,0.43794423,1
data/raw/deepdrid/deepdrid/regular-fundus-validation/Images/378/378_l1.jpg,0.0,1.2411841,0.686867,1
data/raw/deepdrid/deepdrid/regular-fundus-validation/Images/378/378_l2.jpg,0.0,-6.345753,0.017704742,1
data/raw/deepdrid/deepdrid/regular-fundus-validation/Images/378/378_r1.jpg,0.0,0.8184672,0.62667674,0
data/raw/deepdrid/deepdrid/regular-fundus-validation/Images/378/378_r2.jpg,0.0,-1.7619345,0.24692473,0
data/raw/deepdrid/deepdrid/regular-fundus-validation/Images/379/379_l1.jpg,0.0,-3.3167818,0.10918398,0
data/raw/deepdrid/deepdrid/regular-fundus-validation/Images/379/379_l2.jpg,0.0,-3.3370447,0.10794295,0
data/raw/deepdrid/deepdrid/regular-fundus-validation/Images/379/379_r1.jpg,0.0,-4.8685107,0.04389146,0
data/raw/deepdrid/deepdrid/regular-fundus-validation/Images/379/379_r2.jpg,0.0,-2.9469635,0.1341149,0
data/raw/deepdrid/deepdrid/regular-fundus-validation/Images/380/380_l1.jpg,0.0,-1.9289786,0.22779576,0
data/raw/deepdrid/deepdrid/regular-fundus-validation/Images/380/380_l2.jpg,0.0,-1.6510994,0.2601985,0
data/raw/deepdrid/deepdrid/regular-fundus-validation/Images/380/380_r1.jpg,0.0,0.42703244,0.56715614,0
data/raw/deepdrid/deepdrid/regular-fundus-validation/Images/380/380_r2.jpg,0.0,-1.247387,0.3122893,0
data/raw/deepdrid/deepdrid/regular-fundus-validation/Images/381/381_l1.jpg,1.0,12.195852,0.99955565,1
data/raw/deepdrid/deepdrid/regular-fundus-validation/Images/381/381_l2.jpg,1.0,7.0324073,0.98846334,1
data/raw/deepdrid/deepdrid/regular-fundus-validation/Images/381/381_r1.jpg,1.0,11.541317,0.9993278,1
data/raw/deepdrid/deepdrid/regular-fundus-validation/Images/381/381_r2.jpg,1.0,11.51378,0.999316,1
data/raw/deepdrid/deepdrid/regular-fundus-validation/Images/382/382_l1.jpg,0.0,-4.4742365,0.055638902,1
data/raw/deepdrid/deepdrid/regular-fundus-validation/Images/382/382_l2.jpg,0.0,-6.456988,0.016521117,1
data/raw/deepdrid/deepdrid/regular-fundus-validation/Images/382/382_r1.jpg,0.0,-4.161777,0.06698961,1
data/raw/deepdrid/deepdrid/regular-fundus-validation/Images/382/382_r2.jpg,0.0,-5.724249,0.026014922,1
data/raw/deepdrid/deepdrid/regular-fundus-validation/Images/385/385_l1.jpg,0.0,3.6335604,0.90884256,1
data/raw/deepdrid/deepdrid/regular-fundus-validation/Images/385/385_l2.jpg,0.0,0.4743457,0.5744916,1
data/raw/deepdrid/deepdrid/regular-fundus-validation/Images/385/385_r1.jpg,0.0,1.7826897,0.75550973,0
data/raw/deepdrid/deepdrid/regular-fundus-validation/Images/385/385_r2.jpg,0.0,1.0757594,0.66392165,0
data/raw/deepdrid/deepdrid/regular-fundus-validation/Images/388/388_l1.jpg,0.0,-1.3363355,0.30032903,0
data/raw/deepdrid/deepdrid/regular-fundus-validation/Images/388/388_l2.jpg,0.0,-3.8790188,0.0790789,0
data/raw/deepdrid/deepdrid/regular-fundus-validation/Images/388/388_r1.jpg,0.0,-0.041055948,0.49350455,1
data/raw/deepdrid/deepdrid/regular-fundus-validation/Images/388/388_r2.jpg,0.0,0.9313695,0.64323646,1
data/raw/deepdrid/deepdrid/regular-fundus-validation/Images/390/390_l1.jpg,0.0,1.9797277,0.7778045,0
data/raw/deepdrid/deepdrid/regular-fundus-validation/Images/390/390_l2.jpg,0.0,-2.430832,0.17676663,0
data/raw/deepdrid/deepdrid/regular-fundus-validation/Images/390/390_r1.jpg,0.0,-0.068249755,0.4892033,0
data/raw/deepdrid/deepdrid/regular-fundus-validation/Images/390/390_r2.jpg,0.0,2.4272056,0.8228991,0
data/raw/deepdrid/deepdrid/regular-fundus-validation/Images/392/392_l1.jpg,0.0,-5.3603573,0.032532938,1
data/raw/deepdrid/deepdrid/regular-fundus-validation/Images/392/392_l2.jpg,0.0,-5.8582973,0.023949625,1
data/raw/deepdrid/deepdrid/regular-fundus-validation/Images/392/392_r1.jpg,0.0,-4.858111,0.04416849,1
data/raw/deepdrid/deepdrid/regular-fundus-validation/Images/392/392_r2.jpg,0.0,-4.768241,0.04663291,1
data/raw/deepdrid/deepdrid/regular-fundus-validation/Images/393/393_l1.jpg,1.0,10.998746,0.9990526,1
data/raw/deepdrid/deepdrid/regular-fundus-validation/Images/393/393_l2.jpg,1.0,10.448944,0.9986588,1
data/raw/deepdrid/deepdrid/regular-fundus-validation/Images/393/393_r1.jpg,0.0,0.8569068,0.63235044,0
data/raw/deepdrid/deepdrid/regular-fundus-validation/Images/393/393_r2.jpg,0.0,5.4472804,0.9691547,0
data/raw/deepdrid/deepdrid/regular-fundus-validation/Images/394/394_l1.jpg,1.0,7.2186494,0.9897329,1
data/raw/deepdrid/deepdrid/regular-fundus-validation/Images/394/394_l2.jpg,1.0,8.504955,0.99542505,1
data/raw/deepdrid/deepdrid/regular-fundus-validation/Images/394/394_r1.jpg,1.0,10.168718,0.99839896,1
data/raw/deepdrid/deepdrid/regular-fundus-validation/Images/394/394_r2.jpg,1.0,8.538588,0.99552095,1
data/raw/deepdrid/deepdrid/regular-fundus-validation/Images/395/395_l1.jpg,0.0,-3.7105966,0.087197945,0
data/raw/deepdrid/deepdrid/regular-fundus-validation/Images/395/395_l2.jpg,0.0,-5.38715,0.032003455,0
data/raw/deepdrid/deepdrid/regular-fundus-validation/Images/395/395_r1.jpg,0.0,0.30580908,0.54823416,0
data/raw/deepdrid/deepdrid/regular-fundus-validation/Images/395/395_r2.jpg,0.0,-4.1344604,0.06807827,0
data/raw/deepdrid/deepdrid/regular-fundus-validation/Images/397/397_l1.jpg,0.0,-4.354133,0.059770282,0
data/raw/deepdrid/deepdrid/regular-fundus-validation/Images/397/397_l2.jpg,0.0,2.5321648,0.83237314,0
data/raw/deepdrid/deepdrid/regular-fundus-validation/Images/397/397_r1.jpg,0.0,0.027466938,0.50434566,0
data/raw/deepdrid/deepdrid/regular-fundus-validation/Images/397/397_r2.jpg,0.0,-0.023048937,0.4963533,0
data/raw/deepdrid/deepdrid/regular-fundus-validation/Images/399/399_l1.jpg,0.0,1.0152999,0.65533113,0
data/raw/deepdrid/deepdrid/regular-fundus-validation/Images/399/399_l2.jpg,0.0,-4.2389846,0.063999474,0
data/raw/deepdrid/deepdrid/regular-fundus-validation/Images/399/399_r1.jpg,0.0,-4.0863595,0.07003519,0
data/raw/deepdrid/deepdrid/regular-fundus-validation/Images/399/399_r2.jpg,0.0,-3.5407026,0.09614451,0
data/raw/deepdrid/deepdrid/regular-fundus-validation/Images/400/400_l1.jpg,1.0,9.733976,0.99789304,0
data/raw/deepdrid/deepdrid/regular-fundus-validation/Images/400/400_l2.jpg,1.0,11.744628,0.99940884,0
data/raw/deepdrid/deepdrid/regular-fundus-validation/Images/400/400_r1.jpg,1.0,9.883802,0.99808323,0
data/raw/deepdrid/deepdrid/regular-fundus-validation/Images/400/400_r2.jpg,1.0,11.472312,0.99929774,0
data/raw/deepdrid/deepdrid/regular-fundus-validation/Images/401/401_l1.jpg,0.0,-4.6783376,0.049228728,0
data/raw/deepdrid/deepdrid/regular-fundus-validation/Images/401/401_l2.jpg,0.0,-3.401428,0.10408164,0
data/raw/deepdrid/deepdrid/regular-fundus-validation/Images/401/401_r1.jpg,0.0,1.0460873,0.6597187,0
data/raw/deepdrid/deepdrid/regular-fundus-validation/Images/401/401_r2.jpg,0.0,-0.6104832,0.40459418,0
data/raw/deepdrid/deepdrid/regular-fundus-validation/Images/402/402_l1.jpg,0.0,3.450516,0.89877987,0
data/raw/deepdrid/deepdrid/regular-fundus-validation/Images/402/402_l2.jpg,0.0,-1.5135969,0.27729574,0
data/raw/deepdrid/deepdrid/regular-fundus-validation/Images/402/402_r1.jpg,0.0,-0.4535135,0.42873436,1
data/raw/deepdrid/deepdrid/regular-fundus-validation/Images/402/402_r2.jpg,0.0,-3.7404218,0.08570721,1
data/raw/deepdrid/deepdrid/regular-fundus-validation/Images/404/404_l1.jpg,0.0,0.2988862,0.54714876,1
data/raw/deepdrid/deepdrid/regular-fundus-validation/Images/404/404_l2.jpg,0.0,1.6926123,0.74482685,1
data/raw/deepdrid/deepdrid/regular-fundus-validation/Images/404/404_r1.jpg,0.0,3.8293796,0.91860276,1
data/raw/deepdrid/deepdrid/regular-fundus-validation/Images/404/404_r2.jpg,0.0,1.7370594,0.7501362,1
data/raw/deepdrid/deepdrid/regular-fundus-validation/Images/405/405_l1.jpg,1.0,3.2503707,0.8866604,0
data/raw/deepdrid/deepdrid/regular-fundus-validation/Images/405/405_l2.jpg,1.0,9.500453,0.99755824,0
data/raw/deepdrid/deepdrid/regular-fundus-validation/Images/405/405_r1.jpg,1.0,8.747363,0.9960731,1
data/raw/deepdrid/deepdrid/regular-fundus-validation/Images/405/405_r2.jpg,1.0,7.2442145,0.98989606,1
data/raw/deepdrid/deepdrid/regular-fundus-validation/Images/406/406_l1.jpg,0.0,-2.5180132,0.16888025,0
data/raw/deepdrid/deepdrid/regular-fundus-validation/Images/406/406_l2.jpg,0.0,-0.42603928,0.43299818,0
data/raw/deepdrid/deepdrid/regular-fundus-validation/Images/406/406_r1.jpg,0.0,-2.50271,0.17024401,0
data/raw/deepdrid/deepdrid/regular-fundus-validation/Images/406/406_r2.jpg,0.0,4.958303,0.95843244,0
data/raw/deepdrid/deepdrid/regular-fundus-validation/Images/407/407_l1.jpg,0.0,3.2417862,0.88611335,1
data/raw/deepdrid/deepdrid/regular-fundus-validation/Images/407/407_l2.jpg,0.0,-2.3666136,0.18275878,1
data/raw/deepdrid/deepdrid/regular-fundus-validation/Images/407/407_r1.jpg,0.0,-2.4885983,0.17150931,0
data/raw/deepdrid/deepdrid/regular-fundus-validation/Images/407/407_r2.jpg,0.0,-5.6147256,0.027830131,0
data/raw/deepdrid/deepdrid/regular-fundus-validation/Images/410/410_l1.jpg,0.0,-3.1122732,0.12242375,1
data/raw/deepdrid/deepdrid/regular-fundus-validation/Images/410/410_l2.jpg,0.0,-3.4560287,0.10090319,1
data/raw/deepdrid/deepdrid/regular-fundus-validation/Images/410/410_r1.jpg,0.0,-1.0421786,0.34083682,0
data/raw/deepdrid/deepdrid/regular-fundus-validation/Images/410/410_r2.jpg,0.0,-4.919043,0.042568803,0
data/raw/deepdrid/deepdrid/regular-fundus-validation/Images/413/413_l1.jpg,0.0,-5.750935,0.025590394,0
data/raw/deepdrid/deepdrid/regular-fundus-validation/Images/413/413_l2.jpg,0.0,-1.1683328,0.32313383,0
data/raw/deepdrid/deepdrid/regular-fundus-validation/Images/413/413_r1.jpg,0.0,-5.2021904,0.035835292,1
data/raw/deepdrid/deepdrid/regular-fundus-validation/Images/413/413_r2.jpg,0.0,-2.4249845,0.1773058,1
data/raw/deepdrid/deepdrid/regular-fundus-validation/Images/414/414_l1.jpg,0.0,1.4103086,0.7094155,1
data/raw/deepdrid/deepdrid/regular-fundus-validation/Images/414/414_l2.jpg,0.0,-5.435093,0.031076713,1
data/raw/deepdrid/deepdrid/regular-fundus-validation/Images/414/414_r1.jpg,0.0,2.7749045,0.85272855,0
data/raw/deepdrid/deepdrid/regular-fundus-validation/Images/414/414_r2.jpg,0.0,-1.5585933,0.27162522,0
data/raw/deepdrid/deepdrid/regular-fundus-validation/Images/415/415_l1.jpg,0.0,5.9928136,0.9779618,1
data/raw/deepdrid/deepdrid/regular-fundus-validation/Images/415/415_l2.jpg,0.0,-5.83739,0.02426089,1
data/raw/deepdrid/deepdrid/regular-fundus-validation/Images/415/415_r1.jpg,0.0,-4.488549,0.055164866,1
data/raw/deepdrid/deepdrid/regular-fundus-validation/Images/415/415_r2.jpg,0.0,2.2493434,0.8058943,1
data/raw/deepdrid/deepdrid/regular-fundus-validation/Images/416/416_l1.jpg,0.0,-2.8853378,0.13870902,1
data/raw/deepdrid/deepdrid/regular-fundus-validation/Images/416/416_l2.jpg,0.0,-0.66752434,0.39592862,1
data/raw/deepdrid/deepdrid/regular-fundus-validation/Images/416/416_r1.jpg,0.0,6.92129,0.9876332,1
data/raw/deepdrid/deepdrid/regular-fundus-validation/Images/416/416_r2.jpg,0.0,-3.716583,0.086896844,1
data/raw/deepdrid/deepdrid/regular-fundus-validation/Images/422/422_l1.jpg,0.0,6.0677414,0.978961,1
data/raw/deepdrid/deepdrid/regular-fundus-validation/Images/422/422_l2.jpg,0.0,5.6832595,0.97331965,1
data/raw/deepdrid/deepdrid/regular-fundus-validation/Images/422/422_r1.jpg,0.0,3.7499642,0.9147649,1
data/raw/deepdrid/deepdrid/regular-fundus-validation/Images/422/422_r2.jpg,0.0,1.927065,0.7719911,1
data/raw/deepdrid/deepdrid/regular-fundus-validation/Images/430/430_l1.jpg,0.0,2.1760888,0.7985392,0
data/raw/deepdrid/deepdrid/regular-fundus-validation/Images/430/430_l2.jpg,0.0,9.000257,0.99665195,0
data/raw/deepdrid/deepdrid/regular-fundus-validation/Images/430/430_r1.jpg,0.0,10.444251,0.99865484,1
data/raw/deepdrid/deepdrid/regular-fundus-validation/Images/430/430_r2.jpg,0.0,9.579604,0.99767727,1
data/raw/deepdrid/deepdrid/regular-fundus-validation/Images/431/431_l1.jpg,0.0,-1.9473393,0.22575825,0
data/raw/deepdrid/deepdrid/regular-fundus-validation/Images/431/431_l2.jpg,0.0,-3.1188707,0.12197588,0
data/raw/deepdrid/deepdrid/regular-fundus-validation/Images/431/431_r1.jpg,0.0,1.5563779,0.72809726,0
data/raw/deepdrid/deepdrid/regular-fundus-validation/Images/431/431_r2.jpg,0.0,-3.6707337,0.08922697,0
data/raw/deepdrid/deepdrid/regular-fundus-validation/Images/433/433_l1.jpg,0.0,5.229834,0.9647643,0
data/raw/deepdrid/deepdrid/regular-fundus-validation/Images/433/433_l2.jpg,0.0,-1.3471913,0.29888737,0
data/raw/deepdrid/deepdrid/regular-fundus-validation/Images/433/433_r1.jpg,0.0,0.51015383,0.5800218,0
data/raw/deepdrid/deepdrid/regular-fundus-validation/Images/433/433_r2.jpg,0.0,3.390329,0.8952616,0
