image_path,target,raw_logit,cal_prob
data/raw/aptos2019/aptos2019/train_images/train_images/1ae8c165fd53.png,1.0,3.6838334,0.894355
data/raw/aptos2019/aptos2019/train_images/train_images/1b329a127307.png,0.0,-0.17463191,0.47470716
data/raw/aptos2019/aptos2019/train_images/train_images/1b32e1d775ea.png,1.0,10.065429,0.99708885
data/raw/aptos2019/aptos2019/train_images/train_images/1b3647865779.png,0.0,-4.3207474,0.07548582
data/raw/aptos2019/aptos2019/train_images/train_images/1b398c0494d1.png,0.0,2.330289,0.79432327
data/raw/aptos2019/aptos2019/train_images/train_images/1b4625877527.png,1.0,9.946776,0.9968822
data/raw/aptos2019/aptos2019/train_images/train_images/1b495ac025b7.png,1.0,9.727861,0.9964617
data/raw/aptos2019/aptos2019/train_images/train_images/1b862fb6f65d.png,0.0,0.10506833,0.5152259
data/raw/aptos2019/aptos2019/train_images/train_images/1b8701231c8f.png,0.0,1.1006948,0.6543515
data/raw/aptos2019/aptos2019/train_images/train_images/1b8ad0afe9fb.png,1.0,6.793251,0.98090345
data/raw/aptos2019/aptos2019/train_images/train_images/1bb0ddfe753a.png,0.0,9.961007,0.9969078
data/raw/aptos2019/aptos2019/train_images/train_images/1bea04b2bb2d.png,1.0,10.001611,0.9969795
data/raw/aptos2019/aptos2019/train_images/train_images/1bf30c84bbad.png,1.0,9.386032,0.99568933
data/raw/aptos2019/aptos2019/train_images/train_images/1c0cf251b426.png,0.0,2.310944,0.7924847
data/raw/aptos2019/aptos2019/train_images/train_images/1c0e5dd1b14c.png,1.0,9.736954,0.9964803
data/raw/aptos2019/aptos2019/train_images/train_images/1c13a1483f4a.png,0.0,-1.7116333,0.27042526
data/raw/aptos2019/aptos2019/train_images/train_images/1c3a6b4449e9.png,0.0,-1.4591781,0.30025506
data/raw/aptos2019/aptos2019/train_images/train_images/1c47815f4a6b.png,0.0,3.415946,0.8787544
data/raw/aptos2019/aptos2019/train_images/train_images/1c4d87baaffc.png,1.0,3.621816,0.89090884
data/raw/aptos2019/aptos2019/train_images/train_images/1c4f3aa4df06.png,1.0,8.393547,0.9923614
data/raw/aptos2019/aptos2019/train_images/train_images/1c578b72d7b3.png,1.0,9.91736,0.99682873
data/raw/aptos2019/aptos2019/train_images/train_images/1c5ad36fb799.png,1.0,-2.1749208,0.22078514
data/raw/aptos2019/aptos2019/train_images/train_images/1c5e6cdc7ee1.png,1.0,8.906516,0.99431556
data/raw/aptos2019/aptos2019/train_images/train_images/1c6d119c3d70.png,1.0,9.933072,0.9968574
data/raw/aptos2019/aptos2019/train_images/train_images/1c7a013eeba7.png,0.0,2.4708784,0.8073222
data/raw/aptos2019/aptos2019/train_images/train_images/1c9521878baf.png,1.0,10.040138,0.99704593
data/raw/aptos2019/aptos2019/train_images/train_images/1ca35d483772.png,0.0,-1.0199641,0.35631105
data/raw/aptos2019/aptos2019/train_images/train_images/1ca62b3e4fd3.png,0.0,-8.300947,0.00805651
data/raw/aptos2019/aptos2019/train_images/train_images/1ca91751be4d.png,0.0,-0.027968802,0.49594575
data/raw/aptos2019/aptos2019/train_images/train_images/1caba2fb38f6.png,0.0,-1.615323,0.2815832
data/raw/aptos2019/aptos2019/train_images/train_images/1cb6961d141c.png,0.0,4.371311,0.926535
data/raw/aptos2019/aptos2019/train_images/train_images/1cb814ed6332.png,1.0,9.697586,0.9963993
data/raw/aptos2019/aptos2019/train_images/train_images/1cc58b15f466.png,0.0,-8.195101,0.00856209
data/raw/aptos2019/aptos2019/train_images/train_images/1d0b93317aa8.png,0.0,-1.0820128,0.34810263
data/raw/aptos2019/aptos2019/train_images/train_images/1d11794057ff.png,0.0,6.7961655,0.98093516
data/raw/aptos2019/aptos2019/train_images/train_images/1d14dd912671.png,1.0,7.380565,0.9863398
data/raw/aptos2019/aptos2019/train_images/train_images/1d2472849dce.png,0.0,3.8007448,0.9005909
data/raw/aptos2019/aptos2019/train_images/train_images/1d29cb2f4296.png,0.0,-7.9493403,0.009860475
data/raw/aptos2019/aptos2019/train_images/train_images/1d37f1c8b6d8.png,0.0,-0.37311643,0.44612345
data/raw/aptos2019/aptos2019/train_images/train_images/1d3e9b939732.png,0.0,2.0354264,0.7649861
data/raw/aptos2019/aptos2019/train_images/train_images/1d46f1326394.png,0.0,-5.384941,0.042193435
data/raw/aptos2019/aptos2019/train_images/train_images/1d55e689cf84.png,1.0,9.598828,0.99618787
data/raw/aptos2019/aptos2019/train_images/train_images/1d674e2e32e0.png,0.0,9.577887,0.9961415
data/raw/aptos2019/aptos2019/train_images/train_images/1d74c4713e21.png,0.0,-6.0124164,0.029707048
data/raw/aptos2019/aptos2019/train_images/train_images/1da25637859b.png,1.0,10.024683,0.99701947
data/raw/aptos2019/aptos2019/train_images/train_images/1da4a17c18c9.png,0.0,0.34032258,0.5491733
data/raw/aptos2019/aptos2019/train_images/train_images/1db0393cdbc1.png,0.0,-7.779514,0.010869775
data/raw/aptos2019/aptos2019/train_images/train_images/1db18bdd43aa.png,1.0,3.9538434,0.90826064
data/raw/aptos2019/aptos2019/train_images/train_images/1db6bb46c102.png,0.0,-0.96275896,0.36395434
data/raw/aptos2019/aptos2019/train_images/train_images/1dbdc32c17db.png,1.0,9.960267,0.99690634
data/raw/aptos2019/aptos2019/train_images/train_images/1dd9adcbfff4.png,1.0,9.803821,0.9966137
data/raw/aptos2019/aptos2019/train_images/train_images/1df0431bfa73.png,0.0,1.2080526,0.6682924
data/raw/aptos2019/aptos2019/train_images/train_images/1df0a4c23c95.png,0.0,1.7395183,0.7327529
data/raw/aptos2019/aptos2019/train_images/train_images/1df1530b9b8d.png,0.0,-1.0570334,0.35139665
data/raw/aptos2019/aptos2019/train_images/train_images/1df3e03a8f5f.png,0.0,7.89238,0.9898117
data/raw/aptos2019/aptos2019/train_images/train_images/1dfbede13143.png,1.0,9.80523,0.9966164
data/raw/aptos2019/aptos2019/train_images/train_images/1dfe599d12a9.png,0.0,0.7057833,0.60090524
data/raw/aptos2019/aptos2019/train_images/train_images/1e036f2e7095.png,0.0,-7.1330595,0.015735079
data/raw/aptos2019/aptos2019/train_images/train_images/1e143fa3de57.png,1.0,10.053938,0.99706954
data/raw/aptos2019/aptos2019/train_images/train_images/1e1fb019710d.png,1.0,10.07599,0.9971066
data/raw/aptos2019/aptos2019/train_images/train_images/1e4650743fa2.png,1.0,9.778915,0.99656457
data/raw/aptos2019/aptos2019/train_images/train_images/1e4b3b823b95.png,1.0,9.380919,0.9956767
data/raw/aptos2019/aptos2019/train_images/train_images/1e742358e0b9.png,0.0,-6.772065,0.019327959
data/raw/aptos2019/aptos2019/train_images/train_images/1e7ccd4a1c87.png,0.0,-8.189087,0.008591742
data/raw/aptos2019/aptos2019/train_images/train_images/1e8a1fdee5b9.png,0.0,6.994677,0.9829726
data/raw/aptos2019/aptos2019/train_images/train_images/1e8c31e29dd3.png,0.0,-0.6893232,0.4013858
data/raw/aptos2019/aptos2019/train_images/train_images/1ec95179cdfe.png,0.0,2.8632271,0.84026504
data/raw/aptos2019/aptos2019/train_images/train_images/1ee1eb7943db.png,1.0,7.49616,0.9872141
data/raw/aptos2019/aptos2019/train_images/train_images/1ee355480567.png,0.0,-1.0411488,0.35349873
data/raw/aptos2019/aptos2019/train_images/train_images/1eee55494271.png,0.0,-2.4050305,0.19868675
data/raw/aptos2019/aptos2019/train_images/train_images/1efa5d443707.png,1.0,9.967903,0.99692
data/raw/aptos2019/aptos2019/train_images/train_images/1f07dae3cadb.png,1.0,-5.2188926,0.046260573
data/raw/aptos2019/aptos2019/train_images/train_images/1f0e223b8055.png,1.0,9.953893,0.99689496
data/raw/aptos2019/aptos2019/train_images/train_images/1f15ca672675.png,0.0,3.556057,0.8871474
data/raw/aptos2019/aptos2019/train_images/train_images/1f31701dd61b.png,0.0,2.163717,0.77809525
data/raw/aptos2019/aptos2019/train_images/train_images/1f3f32efaf20.png,0.0,-0.6985044,0.40010738
data/raw/aptos2019/aptos2019/train_images/train_images/1f4bf8e28b41.png,1.0,9.895844,0.9967891
data/raw/aptos2019/aptos2019/train_images/train_images/1f4fb37e0854.png,0.0,-3.1454544,0.13897292
data/raw/aptos2019/aptos2019/train_images/train_images/1f543a86c4d4.png,1.0,9.846607,0.99669635
data/raw/aptos2019/aptos2019/train_images/train_images/1f5496352859.png,0.0,-5.633365,0.036741093
data/raw/aptos2019/aptos2019/train_images/train_images/1f63d44d9e3c.png,1.0,9.577285,0.9961402
data/raw/aptos2019/aptos2019/train_images/train_images/1f9ccda4ddf2.png,0.0,-6.399573,0.023876347
data/raw/aptos2019/aptos2019/train_images/train_images/1faf8664816c.png,0.0,0.8525404,0.6211267
data/raw/aptos2019/aptos2019/train_images/train_images/1fb455685328.png,0.0,0.77500385,0.61049056
data/raw/aptos2019/aptos2019/train_images/train_images/1fd5d860d4d7.png,1.0,8.919162,0.9943568
data/raw/aptos2019/aptos2019/train_images/train_images/1fddd7c98fd2.png,0.0,-8.031395,0.00940663
data/raw/aptos2019/aptos2019/train_images/train_images/1ffaa51a6245.png,1.0,9.680842,0.9963643
data/raw/aptos2019/aptos2019/train_images/train_images/200d947f75db.png,0.0,-6.495873,0.022608992
data/raw/aptos2019/aptos2019/train_images/train_images/2017cd92c63d.png,1.0,8.939181,0.99442154
data/raw/aptos2019/aptos2019/train_images/train_images/201f6e10c108.png,0.0,-1.6804292,0.27400976
data/raw/aptos2019/aptos2019/train_images/train_images/201f882365d3.png,0.0,0.48162076,0.569365
data/raw/aptos2019/aptos2019/train_images/train_images/203275daf46d.png,1.0,9.409058,0.9957463
data/raw/aptos2019/aptos2019/train_images/train_images/20404ec7b518.png,1.0,9.98323,0.9969472
data/raw/aptos2019/aptos2019/train_images/train_images/20688cb25704.png,1.0,9.178819,0.99514174
data/raw/aptos2019/aptos2019/train_images/train_images/207a580de0ea.png,1.0,7.351957,0.9861145
data/raw/aptos2019/aptos2019/train_images/train_images/207dd0487264.png,0.0,-0.3900064,0.44370478
data/raw/aptos2019/aptos2019/train_images/train_images/20c883d3bd38.png,1.0,9.788468,0.9965835
data/raw/aptos2019/aptos2019/train_images/train_images/20d5fdd450ae.png,1.0,9.900323,0.9967974
data/raw/aptos2019/aptos2019/train_images/train_images/20f86e068276.png,0.0,-8.035151,0.009386359
data/raw/aptos2019/aptos2019/train_images/train_images/21037f5c7790.png,0.0,5.9206367,0.96872
data/raw/aptos2019/aptos2019/train_images/train_images/210bfe0127c6.png,0.0,-7.5771337,0.0122066485
data/raw/aptos2019/aptos2019/train_images/train_images/211518c46162.png,1.0,9.914927,0.99682426
data/raw/aptos2019/aptos2019/train_images/train_images/2131aa3a1e6f.png,1.0,9.973558,0.99693006
data/raw/aptos2019/aptos2019/train_images/train_images/215d2b7c3fde.png,0.0,-0.5851782,0.41597778
data/raw/aptos2019/aptos2019/train_images/train_images/217dad18a5ed.png,1.0,9.855151,0.99671257
data/raw/aptos2019/aptos2019/train_images/train_images/218c822a3dd9.png,0.0,-8.037311,0.009374718
data/raw/aptos2019/aptos2019/train_images/train_images/21abd36095a1.png,1.0,9.875886,0.9967518
data/raw/aptos2019/aptos2019/train_images/train_images/21d18b022429.png,1.0,-1.5970236,0.28373462
data/raw/aptos2019/aptos2019/train_images/train_images/22098b1fe461.png,0.0,2.5928652,0.8180864
data/raw/aptos2019/aptos2019/train_images/train_images/2209daf71aab.png,0.0,-8.239541,0.008346096
data/raw/aptos2019/aptos2019/train_images/train_images/2221cf5c7935.png,0.0,2.2402253,0.7856604
data/raw/aptos2019/aptos2019/train_images/train_images/222d0ac042b4.png,1.0,8.808785,0.993986
data/raw/aptos2019/aptos2019/train_images/train_images/222f3ee3a1e8.png,1.0,9.948223,0.99688476
data/raw/aptos2019/aptos2019/train_images/train_images/22325552a4e3.png,0.0,3.1870503,0.8638881
data/raw/aptos2019/aptos2019/train_images/train_images/2241b7e90782.png,1.0,9.933312,0.99685776
data/raw/aptos2019/aptos2019/train_images/train_images/22449af52060.png,0.0,1.5223216,0.70738065
data/raw/aptos2019/aptos2019/train_images/train_images/224bb938e2dd.png,1.0,9.827858,0.99666035
data/raw/aptos2019/aptos2019/train_images/train_images/224c14366e11.png,0.0,-1.9991658,0.23881492
data/raw/aptos2019/aptos2019/train_images/train_images/226c6ceb9185.png,0.0,1.7970711,0.7392369
data/raw/aptos2019/aptos2019/train_images/train_images/22895c89792f.png,1.0,9.84861,0.9967001
data/raw/aptos2019/aptos2019/train_images/train_images/22a6da005395.png,0.0,1.4871105,0.70313674
data/raw/aptos2019/aptos2019/train_images/train_images/22ce8ef69357.png,1.0,8.780864,0.9938885
data/raw/aptos2019/aptos2019/train_images/train_images/22d843b2bbd1.png,0.0,2.8581316,0.83986807
data/raw/aptos2019/aptos2019/train_images/train_images/23148a40ecb0.png,1.0,9.22738,0.995276
data/raw/aptos2019/aptos2019/train_images/train_images/23175b7ef453.png,1.0,9.940695,0.9968712
data/raw/aptos2019/aptos2019/train_images/train_images/232549883508.png,1.0,9.825273,0.99665534
data/raw/aptos2019/aptos2019/train_images/train_images/233d948e2544.png,0.0,-7.7363634,0.011142101
data/raw/aptos2019/aptos2019/train_images/train_images/234399352d36.png,1.0,10.108578,0.99716055
data/raw/aptos2019/aptos2019/train_images/train_images/236f56771ec6.png,1.0,9.247348,0.9953301
data/raw/aptos2019/aptos2019/train_images/train_images/2376e5415458.png,1.0,9.349686,0.995598
data/raw/aptos2019/aptos2019/train_images/train_images/237aa50edc34.png,0.0,-7.885905,0.01022614
data/raw/aptos2019/aptos2019/train_images/train_images/237c078d00fc.png,1.0,9.752494,0.99651176
data/raw/aptos2019/aptos2019/train_images/train_images/2399d68d407f.png,0.0,-0.717908,0.39741
data/raw/aptos2019/aptos2019/train_images/train_images/239f2c348ea4.png,1.0,9.932652,0.9968566
data/raw/aptos2019/aptos2019/train_images/train_images/23fca0693e2a.png,1.0,9.613203,0.99621934
data/raw/aptos2019/aptos2019/train_images/train_images/2408799a09b2.png,0.0,1.2680556,0.67595935
data/raw/aptos2019/aptos2019/train_images/train_images/240b25a7debe.png,0.0,-1.6186334,0.28119504
data/raw/aptos2019/aptos2019/train_images/train_images/242fc19be06f.png,0.0,-0.13802725,0.48000237
data/raw/aptos2019/aptos2019/train_images/train_images/2463bb04ebc3.png,1.0,9.817541,0.9966403
data/raw/aptos2019/aptos2019/train_images/train_images/246e4506824a.png,1.0,9.770538,0.9965479
data/raw/aptos2019/aptos2019/train_images/train_images/247ac63e5510.png,1.0,8.824624,0.99404067
data/raw/aptos2019/aptos2019/train_images/train_images/247e98aba610.png,1.0,3.2837856,0.8703499
data/raw/aptos2019/aptos2019/train_images/train_images/248139c423c4.png,0.0,8.407399,0.99242204
data/raw/aptos2019/aptos2019/train_images/train_images/248dec89b3a2.png,0.0,-1.466215,0.29939848
data/raw/aptos2019/aptos2019/train_images/train_images/24b87f744598.png,1.0,10.051351,0.9970651
data/raw/aptos2019/aptos2019/train_images/train_images/24b943fe725e.png,0.0,3.7718604,0.89908147
data/raw/aptos2019/aptos2019/train_images/train_images/24de56d433cd.png,0.0,3.1700625,0.8627257
data/raw/aptos2019/aptos2019/train_images/train_images/24f271c87e73.png,0.0,-8.242607,0.008331397
data/raw/aptos2019/aptos2019/train_images/train_images/24f3e70f0419.png,0.0,-7.552084,0.012383026
data/raw/aptos2019/aptos2019/train_images/train_images/25002fe43f92.png,1.0,9.375964,0.9956643
data/raw/aptos2019/aptos2019/train_images/train_images/252305189b3a.png,0.0,-2.3574126,0.20311923
data/raw/aptos2019/aptos2019/train_images/train_images/2532613a584a.png,1.0,10.017299,0.9970067
data/raw/aptos2019/aptos2019/train_images/train_images/253e96488cfb.png,0.0,-4.005341,0.08928147
data/raw/aptos2019/aptos2019/train_images/train_images/254052cf3e48.png,1.0,9.742499,0.9964915
data/raw/aptos2019/aptos2019/train_images/train_images/2585bbc91909.png,0.0,-2.2169037,0.21662565
data/raw/aptos2019/aptos2019/train_images/train_images/259d30f693b6.png,0.0,2.039748,0.7654363
data/raw/aptos2019/aptos2019/train_images/train_images/25a0a1e41afd.png,0.0,-1.898847,0.24954896
data/raw/aptos2019/aptos2019/train_images/train_images/25b0e72705a8.png,1.0,9.947456,0.99688333
data/raw/aptos2019/aptos2019/train_images/train_images/25b4080f598b.png,0.0,-4.5484915,0.06677125
data/raw/aptos2019/aptos2019/train_images/train_images/25d069089c5e.png,1.0,9.859218,0.9967204
data/raw/aptos2019/aptos2019/train_images/train_images/25dc1b41ed9c.png,1.0,-1.9572359,0.24326251
data/raw/aptos2019/aptos2019/train_images/train_images/25e9fd872182.png,0.0,2.9906397,0.8499335
data/raw/aptos2019/aptos2019/train_images/train_images/2608e1dac5b1.png,1.0,9.998424,0.9969739
data/raw/aptos2019/aptos2019/train_images/train_images/260a455692b5.png,0.0,-2.7694318,0.16717039
data/raw/aptos2019/aptos2019/train_images/train_images/261c6bd63bff.png,1.0,9.6245775,0.9962442
data/raw/aptos2019/aptos2019/train_images/train_images/2628305cbb29.png,1.0,9.914837,0.99682415
data/raw/aptos2019/aptos2019/train_images/train_images/262ad704319c.png,1.0,9.951724,0.9968911
data/raw/aptos2019/aptos2019/train_images/train_images/263d8851e33b.png,0.0,-4.832251,0.05722095
data/raw/aptos2019/aptos2019/train_images/train_images/26453eb7e989.png,1.0,9.431382,0.9958008
data/raw/aptos2019/aptos2019/train_images/train_images/26463a5fb949.png,1.0,7.114629,0.9840986
data/raw/aptos2019/aptos2019/train_images/train_images/2665f72e2dd3.png,1.0,8.619603,0.9932935
data/raw/aptos2019/aptos2019/train_images/train_images/266fbefa58fb.png,0.0,1.5353249,0.70893896
data/raw/aptos2019/aptos2019/train_images/train_images/2682e6da9050.png,0.0,-7.5702496,0.012254872
data/raw/aptos2019/aptos2019/train_images/train_images/26999ebc21de.png,1.0,10.030333,0.99702924
data/raw/aptos2019/aptos2019/train_images/train_images/269b44e628eb.png,1.0,7.891283,0.98980534
data/raw/aptos2019/aptos2019/train_images/train_images/269f0792f11f.png,1.0,9.169374,0.99511516
data/raw/aptos2019/aptos2019/train_images/train_images/26cd40b57ad1.png,0.0,-0.12707596,0.48158756
data/raw/aptos2019/aptos2019/train_images/train_images/26d60db3bbfd.png,0.0,1.0453573,0.6470587
data/raw/aptos2019/aptos2019/train_images/train_images/26d9576e8043.png,0.0,-1.6410838,0.2785714
data/raw/aptos2019/aptos2019/train_images/train_images/26e231747848.png,1.0,10.057456,0.99707544
data/raw/aptos2019/aptos2019/train_images/train_images/26fc2358a38d.png,0.0,2.0923078,0.7708638
data/raw/aptos2019/aptos2019/train_images/train_images/2700754f71e9.png,1.0,7.5978675,0.9879375
data/raw/aptos2019/aptos2019/train_images/train_images/272d9c043c81.png,1.0,10.002173,0.99698037
data/raw/aptos2019/aptos2019/train_images/train_images/2735be026d44.png,1.0,9.9436035,0.9968765
data/raw/aptos2019/aptos2019/train_images/train_images/274f4de2a59d.png,0.0,-1.5712416,0.2867826
data/raw/aptos2019/aptos2019/train_images/train_images/274f5029189b.png,0.0,0.62956357,0.59026074
data/raw/aptos2019/aptos2019/train_images/train_images/276b14f72328.png,0.0,-7.8360577,0.010522864
data/raw/aptos2019/aptos2019/train_images/train_images/2776d70724d3.png,1.0,8.158173,0.99125427
data/raw/aptos2019/aptos2019/train_images/train_images/27933cdbe0cc.png,0.0,0.088427834,0.5128156
data/raw/aptos2019/aptos2019/train_images/train_images/27b68863349f.png,1.0,9.897178,0.9967914
data/raw/aptos2019/aptos2019/train_images/train_images/27bab1432f61.png,1.0,8.777165,0.99387544
data/raw/aptos2019/aptos2019/train_images/train_images/27e2be850a99.png,1.0,9.9454,0.9968797
data/raw/aptos2019/aptos2019/train_images/train_images/27e4c800a449.png,0.0,8.635251,0.9933537
data/raw/aptos2019/aptos2019/train_images/train_images/27f82ada84ac.png,0.0,-2.3640263,0.20249923
data/raw/aptos2019/aptos2019/train_images/train_images/27fca9f12b3c.png,1.0,9.823305,0.9966516
data/raw/aptos2019/aptos2019/train_images/train_images/281d7b7c7676.png,1.0,7.1709886,0.984602
data/raw/aptos2019/aptos2019/train_images/train_images/2821998fc002.png,0.0,-4.078966,0.08587063
data/raw/aptos2019/aptos2019/train_images/train_images/282bc792d23a.png,1.0,5.4841275,0.96007055
data/raw/aptos2019/aptos2019/train_images/train_images/283c3aeba594.png,0.0,-5.5993485,0.03744557
data/raw/aptos2019/aptos2019/train_images/train_images/28503940d10b.png,0.0,0.8090881,0.6151798
data/raw/aptos2019/aptos2019/train_images/train_images/286e9981dd9b.png,0.0,-7.2931323,0.014360371
data/raw/aptos2019/aptos2019/train_images/train_images/28751f290ba3.png,0.0,-5.8363023,0.032796197
data/raw/aptos2019/aptos2019/train_images/train_images/28824d12d31d.png,1.0,9.948012,0.9968844
data/raw/aptos2019/aptos2019/train_images/train_images/289a47dcbb82.png,0.0,0.1696152,0.5245675
data/raw/aptos2019/aptos2019/train_images/train_images/28a4d00927b7.png,1.0,8.938487,0.9944193
data/raw/aptos2019/aptos2019/train_images/train_images/28dc010a0780.png,0.0,-4.223428,0.07951945
data/raw/aptos2019/aptos2019/train_images/train_images/28f73575e1f2.png,0.0,-0.4579029,0.4340101
data/raw/aptos2019/aptos2019/train_images/train_images/28f93cad89c5.png,1.0,7.889217,0.9897933
data/raw/aptos2019/aptos2019/train_images/train_images/28f98cfe3858.png,0.0,9.741094,0.9964887
data/raw/aptos2019/aptos2019/train_images/train_images/290ecdba359f.png,1.0,9.66395,0.99632865
data/raw/aptos2019/aptos2019/train_images/train_images/29192375ab1b.png,0.0,1.0912533,0.65311223
data/raw/aptos2019/aptos2019/train_images/train_images/291e2ff3d834.png,1.0,9.893092,0.99678385
data/raw/aptos2019/aptos2019/train_images/train_images/291f581d365e.png,0.0,-1.5309179,0.29158863
data/raw/aptos2019/aptos2019/train_images/train_images/2923971566fe.png,0.0,3.4550838,0.88115156
data/raw/aptos2019/aptos2019/train_images/train_images/2927665214e1.png,0.0,-0.46982104,0.43231332
data/raw/aptos2019/aptos2019/train_images/train_images/29580bed2f7d.png,1.0,9.253485,0.9953466
data/raw/aptos2019/aptos2019/train_images/train_images/295fdc964f6e.png,1.0,9.226441,0.9952734
data/raw/aptos2019/aptos2019/train_images/train_images/2967e578939f.png,1.0,6.549937,0.9780734
data/raw/aptos2019/aptos2019/train_images/train_images/2974c6ad1d58.png,0.0,2.7299807,0.82962054
data/raw/aptos2019/aptos2019/train_images/train_images/299086c6d1b5.png,1.0,9.2162695,0.99524564
data/raw/aptos2019/aptos2019/train_images/train_images/2994f17f58a5.png,0.0,9.418577,0.9957696
data/raw/aptos2019/aptos2019/train_images/train_images/29a13e666266.png,0.0,0.28066614,0.54059553
data/raw/aptos2019/aptos2019/train_images/train_images/29b52f64d2db.png,0.0,1.3238728,0.6830077
data/raw/aptos2019/aptos2019/train_images/train_images/29bc0e721cfe.png,1.0,9.968587,0.9969213
data/raw/aptos2019/aptos2019/train_images/train_images/29d059522fa1.png,0.0,0.34949192,0.5504893
data/raw/aptos2019/aptos2019/train_images/train_images/29f44aea93a4.png,1.0,7.63416,0.98818564
data/raw/aptos2019/aptos2019/train_images/train_images/29f9e1ac9507.png,0.0,0.64950395,0.5930542
data/raw/aptos2019/aptos2019/train_images/train_images/2a08ed6bbcbc.png,0.0,4.3170943,0.92436624
data/raw/aptos2019/aptos2019/train_images/train_images/2a099b247b10.png,1.0,10.046432,0.9970567
data/raw/aptos2019/aptos2019/train_images/train_images/2a2274bcb00a.png,0.0,-0.4531901,0.43468145
data/raw/aptos2019/aptos2019/train_images/train_images/2a2a6435f7f3.png,0.0,1.968621,0.7579506
data/raw/aptos2019/aptos2019/train_images/train_images/2a3378bcfbcc.png,1.0,10.050497,0.9970636
data/raw/aptos2019/aptos2019/train_images/train_images/2a3a1ed1c285.png,1.0,9.860839,0.9967235
data/raw/aptos2019/aptos2019/train_images/train_images/2a4520f1f9a3.png,0.0,3.3400598,0.87398756
data/raw/aptos2019/aptos2019/train_images/train_images/2a47e5b21791.png,1.0,3.364074,0.8755132
data/raw/aptos2019/aptos2019/train_images/train_images/2a5a8b744f08.png,1.0,8.085593,0.9908818
data/raw/aptos2019/aptos2019/train_images/train_images/2a7373eeb352.png,0.0,-2.5404146,0.18648356
data/raw/aptos2019/aptos2019/train_images/train_images/2a8a9e957a6c.png,0.0,9.810712,0.9966271
data/raw/aptos2019/aptos2019/train_images/train_images/2a93334f663a.png,0.0,0.94181854,0.63323027
data/raw/aptos2019/aptos2019/train_images/train_images/2af1bf226f51.png,1.0,3.6738634,0.89380753
data/raw/aptos2019/aptos2019/train_images/train_images/2b074afdf626.png,1.0,3.9775977,0.90940183
data/raw/aptos2019/aptos2019/train_images/train_images/2b07790a2422.png,1.0,2.1923318,0.7809468
data/raw/aptos2019/aptos2019/train_images/train_images/2b10f138e67d.png,0.0,4.960793,0.94666964
data/raw/aptos2019/aptos2019/train_images/train_images/2b2f5a0f880d.png,0.0,-6.818862,0.018820297
data/raw/aptos2019/aptos2019/train_images/train_images/2b3a4a81d748.png,0.0,-3.2698534,0.13056439
data/raw/aptos2019/aptos2019/train_images/train_images/2b48daf24be0.png,1.0,9.2748995,0.99540377
data/raw/aptos2019/aptos2019/train_images/train_images/2b4c7b5f1f1e.png,0.0,2.727931,0.8294525
data/raw/aptos2019/aptos2019/train_images/train_images/2b5bb6d33959.png,0.0,-0.972719,0.36261845
data/raw/aptos2019/aptos2019/train_images/train_images/2b88cb6e31cd.png,1.0,4.8059764,0.9419516
data/raw/aptos2019/aptos2019/train_images/train_images/2ba0b0d9bda2.png,1.0,10.039414,0.99704474
data/raw/aptos2019/aptos2019/train_images/train_images/2bb063318cf1.png,1.0,4.751088,0.9401867
data/raw/aptos2019/aptos2019/train_images/train_images/2bb3c492d6d3.png,0.0,-7.110347,0.015940346
data/raw/aptos2019/aptos2019/train_images/train_images/2bbcfdc477db.png,1.0,9.969093,0.9969221
data/raw/aptos2019/aptos2019/train_images/train_images/2bbd1f99ecc3.png,1.0,6.2104583,0.9734301
data/raw/aptos2019/aptos2019/train_images/train_images/2bd4d4fbed5c.png,1.0,9.309096,0.99549365
data/raw/aptos2019/aptos2019/train_images/train_images/2c1d5be654dd.png,1.0,8.970675,0.994522
data/raw/aptos2019/aptos2019/train_images/train_images/2c2aa057afc5.png,1.0,9.928056,0.9968483
data/raw/aptos2019/aptos2019/train_images/train_images/2c77bf969079.png,0.0,-2.3974605,0.1993865
data/raw/aptos2019/aptos2019/train_images/train_images/2c8101f14723.png,0.0,1.9083232,0.7514786
data/raw/aptos2019/aptos2019/train_images/train_images/2c827005b8f8.png,0.0,-1.574459,0.28640115
data/raw/aptos2019/aptos2019/train_images/train_images/2c9dfc270f1b.png,0.0,-3.8277135,0.09801786
data/raw/aptos2019/aptos2019/train_images/train_images/2cacdb0dffae.png,0.0,-0.13792937,0.48001656
data/raw/aptos2019/aptos2019/train_images/train_images/2cbfc6182ba2.png,1.0,-2.2857955,0.20992361
data/raw/aptos2019/aptos2019/train_images/train_images/2cceb07ff706.png,1.0,8.526875,0.99292576
data/raw/aptos2019/aptos2019/train_images/train_images/2cdcc910778d.png,0.0,-3.3714032,0.124024406
data/raw/aptos2019/aptos2019/train_images/train_images/2cef97083e6f.png,1.0,0.0049464176,0.500717
data/raw/aptos2019/aptos2019/train_images/train_images/2cf18033da31.png,0.0,-0.70425653,0.39930707
data/raw/aptos2019/aptos2019/train_images/train_images/2cfe8703f265.png,0.0,-6.787931,0.01915436
data/raw/aptos2019/aptos2019/train_images/train_images/2d04cead4d3a.png,0.0,-3.1375058,0.13952534
data/raw/aptos2019/aptos2019/train_images/train_images/2d07162a13b1.png,0.0,-2.2193348,0.21638653
data/raw/aptos2019/aptos2019/train_images/train_images/2d3f4094c08a.png,0.0,-4.372164,0.07343138
data/raw/aptos2019/aptos2019/train_images/train_images/2d552318eb07.png,1.0,8.405271,0.99241275
data/raw/aptos2019/aptos2019/train_images/train_images/2d558de2cabe.png,0.0,-0.74922675,0.39306936
data/raw/aptos2019/aptos2019/train_images/train_images/2d7666b8884f.png,0.0,4.538517,0.9328674
data/raw/aptos2019/aptos2019/train_images/train_images/2d870833c0c9.png,1.0,9.848902,0.9967007
data/raw/aptos2019/aptos2019/train_images/train_images/2d9d97a6e713.png,0.0,1.229765,0.6710774
data/raw/aptos2019/aptos2019/train_images/train_images/2da82d14e1b7.png,0.0,1.3108224,0.68136716
data/raw/aptos2019/aptos2019/train_images/train_images/2db0cd3e30da.png,0.0,-8.16036,0.008734787
data/raw/aptos2019/aptos2019/train_images/train_images/2dc647e00ad3.png,0.0,-8.19811,0.008547292
data/raw/aptos2019/aptos2019/train_images/train_images/2dd28ac497d2.png,0.0,-1.6829033,0.27372447
data/raw/aptos2019/aptos2019/train_images/train_images/2df07eb5779f.png,1.0,9.962573,0.9969105
data/raw/aptos2019/aptos2019/train_images/train_images/2e26762daed5.png,1.0,9.774758,0.9965563
data/raw/aptos2019/aptos2019/train_images/train_images/2e79041ef722.png,1.0,9.193273,0.9951821
data/raw/aptos2019/aptos2019/train_images/train_images/2eba4279e503.png,0.0,-1.5980222,0.28361696
data/raw/aptos2019/aptos2019/train_images/train_images/2ecbc2e3f239.png,0.0,5.640961,0.9634145
data/raw/aptos2019/aptos2019/train_images/train_images/2ef10194e80d.png,0.0,1.1758319,0.66413796
data/raw/aptos2019/aptos2019/train_images/train_images/2ef4a04aed1b.png,0.0,-1.1104205,0.34437418
data/raw/aptos2019/aptos2019/train_images/train_images/2ef955d6d9ff.png,0.0,1.1248404,0.6575112
data/raw/aptos2019/aptos2019/train_images/train_images/2f143453bb71.png,0.0,-6.4389105,0.023350483
data/raw/aptos2019/aptos2019/train_images/train_images/2f284b6a1940.png,1.0,7.6014957,0.98796254
data/raw/aptos2019/aptos2019/train_images/train_images/2f2e1949ad56.png,0.0,0.313051,0.5452553
data/raw/aptos2019/aptos2019/train_images/train_images/2f42e20db938.png,1.0,9.623542,0.9962419
data/raw/aptos2019/aptos2019/train_images/train_images/2f4e81787d9b.png,0.0,5.645866,0.9635145
data/raw/aptos2019/aptos2019/train_images/train_images/2f5c9cdfb333.png,1.0,3.4401498,0.88024175
data/raw/aptos2019/aptos2019/train_images/train_images/2f7789c1e046.png,1.0,9.984025,0.99694866
data/raw/aptos2019/aptos2019/train_images/train_images/2f7fbdcc9a4b.png,0.0,-3.278068,0.13002463
data/raw/aptos2019/aptos2019/train_images/train_images/2f81ee5f2926.png,0.0,-6.2804475,0.025540246
data/raw/aptos2019/aptos2019/train_images/train_images/2f8d14a7d390.png,0.0,-7.013243,0.016848048
data/raw/aptos2019/aptos2019/train_images/train_images/2f9b66784109.png,1.0,9.906209,0.99680823
data/raw/aptos2019/aptos2019/train_images/train_images/2fb3a8606a77.png,1.0,9.790073,0.99658656
data/raw/aptos2019/aptos2019/train_images/train_images/2fde69f20585.png,1.0,9.887733,0.9967739
data/raw/aptos2019/aptos2019/train_images/train_images/2fdfb80ea53c.png,0.0,-1.9742211,0.2414541
data/raw/aptos2019/aptos2019/train_images/train_images/2fdffb6160a6.png,1.0,10.004182,0.99698395
data/raw/aptos2019/aptos2019/train_images/train_images/2fe06bedb2c4.png,1.0,2.27773,0.78929967
data/raw/aptos2019/aptos2019/train_images/train_images/2fefb720869a.png,0.0,-0.13930555,0.4798174
data/raw/aptos2019/aptos2019/train_images/train_images/300305ce82d2.png,1.0,9.587383,0.99616253
data/raw/aptos2019/aptos2019/train_images/train_images/30263a7d5609.png,0.0,-7.3263125,0.014090582
data/raw/aptos2019/aptos2019/train_images/train_images/302bcdb635ff.png,1.0,10.003432,0.99698263
data/raw/aptos2019/aptos2019/train_images/train_images/3044022c6969.png,0.0,2.7423432,0.8306314
data/raw/aptos2019/aptos2019/train_images/train_images/306c841af3fc.png,0.0,-8.007012,0.009539285
data/raw/aptos2019/aptos2019/train_images/train_images/3079490a4b9c.png,0.0,-0.6219975,0.4108007
data/raw/aptos2019/aptos2019/train_images/train_images/308f7fce6f0d.png,1.0,8.594449,0.99319565
data/raw/aptos2019/aptos2019/train_images/train_images/30941b65348b.png,0.0,2.5064602,0.81051123
data/raw/aptos2019/aptos2019/train_images/train_images/30cab14951ac.png,0.0,-7.679652,0.011510292
data/raw/aptos2019/aptos2019/train_images/train_images/30db694bee42.png,0.0,-1.7712967,0.26365426
data/raw/aptos2019/aptos2019/train_images/train_images/310c27067ac0.png,1.0,9.409649,0.99574775
data/raw/aptos2019/aptos2019/train_images/train_images/312694ea8e6a.png,1.0,9.861704,0.996725
data/raw/aptos2019/aptos2019/train_images/train_images/3128eb593012.png,1.0,-3.7180192,0.10378672
data/raw/aptos2019/aptos2019/train_images/train_images/3132556f5352.png,0.0,0.702986,0.6005162
data/raw/aptos2019/aptos2019/train_images/train_images/31360e44ac64.png,0.0,-2.5403445,0.18648972
data/raw/aptos2019/aptos2019/train_images/train_images/31452ad8808c.png,1.0,9.633102,0.9962626
data/raw/aptos2019/aptos2019/train_images/train_images/314862758acf.png,1.0,4.120515,0.9160017
data/raw/aptos2019/aptos2019/train_images/train_images/315c1a0d87fd.png,0.0,-0.001572669,0.49977204
data/raw/aptos2019/aptos2019/train_images/train_images/31616ff6b53b.png,1.0,9.925103,0.99684286
data/raw/aptos2019/aptos2019/train_images/train_images/3178559fbf57.png,0.0,0.0171699,0.5024889
data/raw/aptos2019/aptos2019/train_images/train_images/318eb706a134.png,0.0,-3.6273675,0.1087787
data/raw/aptos2019/aptos2019/train_images/train_images/31b5d6fb0256.png,1.0,9.867358,0.99673575
data/raw/aptos2019/aptos2019/train_images/train_images/31cb39681f6a.png,0.0,6.096617,0.9716684
data/raw/aptos2019/aptos2019/train_images/train_images/3206171db5be.png,1.0,9.752053,0.9965108
data/raw/aptos2019/aptos2019/train_images/train_images/3218a6d8eb2c.png,1.0,9.926455,0.9968453
data/raw/aptos2019/aptos2019/train_images/train_images/3232b34cbe99.png,0.0,-0.16529618,0.47605717
data/raw/aptos2019/aptos2019/train_images/train_images/3246f07e65b4.png,1.0,9.736827,0.99648005
data/raw/aptos2019/aptos2019/train_images/train_images/3254e48c8aa0.png,0.0,-0.6500748,0.40686598
data/raw/aptos2019/aptos2019/train_images/train_images/3286073a976e.png,0.0,6.358523,0.9755626
data/raw/aptos2019/aptos2019/train_images/train_images/328d141ed3aa.png,0.0,1.5348144,0.70887786
data/raw/aptos2019/aptos2019/train_images/train_images/32a3eb37ff40.png,1.0,6.3717513,0.97574484
data/raw/aptos2019/aptos2019/train_images/train_images/32d7d360d891.png,0.0,-0.9146457,0.3704366
data/raw/aptos2019/aptos2019/train_images/train_images/32ed318235b8.png,0.0,1.587847,0.7151827
data/raw/aptos2019/aptos2019/train_images/train_images/33105f9b3a04.png,0.0,9.846683,0.9966965
data/raw/aptos2019/aptos2019/train_images/train_images/331121c65e88.png,0.0,-5.6278596,0.03685425
data/raw/aptos2019/aptos2019/train_images/train_images/331b87d1b9d1.png,1.0,8.749952,0.99377865
data/raw/aptos2019/aptos2019/train_images/train_images/3323fd59782e.png,0.0,1.5642656,0.7123894
data/raw/aptos2019/aptos2019/train_images/train_images/3325b1fe55d2.png,0.0,-0.9559132,0.3648737
data/raw/aptos2019/aptos2019/train_images/train_images/33596a635b53.png,0.0,-7.02078,0.016775813
data/raw/aptos2019/aptos2019/train_images/train_images/33778d136069.png,1.0,8.524446,0.99291575
data/raw/aptos2019/aptos2019/train_images/train_images/338326891d84.png,0.0,-2.9882903,0.1502403
data/raw/aptos2019/aptos2019/train_images/train_images/33b893e18eb3.png,0.0,9.057158,0.9947885
data/raw/aptos2019/aptos2019/train_images/train_images/33b91def2035.png,0.0,-3.3703861,0.12408849
data/raw/aptos2019/aptos2019/train_images/train_images/33b978734eab.png,0.0,-2.6144223,0.18006083
data/raw/aptos2019/aptos2019/train_images/train_images/33d72035c27a.png,0.0,-1.3997823,0.30754033
data/raw/aptos2019/aptos2019/train_images/train_images/33e7bf536fc5.png,0.0,-7.7074304,0.011328468
data/raw/aptos2019/aptos2019/train_images/train_images/33e8e26a75d4.png,1.0,9.786688,0.99657995
data/raw/aptos2019/aptos2019/train_images/train_images/33ffddea8c6e.png,0.0,0.012092987,0.501753
data/raw/aptos2019/aptos2019/train_images/train_images/3402124408ea.png,1.0,9.966774,0.99691796
data/raw/aptos2019/aptos2019/train_images/train_images/3428230bf1bd.png,1.0,9.913359,0.9968214
data/raw/aptos2019/aptos2019/train_images/train_images/342edf9b889d.png,0.0,-6.653028,0.02068057
data/raw/aptos2019/aptos2019/train_images/train_images/3435fd8675a2.png,1.0,9.705355,0.9964154
data/raw/aptos2019/aptos2019/train_images/train_images/345b1f0abbba.png,0.0,-8.028797,0.0094206715
data/raw/aptos2019/aptos2019/train_images/train_images/3461dc601cc2.png,0.0,9.199039,0.9951981
data/raw/aptos2019/aptos2019/train_images/train_images/34723fae6475.png,1.0,4.507651,0.9317379
data/raw/aptos2019/aptos2019/train_images/train_images/348598d01e18.png,0.0,-1.5266671,0.29209805
data/raw/aptos2019/aptos2019/train_images/train_images/3486f7096276.png,0.0,-7.746099,0.011080074
data/raw/aptos2019/aptos2019/train_images/train_images/349f3c0ac83e.png,1.0,9.699813,0.99640393
data/raw/aptos2019/aptos2019/train_images/train_images/34a7dbd3f05c.png,0.0,-2.6829576,0.17426819
data/raw/aptos2019/aptos2019/train_images/train_images/34acae864963.png,0.0,-2.3527272,0.20355932
data/raw/aptos2019/aptos2019/train_images/train_images/351e842842a2.png,0.0,-8.16833,0.008694868
data/raw/aptos2019/aptos2019/train_images/train_images/352e4a939242.png,1.0,9.376088,0.99566454
data/raw/aptos2019/aptos2019/train_images/train_images/35362d43e753.png,0.0,-0.48729134,0.429829
data/raw/aptos2019/aptos2019/train_images/train_images/354b8911d6ed.png,1.0,8.635564,0.9933549
data/raw/aptos2019/aptos2019/train_images/train_images/356304d15a5c.png,0.0,1.311665,0.6814732
data/raw/aptos2019/aptos2019/train_images/train_images/35777eb7859d.png,0.0,-8.198315,0.008546286
data/raw/aptos2019/aptos2019/train_images/train_images/357f02a779d7.png,0.0,2.840795,0.83851147
data/raw/aptos2019/aptos2019/train_images/train_images/3580a545016d.png,0.0,0.8902624,0.62626016
data/raw/aptos2019/aptos2019/train_images/train_images/358d2224de73.png,0.0,9.765427,0.9965377
data/raw/aptos2019/aptos2019/train_images/train_images/3599029efeb3.png,0.0,-6.3097396,0.02512092
data/raw/aptos2019/aptos2019/train_images/train_images/359bab5d784b.png,0.0,-1.7583783,0.2651111
data/raw/aptos2019/aptos2019/train_images/train_images/35ac70c0d08f.png,0.0,-1.5382117,0.2907158
data/raw/aptos2019/aptos2019/train_images/train_images/35beb47fe159.png,0.0,0.18107744,0.52622473
data/raw/aptos2019/aptos2019/train_images/train_images/35cd9832fc0a.png,0.0,-1.4767588,0.29811764
data/raw/aptos2019/aptos2019/train_images/train_images/35d6c4c50072.png,0.0,9.837142,0.99667823
data/raw/aptos2019/aptos2019/train_images/train_images/35df2bc6ae95.png,0.0,1.0646199,0.64960533
data/raw/aptos2019/aptos2019/train_images/train_images/3601dac9bed7.png,0.0,-8.143555,0.008819566
data/raw/aptos2019/aptos2019/train_images/train_images/36041171f441.png,0.0,9.480651,0.9959186
data/raw/aptos2019/aptos2019/train_images/train_images/360832d84ce0.png,0.0,2.967932,0.8482464
data/raw/aptos2019/aptos2019/train_images/train_images/362c4a96cebb.png,1.0,9.748194,0.996503
data/raw/aptos2019/aptos2019/train_images/train_images/365f8c01d994.png,0.0,8.865089,0.9941782
data/raw/aptos2019/aptos2019/train_images/train_images/36677b70b1ef.png,0.0,8.916626,0.9943486
data/raw/aptos2019/aptos2019/train_images/train_images/367c7049929c.png,1.0,0.35718,0.5515922
data/raw/aptos2019/aptos2019/train_images/train_images/36865bbc64d6.png,1.0,4.3317094,0.9249566
data/raw/aptos2019/aptos2019/train_images/train_images/369229040a34.png,0.0,0.40278363,0.5581231
data/raw/aptos2019/aptos2019/train_images/train_images/3694e8c8e09a.png,0.0,-8.159709,0.008738059
data/raw/aptos2019/aptos2019/train_images/train_images/36a1e3c780a0.png,1.0,8.407279,0.99242157
data/raw/aptos2019/aptos2019/train_images/train_images/36b5b3c9fb32.png,1.0,9.748557,0.9965037
data/raw/aptos2019/aptos2019/train_images/train_images/36e4b704b905.png,0.0,-3.7301261,0.10313556
data/raw/aptos2019/aptos2019/train_images/train_images/370f575adb23.png,0.0,-0.68041915,0.40262696
data/raw/aptos2019/aptos2019/train_images/train_images/3710ff45299c.png,0.0,2.3358538,0.7948499
data/raw/aptos2019/aptos2019/train_images/train_images/3730c322d35b.png,0.0,-1.964823,0.24245356
data/raw/aptos2019/aptos2019/train_images/train_images/3732de8b416f.png,0.0,-8.146053,0.008806912
data/raw/aptos2019/aptos2019/train_images/train_images/374535e0adb8.png,1.0,9.655071,0.9963097
data/raw/aptos2019/aptos2019/train_images/train_images/3748349334f6.png,1.0,9.875909,0.9967518
data/raw/aptos2019/aptos2019/train_images/train_images/378963f9df22.png,1.0,9.670236,0.9963419
data/raw/aptos2019/aptos2019/train_images/train_images/3796af4d987a.png,1.0,-5.403465,0.0417615
data/raw/aptos2019/aptos2019/train_images/train_images/37c4dfe03aba.png,1.0,9.79337,0.99659306
data/raw/aptos2019/aptos2019/train_images/train_images/37c523296d42.png,0.0,-2.3063595,0.20795284
data/raw/aptos2019/aptos2019/train_images/train_images/37de05ef12a5.png,1.0,9.900105,0.9967969
data/raw/aptos2019/aptos2019/train_images/train_images/38055d8b9f08.png,1.0,9.717825,0.99644107
data/raw/aptos2019/aptos2019/train_images/train_images/3810040096cb.png,1.0,5.8895345,0.96816885
data/raw/aptos2019/aptos2019/train_images/train_images/3823acc4e464.png,0.0,-6.0381646,0.02927971
data/raw/aptos2019/aptos2019/train_images/train_images/382752f6694a.png,0.0,9.835314,0.99667466
data/raw/aptos2019/aptos2019/train_images/train_images/38373431d996.png,0.0,-4.9462285,0.053758297
data/raw/aptos2019/aptos2019/train_images/train_images/383e72af1955.png,1.0,9.937926,0.99686617
data/raw/aptos2019/aptos2019/train_images/train_images/384631079d1e.png,0.0,8.284661,0.9918677
data/raw/aptos2019/aptos2019/train_images/train_images/38487e1a5b1f.png,1.0,9.707211,0.9964192
data/raw/aptos2019/aptos2019/train_images/train_images/384db24ebbd7.png,0.0,0.21188788,0.5306765
data/raw/aptos2019/aptos2019/train_images/train_images/384e6c915722.png,0.0,-8.133485,0.008870756
data/raw/aptos2019/aptos2019/train_images/train_images/387138ddf43d.png,0.0,5.7516656,0.9656109
data/raw/aptos2019/aptos2019/train_images/train_images/388279491b5d.png,0.0,-7.417405,0.013375345
data/raw/aptos2019/aptos2019/train_images/train_images/388f12e8df0b.png,1.0,10.010304,0.9969946
data/raw/aptos2019/aptos2019/train_images/train_images/389552047476.png,0.0,2.0535228,0.7668673
data/raw/aptos2019/aptos2019/train_images/train_images/38b9bb961847.png,0.0,5.3206987,0.9562752
data/raw/aptos2019/aptos2019/train_images/train_images/38c7153457e2.png,0.0,-5.3373528,0.043322764
data/raw/aptos2019/aptos2019/train_images/train_images/38e0e28d35d3.png,0.0,-0.27229246,0.46061054
data/raw/aptos2019/aptos2019/train_images/train_images/38e111cac46f.png,1.0,9.613264,0.9962196
data/raw/aptos2019/aptos2019/train_images/train_images/38f1901f214a.png,0.0,-8.34658,0.007847788
data/raw/aptos2019/aptos2019/train_images/train_images/3908b3cfd620.png,0.0,-0.9480607,0.36592948
data/raw/aptos2019/aptos2019/train_images/train_images/39134907127a.png,1.0,7.6730304,0.988446
data/raw/aptos2019/aptos2019/train_images/train_images/393fa5a023a5.png,0.0,-0.30973208,0.45522186
data/raw/aptos2019/aptos2019/train_images/train_images/39923b29988a.png,1.0,9.938128,0.9968665
data/raw/aptos2019/aptos2019/train_images/train_images/39aa3cd93c50.png,1.0,9.611911,0.9962166
data/raw/aptos2019/aptos2019/train_images/train_images/39b5b05d6cd9.png,1.0,9.828472,0.99666154
data/raw/aptos2019/aptos2019/train_images/train_images/39f8935185e6.png,0.0,-2.5116303,0.18902884
data/raw/aptos2019/aptos2019/train_images/train_images/39fd8ef3a45c.png,0.0,-0.21291585,0.46917507
data/raw/aptos2019/aptos2019/train_images/train_images/3a122851e526.png,1.0,9.991183,0.9969612
data/raw/aptos2019/aptos2019/train_images/train_images/3a1d3ce00f0c.png,1.0,5.4834747,0.96005607
data/raw/aptos2019/aptos2019/train_images/train_images/3a1ecf5e2839.png,1.0,3.6289227,0.8913087
data/raw/aptos2019/aptos2019/train_images/train_images/3a4cfea0a766.png,0.0,1.2330371,0.671496
data/raw/aptos2019/aptos2019/train_images/train_images/3a61e690f4bb.png,1.0,9.450457,0.9958468
data/raw/aptos2019/aptos2019/train_images/train_images/3a643599f852.png,0.0,0.9898996,0.6396808
data/raw/aptos2019/aptos2019/train_images/train_images/3a6e9730b298.png,1.0,8.775054,0.99386805
data/raw/aptos2019/aptos2019/train_images/train_images/3aa2b1ce6700.png,1.0,9.912803,0.99682033
data/raw/aptos2019/aptos2019/train_images/train_images/3abac0961bfd.png,0.0,1.5291253,0.70819664
data/raw/aptos2019/aptos2019/train_images/train_images/3ac3fbfca7d4.png,1.0,9.836337,0.9966767
data/raw/aptos2019/aptos2019/train_images/train_images/3ac92ac3d65a.png,0.0,1.3121275,0.68153137
data/raw/aptos2019/aptos2019/train_images/train_images/3af9aaa880e9.png,0.0,-2.9376597,0.15402693
data/raw/aptos2019/aptos2019/train_images/train_images/3b018e8b7303.png,1.0,7.3015122,0.98570824
data/raw/aptos2019/aptos2019/train_images/train_images/3b0190bbe615.png,0.0,-0.22679536,0.46717128
data/raw/aptos2019/aptos2019/train_images/train_images/3b10191dfd25.png,0.0,2.5370529,0.8132205
data/raw/aptos2019/aptos2019/train_images/train_images/3b185ac445d0.png,1.0,9.554154,0.99608827
data/raw/aptos2019/aptos2019/train_images/train_images/3b232b394e4f.png,1.0,0.14801815,0.52144337
data/raw/aptos2019/aptos2019/train_images/train_images/3b2b91590590.png,0.0,0.31869224,0.5460663
data/raw/aptos2019/aptos2019/train_images/train_images/3b4a5fcbe5e0.png,1.0,8.986888,0.99457294
data/raw/aptos2019/aptos2019/train_images/train_images/3b58b02c89ed.png,1.0,9.982151,0.9969453
data/raw/aptos2019/aptos2019/train_images/train_images/3b5dffe159b6.png,0.0,-4.431489,0.071124986
data/raw/aptos2019/aptos2019/train_images/train_images/3b73a3a4a734.png,0.0,1.5380839,0.7092689
data/raw/aptos2019/aptos2019/train_images/train_images/3b9817a39adf.png,0.0,1.4968742,0.7043171
data/raw/aptos2019/aptos2019/train_images/train_images/3b9c1f42c2f2.png,1.0,8.585394,0.9931601
data/raw/aptos2019/aptos2019/train_images/train_images/3bf2deaa5ef0.png,0.0,0.727271,0.6038894
data/raw/aptos2019/aptos2019/train_images/train_images/3bf3085ac167.png,0.0,-4.1823325,0.08128118
data/raw/aptos2019/aptos2019/train_images/train_images/3c1efa38d0da.png,1.0,9.153492,0.9950702
data/raw/aptos2019/aptos2019/train_images/train_images/3c28fd846b43.png,0.0,-0.8771866,0.37551612
data/raw/aptos2019/aptos2019/train_images/train_images/3c311c9109b0.png,1.0,9.405553,0.9957377
data/raw/aptos2019/aptos2019/train_images/train_images/3c326543fff6.png,0.0,-7.624688,0.011878604
data/raw/aptos2019/aptos2019/train_images/train_images/3c42512c81e0.png,0.0,-7.486548,0.012856471
data/raw/aptos2019/aptos2019/train_images/train_images/3c726de3ee90.png,0.0,6.1702313,0.97282004
data/raw/aptos2019/aptos2019/train_images/train_images/3c72f580d4ba.png,0.0,8.319258,0.99202794
data/raw/aptos2019/aptos2019/train_images/train_images/3c78bfca247b.png,1.0,9.617696,0.9962291
data/raw/aptos2019/aptos2019/train_images/train_images/3c9529918097.png,0.0,-1.5130553,0.2937327
data/raw/aptos2019/aptos2019/train_images/train_images/3ca12e02dd4e.png,0.0,-6.2429514,0.026086967
data/raw/aptos2019/aptos2019/train_images/train_images/3ca8be3b40d6.png,0.0,-6.9912863,0.017060233
data/raw/aptos2019/aptos2019/train_images/train_images/3cab32dd6ef9.png,0.0,-1.9448935,0.24458234
data/raw/aptos2019/aptos2019/train_images/train_images/3ccf96c1dd6d.png,1.0,9.518354,0.99600655
data/raw/aptos2019/aptos2019/train_images/train_images/3cd801ffdbf0.png,1.0,10.003063,0.9969819
data/raw/aptos2019/aptos2019/train_images/train_images/3cd9713c0ecb.png,0.0,2.5853012,0.8174327
data/raw/aptos2019/aptos2019/train_images/train_images/3cdda8b3df19.png,1.0,9.104349,0.9949285
data/raw/aptos2019/aptos2019/train_images/train_images/3cdef7c591cc.png,0.0,-1.8870128,0.25083622
data/raw/aptos2019/aptos2019/train_images/train_images/3ce2f8a77a32.png,0.0,1.247698,0.67336845
data/raw/aptos2019/aptos2019/train_images/train_images/3d2ecffe0386.png,0.0,1.0621796,0.6492831
data/raw/aptos2019/aptos2019/train_images/train_images/3d3e288d490e.png,1.0,10.019852,0.99701107
data/raw/aptos2019/aptos2019/train_images/train_images/3d663a6a50a3.png,1.0,9.96802,0.9969202
data/raw/aptos2019/aptos2019/train_images/train_images/3dbc90c7ee7d.png,0.0,8.927783,0.99438477
data/raw/aptos2019/aptos2019/train_images/train_images/3dbfbc11e105.png,1.0,8.761479,0.9938199
data/raw/aptos2019/aptos2019/train_images/train_images/3ddb86eb530e.png,1.0,7.335921,0.98598653
data/raw/aptos2019/aptos2019/train_images/train_images/3de8ad4151e1.png,0.0,3.0654256,0.85538083
data/raw/aptos2019/aptos2019/train_images/train_images/3dec415b188a.png,0.0,0.81570625,0.6160878
data/raw/aptos2019/aptos2019/train_images/train_images/3dfc50108072.png,1.0,9.370784,0.9956513
data/raw/aptos2019/aptos2019/train_images/train_images/3e1f8fecb06f.png,1.0,9.9823475,0.9969457
data/raw/aptos2019/aptos2019/train_images/train_images/3e3a3955b9c5.png,1.0,9.815251,0.996636
data/raw/aptos2019/aptos2019/train_images/train_images/3e61703b5ab2.png,0.0,-1.6178263,0.28128964
data/raw/aptos2019/aptos2019/train_images/train_images/3e6bfc4d5c65.png,1.0,9.185223,0.9951597
data/raw/aptos2019/aptos2019/train_images/train_images/3e86335bc2fd.png,1.0,9.79493,0.99659616
data/raw/aptos2019/aptos2019/train_images/train_images/3ee17aa12e46.png,0.0,5.0483336,0.94917494
data/raw/aptos2019/aptos2019/train_images/train_images/3ee4841936ef.png,1.0,7.90389,0.9898789
data/raw/aptos2019/aptos2019/train_images/train_images/3f0d3629d69e.png,0.0,2.0346167,0.7649017
data/raw/aptos2019/aptos2019/train_images/train_images/3f3de2a6b0f5.png,1.0,8.173518,0.991331
data/raw/aptos2019/aptos2019/train_images/train_images/3f47f83217b5.png,1.0,8.690404,0.9935615
data/raw/aptos2019/aptos2019/train_images/train_images/3f49f8d100e9.png,1.0,9.595033,0.99617946
data/raw/aptos2019/aptos2019/train_images/train_images/3f5b4c2948e8.png,1.0,9.132709,0.99501073
data/raw/aptos2019/aptos2019/train_images/train_images/3f6bccf21ce8.png,0.0,-3.6043286,0.11008057
data/raw/aptos2019/aptos2019/train_images/train_images/3f6c627e2ff2.png,0.0,-0.94576603,0.36623824
data/raw/aptos2019/aptos2019/train_images/train_images/3f73c91b7e32.png,0.0,-3.4357555,0.12002708
data/raw/aptos2019/aptos2019/train_images/train_images/3f752fcccec0.png,1.0,8.688199,0.9935534
data/raw/aptos2019/aptos2019/train_images/train_images/3f82631e9080.png,0.0,-3.634071,0.108402446
data/raw/aptos2019/aptos2019/train_images/train_images/3f8d5c940ba4.png,1.0,9.779105,0.9965649
data/raw/aptos2019/aptos2019/train_images/train_images/3f98be586fe3.png,0.0,1.1788917,0.66453356
data/raw/aptos2019/aptos2019/train_images/train_images/3fa4f4d77177.png,1.0,9.949838,0.9968876
data/raw/aptos2019/aptos2019/train_images/train_images/3fc219927a97.png,1.0,4.189882,0.9190451
data/raw/aptos2019/aptos2019/train_images/train_images/3fd45879afe6.png,0.0,-3.6200154,0.10919267
data/raw/aptos2019/aptos2019/train_images/train_images/3fd7df6099e3.png,1.0,9.94922,0.99688655
data/raw/aptos2019/aptos2019/train_images/train_images/3fe282197c1c.png,0.0,0.6742664,0.59651464
data/raw/aptos2019/aptos2019/train_images/train_images/3ffa14d60b24.png,1.0,9.717811,0.99644107
data/raw/aptos2019/aptos2019/train_images/train_images/40140a925c43.png,1.0,9.9707155,0.99692506
data/raw/aptos2019/aptos2019/train_images/train_images/401fdfd0db07.png,0.0,-0.5029073,0.42761132
data/raw/aptos2019/aptos2019/train_images/train_images/4029d70e9d8a.png,0.0,7.075893,0.98374325
data/raw/aptos2019/aptos2019/train_images/train_images/4036471a1bb7.png,0.0,2.478616,0.8080192
data/raw/aptos2019/aptos2019/train_images/train_images/404ede327e98.png,0.0,-1.2507422,0.32624346
data/raw/aptos2019/aptos2019/train_images/train_images/405085b53d7b.png,0.0,-3.027927,0.14732969
data/raw/aptos2019/aptos2019/train_images/train_images/40527a5e95dd.png,1.0,9.737376,0.99648106
data/raw/aptos2019/aptos2019/train_images/train_images/405b4f78658f.png,1.0,9.673525,0.99634886
data/raw/aptos2019/aptos2019/train_images/train_images/408ea9d5e082.png,1.0,9.612119,0.99621695
data/raw/aptos2019/aptos2019/train_images/train_images/40c24aded50c.png,0.0,0.34298038,0.5495548
data/raw/aptos2019/aptos2019/train_images/train_images/40dd4e6e4444.png,0.0,0.32146135,0.54646426
data/raw/aptos2019/aptos2019/train_images/train_images/40e9b5630438.png,0.0,3.7202141,0.8963316
data/raw/aptos2019/aptos2019/train_images/train_images/41345cec5957.png,0.0,0.26268208,0.5380047
data/raw/aptos2019/aptos2019/train_images/train_images/4134b290f5f3.png,0.0,-8.326539,0.007938782
data/raw/aptos2019/aptos2019/train_images/train_images/4145dcb25053.png,0.0,-6.4383826,0.023357462
data/raw/aptos2019/aptos2019/train_images/train_images/4158c340fa49.png,0.0,-7.2447844,0.014762615
data/raw/aptos2019/aptos2019/train_images/train_images/415d5c5e785f.png,0.0,-2.8906965,0.15760873
data/raw/aptos2019/aptos2019/train_images/train_images/415f2d2bd2a1.png,0.0,-1.1374131,0.34084907
data/raw/aptos2019/aptos2019/train_images/train_images/417f408ee8e0.png,1.0,9.786616,0.9965798
data/raw/aptos2019/aptos2019/train_images/train_images/4189d4e631ec.png,1.0,10.004899,0.99698514
data/raw/aptos2019/aptos2019/train_images/train_images/419406328dcd.png,1.0,9.168132,0.99511176
data/raw/aptos2019/aptos2019/train_images/train_images/41960d5f58c2.png,0.0,-8.458398,0.0073587345
data/raw/aptos2019/aptos2019/train_images/train_images/41ab357d103f.png,0.0,-3.0340493,0.14688429
data/raw/aptos2019/aptos2019/train_images/train_images/4205e9deb058.png,0.0,-5.339421,0.0432731
data/raw/aptos2019/aptos2019/train_images/train_images/4210809074c1.png,0.0,3.15442,0.86164796
data/raw/aptos2019/aptos2019/train_images/train_images/423abbaa5fad.png,1.0,9.775388,0.9965576
data/raw/aptos2019/aptos2019/train_images/train_images/4242c0d87f57.png,1.0,9.911229,0.99681747
data/raw/aptos2019/aptos2019/train_images/train_images/4246ed634f25.png,1.0,9.251943,0.9953425
data/raw/aptos2019/aptos2019/train_images/train_images/4276b82e4489.png,0.0,-3.6646917,0.1066983
data/raw/aptos2019/aptos2019/train_images/train_images/4289af3afbd2.png,1.0,9.896602,0.99679035
data/raw/aptos2019/aptos2019/train_images/train_images/4294a14c656a.png,1.0,9.975974,0.9969343
data/raw/aptos2019/aptos2019/train_images/train_images/42985aa2e32f.png,0.0,1.4464465,0.69819164
data/raw/aptos2019/aptos2019/train_images/train_images/42a67337fa8e.png,1.0,9.699054,0.99640226
data/raw/aptos2019/aptos2019/train_images/train_images/42a850acd2ac.png,1.0,10.052568,0.99706715
data/raw/aptos2019/aptos2019/train_images/train_images/42af7282349b.png,0.0,2.0365274,0.7651008
data/raw/aptos2019/aptos2019/train_images/train_images/42b08dca9b2f.png,1.0,10.0324335,0.99703276
data/raw/aptos2019/aptos2019/train_images/train_images/42b93b574f23.png,1.0,9.811332,0.9966282
data/raw/aptos2019/aptos2019/train_images/train_images/42b9c1977681.png,0.0,-1.3087585,0.31889275
data/raw/aptos2019/aptos2019/train_images/train_images/42c65af5ab16.png,0.0,-1.2351359,0.32823563
data/raw/aptos2019/aptos2019/train_images/train_images/42cc993f23a9.png,1.0,9.067696,0.9948201
data/raw/aptos2019/aptos2019/train_images/train_images/4318b6adeb97.png,0.0,-1.4673654,0.2992586
data/raw/aptos2019/aptos2019/train_images/train_images/4350a1b2f3cb.png,0.0,1.6230156,0.7193182
data/raw/aptos2019/aptos2019/train_images/train_images/435414ccccf7.png,0.0,-6.737868,0.019707408
data/raw/aptos2019/aptos2019/train_images/train_images/435d900fa7b2.png,1.0,10.105962,0.99715626
data/raw/aptos2019/aptos2019/train_images/train_images/4360a112db10.png,1.0,2.7548206,0.83164674
data/raw/aptos2019/aptos2019/train_images/train_images/436e1793d240.png,1.0,-7.1540046,0.015548085
data/raw/aptos2019/aptos2019/train_images/train_images/436e7a7af761.png,0.0,-2.1198606,0.22632657
data/raw/aptos2019/aptos2019/train_images/train_images/436fa3fd145a.png,0.0,-0.7547338,0.39230785
data/raw/aptos2019/aptos2019/train_images/train_images/437900a99871.png,1.0,9.263458,0.9953733
data/raw/aptos2019/aptos2019/train_images/train_images/437cbec4a3f8.png,1.0,9.995362,0.99696857
data/raw/aptos2019/aptos2019/train_images/train_images/43823561c3f0.png,0.0,-1.8834873,0.25122055
data/raw/aptos2019/aptos2019/train_images/train_images/4384fa687afa.png,1.0,9.572727,0.99613
data/raw/aptos2019/aptos2019/train_images/train_images/4393c5bc576a.png,0.0,-0.2938854,0.45750147
data/raw/aptos2019/aptos2019/train_images/train_images/43bc7c066dfb.png,0.0,-2.787931,0.16568232
data/raw/aptos2019/aptos2019/train_images/train_images/43ddd0ab0cc4.png,1.0,9.421402,0.9957766
data/raw/aptos2019/aptos2019/train_images/train_images/43e9c66eb0f3.png,0.0,-8.418239,0.0075307935
data/raw/aptos2019/aptos2019/train_images/train_images/43f22d1be8dd.png,0.0,-1.1248096,0.34249288
data/raw/aptos2019/aptos2019/train_images/train_images/4403538fb50f.png,0.0,0.59653145,0.58562064
data/raw/aptos2019/aptos2019/train_images/train_images/4409965eb2a4.png,0.0,2.4220133,0.80287635
data/raw/aptos2019/aptos2019/train_images/train_images/441117562359.png,1.0,9.917508,0.996829
data/raw/aptos2019/aptos2019/train_images/train_images/441848e0f308.png,0.0,0.5824312,0.5836353
data/raw/aptos2019/aptos2019/train_images/train_images/441affbe99aa.png,1.0,9.969382,0.9969227
data/raw/aptos2019/aptos2019/train_images/train_images/44271f3cb18f.png,0.0,1.6359748,0.7208328
data/raw/aptos2019/aptos2019/train_images/train_images/445a8a6da55c.png,0.0,1.4088441,0.6935775
data/raw/aptos2019/aptos2019/train_images/train_images/4462fba1d2a1.png,1.0,9.356152,0.9956144
data/raw/aptos2019/aptos2019/train_images/train_images/4464bb62bf20.png,0.0,-8.401906,0.0076019075
data/raw/aptos2019/aptos2019/train_images/train_images/4478b870e549.png,1.0,2.8390908,0.83837765
data/raw/aptos2019/aptos2019/train_images/train_images/44855f666225.png,1.0,9.898482,0.9967939
data/raw/aptos2019/aptos2019/train_images/train_images/44878f34e31f.png,0.0,4.140304,0.91688037
data/raw/aptos2019/aptos2019/train_images/train_images/4489d421e5aa.png,1.0,9.99328,0.9969649
data/raw/aptos2019/aptos2019/train_images/train_images/44976c3b11a6.png,0.0,-8.153746,0.008768062
data/raw/aptos2019/aptos2019/train_images/train_images/44a4d04162cc.png,0.0,6.0555887,0.9710061
data/raw/aptos2019/aptos2019/train_images/train_images/44a86263117b.png,0.0,2.00763,0.76207614
data/raw/aptos2019/aptos2019/train_images/train_images/44c869174e3a.png,1.0,9.922697,0.99683845
data/raw/aptos2019/aptos2019/train_images/train_images/44e0d56e9d42.png,1.0,5.2707853,0.955049
data/raw/aptos2019/aptos2019/train_images/train_images/44e951e45dca.png,1.0,9.187242,0.99516535
data/raw/aptos2019/aptos2019/train_images/train_images/44ecf3f4efa5.png,1.0,8.050513,0.9906961
data/raw/aptos2019/aptos2019/train_images/train_images/44f4ae58990e.png,1.0,9.864153,0.9967296
data/raw/aptos2019/aptos2019/train_images/train_images/44f7f3ef9d50.png,0.0,-5.5243144,0.039045673
data/raw/aptos2019/aptos2019/train_images/train_images/4528fbbd43a3.png,0.0,-0.7539751,0.39241275
data/raw/aptos2019/aptos2019/train_images/train_images/45369821d6a3.png,0.0,-4.2602816,0.0779693
data/raw/aptos2019/aptos2019/train_images/train_images/453a1e2754b2.png,1.0,6.9948707,0.9829746
data/raw/aptos2019/aptos2019/train_images/train_images/453d553b0a94.png,1.0,3.1085231,0.85844487
data/raw/aptos2019/aptos2019/train_images/train_images/454792eb6e05.png,0.0,-7.5413566,0.012459331
data/raw/aptos2019/aptos2019/train_images/train_images/454a944eb557.png,0.0,-0.30774873,0.45550707
data/raw/aptos2019/aptos2019/train_images/train_images/4554062fa836.png,0.0,-4.9541526,0.053525057
data/raw/aptos2019/aptos2019/train_images/train_images/45693d027798.png,0.0,-0.12649284,0.48167196
data/raw/aptos2019/aptos2019/train_images/train_images/457c7c927e27.png,1.0,9.879388,0.9967584
data/raw/aptos2019/aptos2019/train_images/train_images/45ae04cfde5d.png,1.0,9.796099,0.99659854
data/raw/aptos2019/aptos2019/train_images/train_images/45c39ab9e797.png,1.0,9.158348,0.995084
data/raw/aptos2019/aptos2019/train_images/train_images/45e4b7eada54.png,0.0,0.99060124,0.6397746
data/raw/aptos2019/aptos2019/train_images/train_images/460893cd86e3.png,1.0,9.675429,0.9963529
data/raw/aptos2019/aptos2019/train_images/train_images/461fa5292fda.png,0.0,1.9121262,0.75189024
data/raw/aptos2019/aptos2019/train_images/train_images/462937ece243.png,0.0,-0.41602868,0.43998373
data/raw/aptos2019/aptos2019/train_images/train_images/465c618f7b23.png,1.0,9.912841,0.99682045
data/raw/aptos2019/aptos2019/train_images/train_images/4661006f3ba6.png,0.0,8.277726,0.99183524
data/raw/aptos2019/aptos2019/train_images/train_images/467b7d9d811c.png,1.0,8.562974,0.99307126
data/raw/aptos2019/aptos2019/train_images/train_images/4689b739d240.png,1.0,3.7426975,0.89753675
data/raw/aptos2019/aptos2019/train_images/train_images/46923eea9a4e.png,1.0,9.927818,0.9968478
data/raw/aptos2019/aptos2019/train_images/train_images/46acc506fa61.png,0.0,-0.95752996,0.3646565
data/raw/aptos2019/aptos2019/train_images/train_images/46c1548d730e.png,1.0,9.551387,0.996082
data/raw/aptos2019/aptos2019/train_images/train_images/46cdc8b685bd.png,1.0,1.33134,0.6839444
data/raw/aptos2019/aptos2019/train_images/train_images/46d3316c4857.png,1.0,9.915893,0.99682605
data/raw/aptos2019/aptos2019/train_images/train_images/46f56c38051f.png,1.0,7.3043456,0.9857313
data/raw/aptos2019/aptos2019/train_images/train_images/4704dbb59536.png,0.0,0.47352374,0.5682135
data/raw/aptos2019/aptos2019/train_images/train_images/4731e708ede3.png,0.0,1.9365354,0.75452113
data/raw/aptos2019/aptos2019/train_images/train_images/475300735b7f.png,0.0,0.852833,0.62116665
data/raw/aptos2019/aptos2019/train_images/train_images/47536db39f00.png,0.0,-8.415696,0.0075418213
data/raw/aptos2019/aptos2019/train_images/train_images/475c7ded0f7a.png,1.0,8.483626,0.99274737
data/raw/aptos2019/aptos2019/train_images/train_images/478fc46eaa49.png,0.0,2.3879583,0.7997325
data/raw/aptos2019/aptos2019/train_images/train_images/47b756014447.png,1.0,9.977832,0.99693763
data/raw/aptos2019/aptos2019/train_images/train_images/47d1603a555b.png,0.0,0.2781037,0.54022646
data/raw/aptos2019/aptos2019/train_images/train_images/47e51065b819.png,1.0,10.014378,0.9970016
data/raw/aptos2019/aptos2019/train_images/train_images/4818672273af.png,1.0,2.0429761,0.7657722
data/raw/aptos2019/aptos2019/train_images/train_images/482088e6be44.png,0.0,0.044775303,0.50649023
data/raw/aptos2019/aptos2019/train_images/train_images/4826d10030b3.png,0.0,2.7848394,0.8340697
data/raw/aptos2019/aptos2019/train_images/train_images/484dbeb9bf2a.png,0.0,-3.2257545,0.13349456
data/raw/aptos2019/aptos2019/train_images/train_images/48543037d0b3.png,1.0,9.7770815,0.9965609
data/raw/aptos2019/aptos2019/train_images/train_images/4860f7813654.png,0.0,-7.369726,0.013745125
data/raw/aptos2019/aptos2019/train_images/train_images/486e852a3b4d.png,0.0,-0.34342384,0.45038152
data/raw/aptos2019/aptos2019/train_images/train_images/48a45619d1a3.png,0.0,0.35969394,0.55195266
data/raw/aptos2019/aptos2019/train_images/train_images/48afe8c47454.png,1.0,9.857776,0.9967175
data/raw/aptos2019/aptos2019/train_images/train_images/48c49f662f7d.png,1.0,9.930066,0.996852
data/raw/aptos2019/aptos2019/train_images/train_images/48c72dec46e5.png,1.0,9.6896515,0.9963827
data/raw/aptos2019/aptos2019/train_images/train_images/48fda42bd5d4.png,1.0,10.045628,0.9970553
data/raw/aptos2019/aptos2019/train_images/train_images/4926dea289f8.png,0.0,2.3301718,0.7943121
data/raw/aptos2019/aptos2019/train_images/train_images/4927945ecfed.png,0.0,-0.37685126,0.44558835
data/raw/aptos2019/aptos2019/train_images/train_images/49386d603494.png,0.0,-1.2560375,0.3255689
data/raw/aptos2019/aptos2019/train_images/train_images/493d99f030e2.png,0.0,-8.24315,0.008328797
data/raw/aptos2019/aptos2019/train_images/train_images/49419f8d5cb4.png,1.0,9.7483635,0.99650335
data/raw/aptos2019/aptos2019/train_images/train_images/494fc9c745a3.png,0.0,8.644801,0.9933902
data/raw/aptos2019/aptos2019/train_images/train_images/495106ae3b68.png,0.0,2.2166393,0.7833483
data/raw/aptos2019/aptos2019/train_images/train_images/495255c7492f.png,0.0,3.4444377,0.8805036
data/raw/aptos2019/aptos2019/train_images/train_images/4958bfcc9f38.png,0.0,-2.24267,0.21410102
data/raw/aptos2019/aptos2019/train_images/train_images/496155f71d0a.png,0.0,-1.7126254,0.27031174
data/raw/aptos2019/aptos2019/train_images/train_images/4982378d72f9.png,0.0,-4.832689,0.057207264
data/raw/aptos2019/aptos2019/train_images/train_images/498f143c0374.png,1.0,10.046915,0.99705756
data/raw/aptos2019/aptos2019/train_images/train_images/499c8df39222.png,1.0,9.8508215,0.9967044
data/raw/aptos2019/aptos2019/train_images/train_images/49a4765f8822.png,1.0,9.646413,0.9962913
data/raw/aptos2019/aptos2019/train_images/train_images/49c5e7f6b8d2.png,0.0,8.662198,0.99345607
data/raw/aptos2019/aptos2019/train_images/train_images/49d69c4c6290.png,1.0,9.957812,0.996902
data/raw/aptos2019/aptos2019/train_images/train_images/49e4b95ee2dc.png,0.0,-4.5483418,0.06677666
data/raw/aptos2019/aptos2019/train_images/train_images/49eb73968c44.png,0.0,0.32581842,0.5470903
data/raw/aptos2019/aptos2019/train_images/train_images/4a05f81b3aba.png,0.0,2.3759882,0.79861856
data/raw/aptos2019/aptos2019/train_images/train_images/4a0890b08532.png,1.0,10.016969,0.9970061
data/raw/aptos2019/aptos2019/train_images/train_images/4a0bba3b7d83.png,1.0,10.047702,0.99705887
data/raw/aptos2019/aptos2019/train_images/train_images/4a1afe4044f4.png,0.0,-0.9048329,0.37176454
data/raw/aptos2019/aptos2019/train_images/train_images/4a213b405ee4.png,0.0,2.2703016,0.7885825
data/raw/aptos2019/aptos2019/train_images/train_images/4a3da369b227.png,1.0,9.53526,0.9960453
data/raw/aptos2019/aptos2019/train_images/train_images/4a44cc840ebe.png,1.0,9.815427,0.9966363
data/raw/aptos2019/aptos2019/train_images/train_images/4a4cb731f91a.png,0.0,3.0130541,0.8515836
data/raw/aptos2019/aptos2019/train_images/train_images/4a558a1cd243.png,1.0,9.888091,0.9967746
data/raw/aptos2019/aptos2019/train_images/train_images/4a589edaea60.png,0.0,3.682784,0.8942975
data/raw/aptos2019/aptos2019/train_images/train_images/4a5a6efc0bef.png,0.0,-0.606493,0.41297844
data/raw/aptos2019/aptos2019/train_images/train_images/4a693dd3921a.png,1.0,9.895639,0.9967886
data/raw/aptos2019/aptos2019/train_images/train_images/4a7dc013e802.png,1.0,9.562549,0.99610716
data/raw/aptos2019/aptos2019/train_images/train_images/4a96c28f3f07.png,0.0,-3.1231673,0.14052649
data/raw/aptos2019/aptos2019/train_images/train_images/4aa07d720638.png,0.0,6.574816,0.97838074
data/raw/aptos2019/aptos2019/train_images/train_images/4aa3d771c5e4.png,0.0,2.7098386,0.8279633
data/raw/aptos2019/aptos2019/train_images/train_images/4ab8c0cece7f.png,0.0,2.6987925,0.82704914
data/raw/aptos2019/aptos2019/train_images/train_images/4abca30b676b.png,1.0,9.986106,0.9969523
data/raw/aptos2019/aptos2019/train_images/train_images/4ad6109706e8.png,1.0,9.8636055,0.99672866
data/raw/aptos2019/aptos2019/train_images/train_images/4ad8d3ec8789.png,0.0,2.3517458,0.7963484
data/raw/aptos2019/aptos2019/train_images/train_images/4b1001050f1d.png,1.0,-6.192477,0.026840933
data/raw/aptos2019/aptos2019/train_images/train_images/4b237b958555.png,0.0,-1.8436426,0.25559145
data/raw/aptos2019/aptos2019/train_images/train_images/4b422b48d0d4.png,1.0,9.936452,0.9968635
data/raw/aptos2019/aptos2019/train_images/train_images/4b5ffea77373.png,1.0,9.855851,0.996714
data/raw/aptos2019/aptos2019/train_images/train_images/4b618537d52f.png,1.0,10.051988,0.9970662
data/raw/aptos2019/aptos2019/train_images/train_images/4b6895d0cf8d.png,0.0,0.3306716,0.5477875
data/raw/aptos2019/aptos2019/train_images/train_images/4b6cb0bcfd44.png,0.0,1.3538321,0.6867568
data/raw/aptos2019/aptos2019/train_images/train_images/4bcee3cbe232.png,0.0,2.4437788,0.80486614
data/raw/aptos2019/aptos2019/train_images/train_images/4bd5d0b30198.png,0.0,0.1696962,0.52457917
data/raw/aptos2019/aptos2019/train_images/train_images/4bd941611343.png,1.0,9.501969,0.9959686
data/raw/aptos2019/aptos2019/train_images/train_images/4beeca5cc859.png,0.0,0.30677643,0.5443531
data/raw/aptos2019/aptos2019/train_images/train_images/4c129470cec4.png,0.0,9.140851,0.9950342
data/raw/aptos2019/aptos2019/train_images/train_images/4c17e85686f0.png,0.0,3.5096352,0.8844244
data/raw/aptos2019/aptos2019/train_images/train_images/4c389d033cb0.png,0.0,-4.729448,0.060522832
data/raw/aptos2019/aptos2019/train_images/train_images/4c3c1ed09771.png,0.0,7.309503,0.9857734
data/raw/aptos2019/aptos2019/train_images/train_images/4c52922f3bfd.png,1.0,9.852868,0.9967083
data/raw/aptos2019/aptos2019/train_images/train_images/4c53cc97ea13.png,0.0,2.207083,0.7824065
data/raw/aptos2019/aptos2019/train_images/train_images/4c570172778b.png,1.0,9.99529,0.99696845
data/raw/aptos2019/aptos2019/train_images/train_images/4c5ab774a381.png,0.0,-2.2354338,0.21480787
data/raw/aptos2019/aptos2019/train_images/train_images/4c60b10a3a6a.png,1.0,9.868772,0.9967384
data/raw/aptos2019/aptos2019/train_images/train_images/4c60f6fcea75.png,0.0,1.9832312,0.75950146
data/raw/aptos2019/aptos2019/train_images/train_images/4c635a01593d.png,0.0,1.9778241,0.75892836
data/raw/aptos2019/aptos2019/train_images/train_images/4c6c5a1bf5ab.png,0.0,2.1047738,0.77213794
data/raw/aptos2019/aptos2019/train_images/train_images/4c78d9d18da9.png,1.0,9.868226,0.9967373
data/raw/aptos2019/aptos2019/train_images/train_images/4c9f0fdaaef7.png,1.0,-1.1116331,0.34421545
data/raw/aptos2019/aptos2019/train_images/train_images/4cae247d9909.png,0.0,3.584517,0.88878906
data/raw/aptos2019/aptos2019/train_images/train_images/4ccee4db09b6.png,0.0,-0.9258521,0.36892247
data/raw/aptos2019/aptos2019/train_images/train_images/4ccfa0b4e96c.png,1.0,8.558711,0.9930542
data/raw/aptos2019/aptos2019/train_images/train_images/4cddfc22b0ad.png,0.0,0.7939947,0.61310583
data/raw/aptos2019/aptos2019/train_images/train_images/4cde86044ad1.png,0.0,1.232612,0.6714416
data/raw/aptos2019/aptos2019/train_images/train_images/4ce74e5eb51d.png,1.0,9.998007,0.99697316
data/raw/aptos2019/aptos2019/train_images/train_images/4cf4d528c08e.png,0.0,-6.657764,0.02062503
data/raw/aptos2019/aptos2019/train_images/train_images/4cfd22ae43d4.png,0.0,2.7448518,0.83083594
data/raw/aptos2019/aptos2019/train_images/train_images/4d009cebabc9.png,1.0,9.11509,0.9949597
data/raw/aptos2019/aptos2019/train_images/train_images/4d167ca69ea8.png,0.0,-6.981253,0.017158069
data/raw/aptos2019/aptos2019/train_images/train_images/4d17559ac1e2.png,0.0,-6.157684,0.02737296
data/raw/aptos2019/aptos2019/train_images/train_images/4d1cf360b2d7.png,1.0,9.859317,0.9967205
data/raw/aptos2019/aptos2019/train_images/train_images/4d1e7def7624.png,0.0,-8.18826,0.008595825
data/raw/aptos2019/aptos2019/train_images/train_images/4d21ce39c905.png,1.0,3.058769,0.8549028
data/raw/aptos2019/aptos2019/train_images/train_images/4d3de40ced3a.png,0.0,-0.9965604,0.35942945
data/raw/aptos2019/aptos2019/train_images/train_images/4d47300e3ddb.png,1.0,9.989088,0.99695754
data/raw/aptos2019/aptos2019/train_images/train_images/4d7d6928534a.png,0.0,3.8970554,0.90547985
data/raw/aptos2019/aptos2019/train_images/train_images/4d9fc85a8259.png,1.0,9.969276,0.99692243
data/raw/aptos2019/aptos2019/train_images/train_images/4da2961e62fe.png,0.0,4.343249,0.9254196
data/raw/aptos2019/aptos2019/train_images/train_images/4da6e2089d57.png,1.0,9.747394,0.99650145
data/raw/aptos2019/aptos2019/train_images/train_images/4dbce359d0e1.png,1.0,10.079604,0.99711263
data/raw/aptos2019/aptos2019/train_images/train_images/4dc2211a1c31.png,1.0,-1.2619694,0.3248141
data/raw/aptos2019/aptos2019/train_images/train_images/4dd14c380696.png,0.0,0.38505423,0.55558634
data/raw/aptos2019/aptos2019/train_images/train_images/4dd4a4bf2421.png,0.0,-2.4711773,0.19265082
data/raw/aptos2019/aptos2019/train_images/train_images/4dd5d5ccddcf.png,0.0,8.79305,0.9939313
data/raw/aptos2019/aptos2019/train_images/train_images/4dd71fc7f22b.png,1.0,8.813069,0.99400085
data/raw/aptos2019/aptos2019/train_images/train_images/4dd7b322f342.png,0.0,1.1581899,0.66185236
data/raw/aptos2019/aptos2019/train_images/train_images/4dd9d29eae5d.png,0.0,-7.2872815,0.014408463
data/raw/aptos2019/aptos2019/train_images/train_images/4df6a81b476e.png,1.0,7.020538,0.9832218
data/raw/aptos2019/aptos2019/train_images/train_images/4e0656629d02.png,0.0,-1.6880448,0.2731322
data/raw/aptos2019/aptos2019/train_images/train_images/4e1e252317b5.png,0.0,0.89294606,0.6266243
data/raw/aptos2019/aptos2019/train_images/train_images/4e231670b48c.png,0.0,-5.0299306,0.05134228
data/raw/aptos2019/aptos2019/train_images/train_images/4e43d05cc2ef.png,1.0,10.01216,0.99699783
data/raw/aptos2019/aptos2019/train_images/train_images/4e4a6224a04e.png,0.0,-1.3878442,0.30901644
data/raw/aptos2019/aptos2019/train_images/train_images/4e54ccfd49b2.png,0.0,-0.13900399,0.47986102
data/raw/aptos2019/aptos2019/train_images/train_images/4e6071b73120.png,0.0,7.4732795,0.9870455
data/raw/aptos2019/aptos2019/train_images/train_images/4e7694eebb91.png,1.0,9.483241,0.9959247
data/raw/aptos2019/aptos2019/train_images/train_images/4e82c3c8d31f.png,0.0,3.5198271,0.8850271
data/raw/aptos2019/aptos2019/train_images/train_images/4e8585a96739.png,0.0,5.5091963,0.96062416
data/raw/aptos2019/aptos2019/train_images/train_images/4e85aa647534.png,0.0,0.20407818,0.5295485
data/raw/aptos2019/aptos2019/train_images/train_images/4eabad7948cf.png,0.0,-0.28007036,0.45949027
data/raw/aptos2019/aptos2019/train_images/train_images/4eaf2f81819d.png,0.0,-4.3830276,0.07300394
data/raw/aptos2019/aptos2019/train_images/train_images/4ec7796df40e.png,0.0,-4.067197,0.086407825
data/raw/aptos2019/aptos2019/train_images/train_images/4ecd1fdd1435.png,0.0,9.263041,0.99537224
data/raw/aptos2019/aptos2019/train_images/train_images/4ed31cc07366.png,1.0,9.606591,0.9962049
data/raw/aptos2019/aptos2019/train_images/train_images/4ee1ad981a6d.png,1.0,7.861099,0.98962724
data/raw/aptos2019/aptos2019/train_images/train_images/4ef0b485a7da.png,1.0,9.914131,0.99682283
data/raw/aptos2019/aptos2019/train_images/train_images/4ef16a53d899.png,0.0,-0.7346198,0.39509177
data/raw/aptos2019/aptos2019/train_images/train_images/4ef7144e24ff.png,0.0,-0.6377017,0.40859854
data/raw/aptos2019/aptos2019/train_images/train_images/4f0866b90c27.png,1.0,9.850144,0.9967031
data/raw/aptos2019/aptos2019/train_images/train_images/4f20f9a9a65b.png,1.0,6.968333,0.9827152
data/raw/aptos2019/aptos2019/train_images/train_images/4f46d7ee61ed.png,1.0,10.033436,0.99703455
data/raw/aptos2019/aptos2019/train_images/train_images/4f5dd7660b17.png,0.0,3.9815867,0.9095922
data/raw/aptos2019/aptos2019/train_images/train_images/4f60129e9a5b.png,1.0,9.944221,0.99687755
data/raw/aptos2019/aptos2019/train_images/train_images/4f6abc40c72d.png,0.0,1.5661669,0.7126152
data/raw/aptos2019/aptos2019/train_images/train_images/4f7755e74a9e.png,0.0,9.132123,0.99500906
data/raw/aptos2019/aptos2019/train_images/train_images/4fa26d065ad3.png,0.0,-1.0547758,0.35169506
data/raw/aptos2019/aptos2019/train_images/train_images/4faf4063db8c.png,0.0,-2.2387905,0.21447979
data/raw/aptos2019/aptos2019/train_images/train_images/4fd5ec0dca09.png,0.0,-1.4567146,0.30055526
data/raw/aptos2019/aptos2019/train_images/train_images/4fef9ed8a4c5.png,1.0,9.937234,0.99686486
data/raw/aptos2019/aptos2019/train_images/train_images/4ffa38550c95.png,0.0,-4.2711473,0.07751758
data/raw/aptos2019/aptos2019/train_images/train_images/500aad15b7c8.png,0.0,-1.1124951,0.34410262
data/raw/aptos2019/aptos2019/train_images/train_images/501c319f7a9f.png,0.0,-1.0708731,0.3495699
data/raw/aptos2019/aptos2019/train_images/train_images/504a69096fcb.png,0.0,-0.12840758,0.48139477
data/raw/aptos2019/aptos2019/train_images/train_images/5056fa7d505f.png,0.0,-1.6195852,0.28108352
data/raw/aptos2019/aptos2019/train_images/train_images/5069feccd866.png,0.0,-4.176046,0.08155379
data/raw/aptos2019/aptos2019/train_images/train_images/5077cdb88aed.png,0.0,-2.4422204,0.1952758
data/raw/aptos2019/aptos2019/train_images/train_images/5078caaf1f57.png,0.0,-0.4030512,0.4418386
data/raw/aptos2019/aptos2019/train_images/train_images/50840c36f0b4.png,0.0,6.2789445,0.9744381
data/raw/aptos2019/aptos2019/train_images/train_images/5090917a2676.png,0.0,3.568076,0.8878433
data/raw/aptos2019/aptos2019/train_images/train_images/50915e2329a1.png,0.0,-2.3984969,0.19929059
data/raw/aptos2019/aptos2019/train_images/train_images/50916d67bb51.png,0.0,-1.587219,0.2848914
data/raw/aptos2019/aptos2019/train_images/train_images/50a2aef380c8.png,1.0,9.8765135,0.9967529
data/raw/aptos2019/aptos2019/train_images/train_images/50d8249f7bc9.png,0.0,-5.8439507,0.032655817
data/raw/aptos2019/aptos2019/train_images/train_images/50d8a8fb7737.png,1.0,9.819789,0.99664474
data/raw/aptos2019/aptos2019/train_images/train_images/50ddd7d976df.png,0.0,-8.18102,0.0086316755
data/raw/aptos2019/aptos2019/train_images/train_images/50f5201fd18a.png,0.0,1.4397082,0.69736767
data/raw/aptos2019/aptos2019/train_images/train_images/51030843fde2.png,1.0,8.810569,0.99399227
data/raw/aptos2019/aptos2019/train_images/train_images/510aa0a898fa.png,1.0,9.787203,0.996581
data/raw/aptos2019/aptos2019/train_images/train_images/511fd66b2df8.png,0.0,-8.477198,0.0072795367
data/raw/aptos2019/aptos2019/train_images/train_images/51269b77d312.png,1.0,10.019404,0.99701035
data/raw/aptos2019/aptos2019/train_images/train_images/513b0a4651fa.png,0.0,1.6600466,0.7236329
data/raw/aptos2019/aptos2019/train_images/train_images/51405d042000.png,1.0,9.733792,0.9964737
data/raw/aptos2019/aptos2019/train_images/train_images/5152bf091152.png,1.0,6.4882894,0.97729367
data/raw/aptos2019/aptos2019/train_images/train_images/5173d54fc214.png,1.0,9.915326,0.996825
data/raw/aptos2019/aptos2019/train_images/train_images/5188a8afa879.png,1.0,1.1919016,0.66621315
data/raw/aptos2019/aptos2019/train_images/train_images/518e880613de.png,1.0,9.891076,0.99678016
data/raw/aptos2019/aptos2019/train_images/train_images/519c6e8f78dc.png,0.0,-7.296426,0.014333366
data/raw/aptos2019/aptos2019/train_images/train_images/51a078d6d43a.png,0.0,1.6232413,0.7193447
data/raw/aptos2019/aptos2019/train_images/train_images/51a1d162e223.png,1.0,9.579496,0.996145
data/raw/aptos2019/aptos2019/train_images/train_images/51aa3361294c.png,0.0,2.2280507,0.7844692
data/raw/aptos2019/aptos2019/train_images/train_images/51af8a689511.png,0.0,-1.2683218,0.32400686
data/raw/aptos2019/aptos2019/train_images/train_images/51af8c112682.png,1.0,9.399731,0.99572337
data/raw/aptos2019/aptos2019/train_images/train_images/51cd8d2057fa.png,0.0,-0.44403797,0.43598595
data/raw/aptos2019/aptos2019/train_images/train_images/51cfeccaf40d.png,1.0,6.5805573,0.978451
data/raw/aptos2019/aptos2019/train_images/train_images/51d0034d177d.png,1.0,9.501231,0.9959668
data/raw/aptos2019/aptos2019/train_images/train_images/51d574513bcb.png,1.0,10.008749,0.9969919
data/raw/aptos2019/aptos2019/train_images/train_images/51d780864365.png,1.0,9.951402,0.9968905
data/raw/aptos2019/aptos2019/train_images/train_images/51da6aebba8f.png,1.0,9.731618,0.9964694
data/raw/aptos2019/aptos2019/train_images/train_images/51e656e5a541.png,0.0,-4.079622,0.08584079
data/raw/aptos2019/aptos2019/train_images/train_images/521b5377a727.png,0.0,-2.5397937,0.18653817
data/raw/aptos2019/aptos2019/train_images/train_images/52230bbef30e.png,1.0,8.438645,0.99255705
data/raw/aptos2019/aptos2019/train_images/train_images/523b3f0fc646.png,0.0,-1.8863579,0.2509076
data/raw/aptos2019/aptos2019/train_images/train_images/523d0c2cb4d6.png,1.0,9.978179,0.9969382
data/raw/aptos2019/aptos2019/train_images/train_images/523ff163211b.png,1.0,8.761468,0.9938199
data/raw/aptos2019/aptos2019/train_images/train_images/524f240e0c90.png,1.0,9.880118,0.9967597
data/raw/aptos2019/aptos2019/train_images/train_images/5257cb536da2.png,0.0,0.7495494,0.60697526
data/raw/aptos2019/aptos2019/train_images/train_images/525acfea47e8.png,1.0,9.85202,0.99670666
data/raw/aptos2019/aptos2019/train_images/train_images/525d0dd8dc45.png,0.0,-1.6558496,0.276854
data/raw/aptos2019/aptos2019/train_images/train_images/5264a54e1830.png,0.0,6.922724,0.98226017
data/raw/aptos2019/aptos2019/train_images/train_images/5265dc9acdf8.png,1.0,8.422431,0.9924873
data/raw/aptos2019/aptos2019/train_images/train_images/527bea76116c.png,1.0,10.101986,0.99714977
data/raw/aptos2019/aptos2019/train_images/train_images/52886bed8a07.png,1.0,9.533678,0.99604166
data/raw/aptos2019/aptos2019/train_images/train_images/5288f7441f64.png,0.0,2.8244655,0.83722526
data/raw/aptos2019/aptos2019/train_images/train_images/5293576816aa.png,0.0,1.9437944,0.75529987
data/raw/aptos2019/aptos2019/train_images/train_images/529906ff9dfa.png,0.0,-0.31576124,0.45435503
data/raw/aptos2019/aptos2019/train_images/train_images/5299a532f0e0.png,0.0,-0.9933494,0.35985824
data/raw/aptos2019/aptos2019/train_images/train_images/52ae917fcea4.png,0.0,9.974953,0.9969325
data/raw/aptos2019/aptos2019/train_images/train_images/52dbec057cc8.png,1.0,2.23687,0.78533256
data/raw/aptos2019/aptos2019/train_images/train_images/52ddde91a349.png,0.0,-1.3205562,0.3174088
data/raw/aptos2019/aptos2019/train_images/train_images/52edbe29d655.png,0.0,-0.7188946,0.39727297
data/raw/aptos2019/aptos2019/train_images/train_images/530d78467615.png,1.0,2.6462357,0.8226465
data/raw/aptos2019/aptos2019/train_images/train_images/531b39880c32.png,0.0,4.6064687,0.93529326
data/raw/aptos2019/aptos2019/train_images/train_images/5321ab64f9ea.png,0.0,-2.8957808,0.15721771
data/raw/aptos2019/aptos2019/train_images/train_images/53273d664cd8.png,0.0,-2.2763746,0.21083106
data/raw/aptos2019/aptos2019/train_images/train_images/5327f88a1919.png,1.0,9.676626,0.9963554
data/raw/aptos2019/aptos2019/train_images/train_images/53327edb9e4d.png,0.0,1.8536786,0.7455142
data/raw/aptos2019/aptos2019/train_images/train_images/5347b4c8e9b3.png,0.0,2.2457054,0.7861949
data/raw/aptos2019/aptos2019/train_images/train_images/535682537302.png,0.0,-1.754573,0.26554114
data/raw/aptos2019/aptos2019/train_images/train_images/53704c80f0d8.png,0.0,9.437489,0.9958156
data/raw/aptos2019/aptos2019/train_images/train_images/537e50fdf22e.png,1.0,10.0789175,0.99711144
data/raw/aptos2019/aptos2019/train_images/train_images/537e5c578f40.png,0.0,1.486795,0.7030986
data/raw/aptos2019/aptos2019/train_images/train_images/53c874dbc594.png,0.0,-5.30642,0.044072255
data/raw/aptos2019/aptos2019/train_images/train_images/53ddae6a619e.png,0.0,-1.4078826,0.306541
data/raw/aptos2019/aptos2019/train_images/train_images/53f6c1c65c04.png,0.0,3.2449222,0.8677858
data/raw/aptos2019/aptos2019/train_images/train_images/54038e56131d.png,0.0,-1.1887645,0.33419147
data/raw/aptos2019/aptos2019/train_images/train_images/540e4973829e.png,0.0,0.6469618,0.59269834
data/raw/aptos2019/aptos2019/train_images/train_images/541db13517e2.png,1.0,9.821352,0.9966478
data/raw/aptos2019/aptos2019/train_images/train_images/542964865b1e.png,0.0,1.7843784,0.73781574
data/raw/aptos2019/aptos2019/train_images/train_images/54334705a34d.png,0.0,-6.4542184,0.023148915
data/raw/aptos2019/aptos2019/train_images/train_images/5445255635f0.png,0.0,-7.8800564,0.010260521
data/raw/aptos2019/aptos2019/train_images/train_images/545df1bbcd61.png,0.0,9.8158045,0.996637
data/raw/aptos2019/aptos2019/train_images/train_images/547b37da9223.png,1.0,9.8331995,0.99667066
data/raw/aptos2019/aptos2019/train_images/train_images/5486da4273d7.png,1.0,9.901403,0.99679935
data/raw/aptos2019/aptos2019/train_images/train_images/549381330191.png,0.0,1.712607,0.7296862
data/raw/aptos2019/aptos2019/train_images/train_images/54b322c66d01.png,0.0,0.42871374,0.56182784
data/raw/aptos2019/aptos2019/train_images/train_images/54bbe3da103e.png,1.0,9.663508,0.9963277
data/raw/aptos2019/aptos2019/train_images/train_images/54bdcdecd8f3.png,0.0,-1.4343848,0.30328414
data/raw/aptos2019/aptos2019/train_images/train_images/54cab3596214.png,1.0,9.546672,0.9960712
data/raw/aptos2019/aptos2019/train_images/train_images/54dc6e8107cd.png,1.0,9.929442,0.9968508
data/raw/aptos2019/aptos2019/train_images/train_images/54f57cf26126.png,0.0,-3.394574,0.12257212
data/raw/aptos2019/aptos2019/train_images/train_images/55034b1dbff2.png,1.0,3.3487747,0.87454313
data/raw/aptos2019/aptos2019/train_images/train_images/55092c0071eb.png,1.0,9.965202,0.9969152
data/raw/aptos2019/aptos2019/train_images/train_images/5511f114e7ee.png,0.0,-5.7355933,0.03469991
data/raw/aptos2019/aptos2019/train_images/train_images/5548a7961a3e.png,0.0,0.9059056,0.6283808
data/raw/aptos2019/aptos2019/train_images/train_images/555d0bef3c5b.png,0.0,2.5900738,0.81784534
data/raw/aptos2019/aptos2019/train_images/train_images/55968f0e63c4.png,0.0,-0.8631485,0.37742686
data/raw/aptos2019/aptos2019/train_images/train_images/55eac26bd383.png,0.0,0.88070583,0.62496233
data/raw/aptos2019/aptos2019/train_images/train_images/55eb405ec71e.png,1.0,9.839198,0.9966821
data/raw/aptos2019/aptos2019/train_images/train_images/55f7f018c61c.png,0.0,-5.074946,0.050085764
data/raw/aptos2019/aptos2019/train_images/train_images/55fd453001cc.png,1.0,4.5137553,0.93196267
data/raw/aptos2019/aptos2019/train_images/train_images/5633ced07d8e.png,0.0,9.639103,0.99627554
data/raw/aptos2019/aptos2019/train_images/train_images/565f3404f9b2.png,0.0,-2.021121,0.23650844
data/raw/aptos2019/aptos2019/train_images/train_images/5671eb95512b.png,0.0,-6.958073,0.017386202
data/raw/aptos2019/aptos2019/train_images/train_images/568455854a11.png,0.0,2.064628,0.7680165
data/raw/aptos2019/aptos2019/train_images/train_images/56e56aa08362.png,1.0,9.863362,0.9967282
data/raw/aptos2019/aptos2019/train_images/train_images/5712e2aa73a2.png,0.0,7.831085,0.989447
data/raw/aptos2019/aptos2019/train_images/train_images/571bbdbf585e.png,0.0,-1.9574329,0.24324152
data/raw/aptos2019/aptos2019/train_images/train_images/5723d0ec895e.png,1.0,-4.7078753,0.061237995
data/raw/aptos2019/aptos2019/train_images/train_images/5728b8aa98ef.png,0.0,-1.9896641,0.23981786
data/raw/aptos2019/aptos2019/train_images/train_images/573ea80a53be.png,0.0,1.9212617,0.7528771
data/raw/aptos2019/aptos2019/train_images/train_images/57469423a012.png,1.0,10.020322,0.9970119
data/raw/aptos2019/aptos2019/train_images/train_images/576e189d23d4.png,1.0,9.914674,0.9968238
data/raw/aptos2019/aptos2019/train_images/train_images/57760be09c03.png,1.0,8.593986,0.99319386
data/raw/aptos2019/aptos2019/train_images/train_images/5777ef74c9ec.png,0.0,2.2112072,0.7828133
data/raw/aptos2019/aptos2019/train_images/train_images/578109578b46.png,0.0,-3.4944484,0.11647879
data/raw/aptos2019/aptos2019/train_images/train_images/57a5e4274275.png,0.0,-5.703743,0.03532386
data/raw/aptos2019/aptos2019/train_images/train_images/57a5f1015504.png,1.0,9.122932,0.9949825
data/raw/aptos2019/aptos2019/train_images/train_images/57a710de68a4.png,0.0,-0.4906655,0.42934957
data/raw/aptos2019/aptos2019/train_images/train_images/57ce57a8cfb0.png,1.0,9.86476,0.9967308
data/raw/aptos2019/aptos2019/train_images/train_images/57db4781e7ec.png,0.0,0.4543277,0.5654806
data/raw/aptos2019/aptos2019/train_images/train_images/57f5ad4b5b29.png,0.0,0.17650466,0.5255636
data/raw/aptos2019/aptos2019/train_images/train_images/57f933d3d7c7.png,1.0,7.32582,0.98590547
data/raw/aptos2019/aptos2019/train_images/train_images/58059e73d2d4.png,0.0,-7.1289134,0.015772352
data/raw/aptos2019/aptos2019/train_images/train_images/5814cbd2e9bf.png,0.0,2.9310038,0.8454695
data/raw/aptos2019/aptos2019/train_images/train_images/58184d6fd087.png,0.0,2.4705617,0.80729365
data/raw/aptos2019/aptos2019/train_images/train_images/582115961a3d.png,0.0,5.304431,0.95587915
data/raw/aptos2019/aptos2019/train_images/train_images/582f739b8f62.png,1.0,9.046548,0.9947566
data/raw/aptos2019/aptos2019/train_images/train_images/58529a8638d0.png,1.0,9.5063505,0.9959787
data/raw/aptos2019/aptos2019/train_images/train_images/586f5c56081e.png,0.0,-1.9778596,0.24106792
data/raw/aptos2019/aptos2019/train_images/train_images/587146a55885.png,0.0,9.517965,0.9960056
data/raw/aptos2019/aptos2019/train_images/train_images/5879285f9d8d.png,0.0,0.1775076,0.5257086
data/raw/aptos2019/aptos2019/train_images/train_images/5889a0c75cac.png,0.0,-3.32995,0.1266594
data/raw/aptos2019/aptos2019/train_images/train_images/58a9e0d7f7af.png,0.0,-1.4823651,0.29743794
data/raw/aptos2019/aptos2019/train_images/train_images/58af2c054ced.png,0.0,-1.141011,0.34038052
data/raw/aptos2019/aptos2019/train_images/train_images/58b866484a05.png,1.0,9.441203,0.9958246
data/raw/aptos2019/aptos2019/train_images/train_images/58c12863f33d.png,0.0,2.7833145,0.83394736
data/raw/aptos2019/aptos2019/train_images/train_images/58ccba7eec9c.png,0.0,8.788453,0.99391526
data/raw/aptos2019/aptos2019/train_images/train_images/58eb3809f456.png,0.0,-0.95634925,0.36481512
data/raw/aptos2019/aptos2019/train_images/train_images/58f07741ee3b.png,0.0,-1.0843518,0.34779495
data/raw/aptos2019/aptos2019/train_images/train_images/5905a9b06a73.png,1.0,9.52887,0.9960306
data/raw/aptos2019/aptos2019/train_images/train_images/594f69b503ad.png,1.0,9.9835005,0.9969477
data/raw/aptos2019/aptos2019/train_images/train_images/596f4fdb0004.png,0.0,-0.7681588,0.39045364
data/raw/aptos2019/aptos2019/train_images/train_images/598b8f5b3822.png,0.0,1.8012694,0.73970586
data/raw/aptos2019/aptos2019/train_images/train_images/59928f999ae7.png,0.0,-4.0767727,0.08597051
data/raw/aptos2019/aptos2019/train_images/train_images/599498e9e4bc.png,0.0,-1.034631,0.3543629
data/raw/aptos2019/aptos2019/train_images/train_images/5995321563b7.png,0.0,-2.8962758,0.15717968
data/raw/aptos2019/aptos2019/train_images/train_images/599b89048034.png,1.0,9.728581,0.99646324
data/raw/aptos2019/aptos2019/train_images/train_images/59bd19c1c5bb.png,0.0,-5.145201,0.04818277
data/raw/aptos2019/aptos2019/train_images/train_images/59e5212f7139.png,0.0,9.574456,0.9961338
data/raw/aptos2019/aptos2019/train_images/train_images/59ee65760535.png,1.0,1.399553,0.6924314
data/raw/aptos2019/aptos2019/train_images/train_images/59f3f70abddd.png,1.0,4.163874,0.91791606
data/raw/aptos2019/aptos2019/train_images/train_images/59fee5bc3479.png,1.0,9.290212,0.9954443
data/raw/aptos2019/aptos2019/train_images/train_images/5a03fe3ed15c.png,1.0,9.588796,0.99616575
data/raw/aptos2019/aptos2019/train_images/train_images/5a091e8cd95c.png,0.0,1.2147788,0.66915643
data/raw/aptos2019/aptos2019/train_images/train_images/5a0fe0ee4301.png,0.0,-1.4476879,0.30165672
data/raw/aptos2019/aptos2019/train_images/train_images/5a11d21c2828.png,1.0,6.1156497,0.9719706
data/raw/aptos2019/aptos2019/train_images/train_images/5a179c123fd8.png,0.0,-4.9884887,0.052525368
data/raw/aptos2019/aptos2019/train_images/train_images/5a27b9b2a9c1.png,0.0,-2.2578933,0.21261954
data/raw/aptos2019/aptos2019/train_images/train_images/5a2c27b95c7c.png,1.0,1.6974142,0.727945
data/raw/aptos2019/aptos2019/train_images/train_images/5a444c32cd9a.png,0.0,2.1060953,0.77227277
data/raw/aptos2019/aptos2019/train_images/train_images/5a5d3798c357.png,1.0,9.40054,0.9957254
data/raw/aptos2019/aptos2019/train_images/train_images/5a93c0f783c4.png,0.0,2.8598044,0.8399985
data/raw/aptos2019/aptos2019/train_images/train_images/5ac7a414560e.png,0.0,1.1686481,0.6632082
data/raw/aptos2019/aptos2019/train_images/train_images/5ad3dabeb2cd.png,0.0,0.695512,0.5994761
data/raw/aptos2019/aptos2019/train_images/train_images/5b068765e846.png,0.0,2.5265677,0.8122953
data/raw/aptos2019/aptos2019/train_images/train_images/5b0e53f53ef3.png,0.0,-1.8717525,0.25250268
data/raw/aptos2019/aptos2019/train_images/train_images/5b1c4cefeb24.png,0.0,-3.9372485,0.0925443
data/raw/aptos2019/aptos2019/train_images/train_images/5b2648ad455e.png,0.0,-3.0973856,0.14234176
data/raw/aptos2019/aptos2019/train_images/train_images/5b301a6d1ac7.png,1.0,6.8713117,0.9817331
data/raw/aptos2019/aptos2019/train_images/train_images/5b32ece9c627.png,0.0,-3.8543346,0.096661605
data/raw/aptos2019/aptos2019/train_images/train_images/5b3d41626ec5.png,0.0,2.5625463,0.81545544
data/raw/aptos2019/aptos2019/train_images/train_images/5b3e7197ac1c.png,1.0,9.953851,0.99689484
data/raw/aptos2019/aptos2019/train_images/train_images/5b47043942f4.png,0.0,-3.6450179,0.10779049
data/raw/aptos2019/aptos2019/train_images/train_images/5b5b80a3edee.png,1.0,9.866923,0.9967349
data/raw/aptos2019/aptos2019/train_images/train_images/5b644a403e1f.png,1.0,10.024842,0.9970197
data/raw/aptos2019/aptos2019/train_images/train_images/5b72ff04333d.png,0.0,9.565329,0.9961133
data/raw/aptos2019/aptos2019/train_images/train_images/5b76117c4bcb.png,1.0,9.892282,0.9967824
data/raw/aptos2019/aptos2019/train_images/train_images/5b804948e35f.png,0.0,9.618066,0.99622995
data/raw/aptos2019/aptos2019/train_images/train_images/5b994ff78547.png,0.0,-5.688467,0.035626933
data/raw/aptos2019/aptos2019/train_images/train_images/5ba156a35ff2.png,0.0,-1.4765228,0.2981463
data/raw/aptos2019/aptos2019/train_images/train_images/5baed382f062.png,0.0,4.4700084,0.93033653
data/raw/aptos2019/aptos2019/train_images/train_images/5bda2ed09e62.png,1.0,8.331363,0.9920832
data/raw/aptos2019/aptos2019/train_images/train_images/5bea250d8bf5.png,0.0,2.0242484,0.7638188
data/raw/aptos2019/aptos2019/train_images/train_images/5bf3357a2823.png,0.0,-0.10806977,0.48433945
data/raw/aptos2019/aptos2019/train_images/train_images/5bf6f2958e53.png,0.0,-2.3619719,0.20269164
data/raw/aptos2019/aptos2019/train_images/train_images/5c6194562ed2.png,1.0,-0.94298905,0.36661208
data/raw/aptos2019/aptos2019/train_images/train_images/5c7ab966a3ee.png,1.0,1.4268438,0.6957911
data/raw/aptos2019/aptos2019/train_images/train_images/5c817060c0ed.png,0.0,-0.9174958,0.37005126
data/raw/aptos2019/aptos2019/train_images/train_images/5c8482926a08.png,1.0,3.6085181,0.89015716
data/raw/aptos2019/aptos2019/train_images/train_images/5c85d22bd0de.png,0.0,1.3859245,0.69074583
data/raw/aptos2019/aptos2019/train_images/train_images/5ca73d28f17f.png,0.0,-1.0672439,0.35004848
data/raw/aptos2019/aptos2019/train_images/train_images/5ca779ace6e7.png,0.0,-2.667595,0.17555374
data/raw/aptos2019/aptos2019/train_images/train_images/5cab3ef4b31c.png,0.0,8.936368,0.9944126
data/raw/aptos2019/aptos2019/train_images/train_images/5cbe88914a72.png,0.0,2.1478555,0.7765031
data/raw/aptos2019/aptos2019/train_images/train_images/5cc6dea19614.png,1.0,9.795078,0.9965965
data/raw/aptos2019/aptos2019/train_images/train_images/5cde55f745af.png,1.0,9.062394,0.9948042
data/raw/aptos2019/aptos2019/train_images/train_images/5ce5eeaf757a.png,0.0,-3.8278244,0.098012164
data/raw/aptos2019/aptos2019/train_images/train_images/5cf9127f251a.png,1.0,8.5384035,0.9929725
data/raw/aptos2019/aptos2019/train_images/train_images/5d024177e214.png,1.0,9.65232,0.9963038
data/raw/aptos2019/aptos2019/train_images/train_images/5d3c8c1f57da.png,0.0,0.20420831,0.52956724
data/raw/aptos2019/aptos2019/train_images/train_images/5d4e5fd34d91.png,0.0,-3.949753,0.0919372
data/raw/aptos2019/aptos2019/train_images/train_images/5d5b5da5f939.png,0.0,1.2504698,0.67372185
data/raw/aptos2019/aptos2019/train_images/train_images/5d6239c0fd39.png,0.0,-4.1123815,0.08436186
data/raw/aptos2019/aptos2019/train_images/train_images/5d74f98d62be.png,1.0,10.051082,0.99706465
data/raw/aptos2019/aptos2019/train_images/train_images/5d9c841eb245.png,0.0,-1.4067249,0.30668372
data/raw/aptos2019/aptos2019/train_images/train_images/5db2e3a4594a.png,0.0,0.33475074,0.54837334
data/raw/aptos2019/aptos2019/train_images/train_images/5db895d3f1fc.png,0.0,-3.9423726,0.09229509
data/raw/aptos2019/aptos2019/train_images/train_images/5dd2e26fc244.png,1.0,9.846743,0.9966966
data/raw/aptos2019/aptos2019/train_images/train_images/5de4615a5161.png,0.0,-0.4136293,0.44032654
data/raw/aptos2019/aptos2019/train_images/train_images/5e18af29d812.png,1.0,8.603765,0.99323213
data/raw/aptos2019/aptos2019/train_images/train_images/5e505e25cd3e.png,0.0,-7.609679,0.011981188
data/raw/aptos2019/aptos2019/train_images/train_images/5e5275ddee29.png,0.0,-2.1278775,0.22551365
data/raw/aptos2019/aptos2019/train_images/train_images/5e52c9fe676f.png,1.0,9.880773,0.9967609
data/raw/aptos2019/aptos2019/train_images/train_images/5e7630f8438e.png,1.0,10.083731,0.99711955
data/raw/aptos2019/aptos2019/train_images/train_images/5e7cc6ab4ac4.png,1.0,9.53752,0.9960504
data/raw/aptos2019/aptos2019/train_images/train_images/5e7db41b3bee.png,1.0,9.645986,0.9962903
data/raw/aptos2019/aptos2019/train_images/train_images/5e97cb2b0888.png,0.0,1.5469295,0.7103254
data/raw/aptos2019/aptos2019/train_images/train_images/5ea9e447bb62.png,0.0,-4.231961,0.07915805
data/raw/aptos2019/aptos2019/train_images/train_images/5ead17e894ae.png,0.0,0.086730294,0.51256967
data/raw/aptos2019/aptos2019/train_images/train_images/5eb311bcb5f9.png,1.0,9.783973,0.99657464
data/raw/aptos2019/aptos2019/train_images/train_images/5eb8fb1aad41.png,0.0,-2.3441792,0.20436405
data/raw/aptos2019/aptos2019/train_images/train_images/5ed6dc419e4d.png,1.0,10.008115,0.9969908
data/raw/aptos2019/aptos2019/train_images/train_images/5efa24b03d5e.png,0.0,4.8616347,0.9436913
data/raw/aptos2019/aptos2019/train_images/train_images/5f13e8a07344.png,1.0,9.941326,0.99687237
data/raw/aptos2019/aptos2019/train_images/train_images/5f4a8c074bd5.png,0.0,-1.2751263,0.3231433
data/raw/aptos2019/aptos2019/train_images/train_images/5f51192841f7.png,0.0,-1.520552,0.29283175
data/raw/aptos2019/aptos2019/train_images/train_images/5f6db235c04d.png,0.0,1.6084923,0.7176149
data/raw/aptos2019/aptos2019/train_images/train_images/5f70ad48a525.png,1.0,9.821758,0.9966485
data/raw/aptos2019/aptos2019/train_images/train_images/5fcff7280019.png,0.0,-3.2284853,0.1333115
data/raw/aptos2019/aptos2019/train_images/train_images/6028a575dc27.png,0.0,5.2193108,0.95375013
data/raw/aptos2019/aptos2019/train_images/train_images/6061f5b7378d.png,1.0,6.4408474,0.97667515
data/raw/aptos2019/aptos2019/train_images/train_images/606daaf0bfc7.png,0.0,-5.4500585,0.04069364
data/raw/aptos2019/aptos2019/train_images/train_images/6089fa333013.png,1.0,9.587816,0.9961635
data/raw/aptos2019/aptos2019/train_images/train_images/609be3ca5ddf.png,0.0,0.4210708,0.5607366
data/raw/aptos2019/aptos2019/train_images/train_images/60aa4e649abf.png,0.0,-8.126449,0.008906697
data/raw/aptos2019/aptos2019/train_images/train_images/60e269e3e188.png,1.0,9.949793,0.9968876
data/raw/aptos2019/aptos2019/train_images/train_images/60edda7b4871.png,0.0,0.15374611,0.5222721
data/raw/aptos2019/aptos2019/train_images/train_images/60eeae3ba23d.png,1.0,9.98822,0.996956
data/raw/aptos2019/aptos2019/train_images/train_images/6107a2e9f60e.png,0.0,-7.9760404,0.009710466
data/raw/aptos2019/aptos2019/train_images/train_images/6110ecb3bb1c.png,0.0,-0.5035103,0.42752573
data/raw/aptos2019/aptos2019/train_images/train_images/612f2df37a1d.png,1.0,9.998088,0.9969733
data/raw/aptos2019/aptos2019/train_images/train_images/613028ede6a0.png,1.0,9.961869,0.9969093
data/raw/aptos2019/aptos2019/train_images/train_images/613bacb35c05.png,0.0,8.247708,0.99169296
data/raw/aptos2019/aptos2019/train_images/train_images/6155cf375354.png,0.0,-2.0480366,0.2337019
data/raw/aptos2019/aptos2019/train_images/train_images/6180920bc224.png,0.0,3.0264509,0.8525628
data/raw/aptos2019/aptos2019/train_images/train_images/6181aa9f75f4.png,1.0,9.40191,0.9957287
data/raw/aptos2019/aptos2019/train_images/train_images/6194e0fff071.png,1.0,9.983523,0.9969477
data/raw/aptos2019/aptos2019/train_images/train_images/61a62b1dcc36.png,0.0,0.55503273,0.5797696
data/raw/aptos2019/aptos2019/train_images/train_images/61ac9b0dc6b9.png,1.0,10.056571,0.9970739
data/raw/aptos2019/aptos2019/train_images/train_images/61bbc11fe503.png,1.0,10.036576,0.99703985
data/raw/aptos2019/aptos2019/train_images/train_images/61bbe8db6f3a.png,0.0,2.2089055,0.7825863
data/raw/aptos2019/aptos2019/train_images/train_images/61c2fbd16e38.png,1.0,8.444821,0.9925835
data/raw/aptos2019/aptos2019/train_images/train_images/61c667663f2f.png,0.0,-2.5894628,0.18220742
data/raw/aptos2019/aptos2019/train_images/train_images/61d9c88a3a4b.png,0.0,-3.0418518,0.14631827
data/raw/aptos2019/aptos2019/train_images/train_images/61da799bf0aa.png,0.0,-4.9240584,0.054415975
data/raw/aptos2019/aptos2019/train_images/train_images/61e301bd3c25.png,1.0,10.025559,0.997021
data/raw/aptos2019/aptos2019/train_images/train_images/61f403fdb434.png,1.0,1.0476358,0.64736044
data/raw/aptos2019/aptos2019/train_images/train_images/62318d514160.png,1.0,9.962822,0.996911
data/raw/aptos2019/aptos2019/train_images/train_images/624fb7317106.png,1.0,10.02488,0.9970198
data/raw/aptos2019/aptos2019/train_images/train_images/6253f23229b1.png,1.0,7.443437,0.98682237
data/raw/aptos2019/aptos2019/train_images/train_images/628b581aa905.png,0.0,-0.18272223,0.4735375
data/raw/aptos2019/aptos2019/train_images/train_images/6294b378d09f.png,0.0,3.0658214,0.85540926
data/raw/aptos2019/aptos2019/train_images/train_images/6298468d7d75.png,0.0,7.3874407,0.9863934
data/raw/aptos2019/aptos2019/train_images/train_images/62ab144d5cee.png,1.0,9.969366,0.99692255
data/raw/aptos2019/aptos2019/train_images/train_images/62b4be2799ca.png,0.0,-1.4276005,0.304116
data/raw/aptos2019/aptos2019/train_images/train_images/62b826899151.png,0.0,-0.92802566,0.3686291
data/raw/aptos2019/aptos2019/train_images/train_images/62cc7ddb53b6.png,1.0,9.411795,0.99575305
data/raw/aptos2019/aptos2019/train_images/train_images/62e6f814c8f5.png,1.0,9.635698,0.9962682
data/raw/aptos2019/aptos2019/train_images/train_images/62ecdc90dd42.png,1.0,9.960928,0.99690753
data/raw/aptos2019/aptos2019/train_images/train_images/6324d77cf926.png,0.0,-3.5758176,0.111710526
data/raw/aptos2019/aptos2019/train_images/train_images/63363410389a.png,0.0,0.24398662,0.5353092
data/raw/aptos2019/aptos2019/train_images/train_images/633fe9dbaf39.png,0.0,-7.8969836,0.0101613235
data/raw/aptos2019/aptos2019/train_images/train_images/6363b360aefb.png,1.0,9.878971,0.99675757
data/raw/aptos2019/aptos2019/train_images/train_images/6377e23928f6.png,0.0,0.7234409,0.6033581
data/raw/aptos2019/aptos2019/train_images/train_images/639915f58a2f.png,0.0,1.3525653,0.6865987
data/raw/aptos2019/aptos2019/train_images/train_images/63a03880939c.png,0.0,-1.0633692,0.35055977
data/raw/aptos2019/aptos2019/train_images/train_images/63b4d030b016.png,1.0,9.898234,0.99679345
data/raw/aptos2019/aptos2019/train_images/train_images/63b71347e95d.png,0.0,0.83132136,0.61822706
data/raw/aptos2019/aptos2019/train_images/train_images/63c0eafd6aa9.png,0.0,-1.661364,0.27621433
data/raw/aptos2019/aptos2019/train_images/train_images/63c3c571b8ee.png,1.0,9.887609,0.99677366
data/raw/aptos2019/aptos2019/train_images/train_images/63c7b0265775.png,0.0,-8.170618,0.008683441
data/raw/aptos2019/aptos2019/train_images/train_images/63d217b059b6.png,1.0,8.095334,0.9909326
data/raw/aptos2019/aptos2019/train_images/train_images/63e041a757eb.png,0.0,-8.380477,0.007696223
data/raw/aptos2019/aptos2019/train_images/train_images/64678182d8a8.png,0.0,3.567887,0.8878324
data/raw/aptos2019/aptos2019/train_images/train_images/64a13949e879.png,1.0,8.884917,0.9942443
data/raw/aptos2019/aptos2019/train_images/train_images/64ac539f58cb.png,0.0,0.39393705,0.5568577
data/raw/aptos2019/aptos2019/train_images/train_images/64b9206afb3f.png,0.0,-1.2443377,0.32706022
data/raw/aptos2019/aptos2019/train_images/train_images/64bad93fde3f.png,1.0,9.863537,0.99672854
data/raw/aptos2019/aptos2019/train_images/train_images/64c6c6ee0d98.png,0.0,-8.109145,0.008995702
data/raw/aptos2019/aptos2019/train_images/train_images/64eb5a79dfdd.png,0.0,3.94021,0.90759975
data/raw/aptos2019/aptos2019/train_images/train_images/64fedbf97473.png,1.0,9.657718,0.9963154
data/raw/aptos2019/aptos2019/train_images/train_images/650104ede84c.png,0.0,-0.36300933,0.447572
data/raw/aptos2019/aptos2019/train_images/train_images/6504b703c429.png,0.0,-1.0428278,0.35327628
data/raw/aptos2019/aptos2019/train_images/train_images/650fbed3fdca.png,1.0,9.368056,0.99564445
data/raw/aptos2019/aptos2019/train_images/train_images/6531070bf03c.png,1.0,9.988658,0.9969567
data/raw/aptos2019/aptos2019/train_images/train_images/653534ded339.png,1.0,9.746129,0.9964988
data/raw/aptos2019/aptos2019/train_images/train_images/655cafb4c932.png,0.0,7.1906457,0.98477376
data/raw/aptos2019/aptos2019/train_images/train_images/657859f893d9.png,1.0,9.708524,0.99642193
data/raw/aptos2019/aptos2019/train_images/train_images/658ad9f09f5d.png,0.0,1.626993,0.71978366
data/raw/aptos2019/aptos2019/train_images/train_images/65a3b13ad9a0.png,0.0,-6.5662994,0.021723986
data/raw/aptos2019/aptos2019/train_images/train_images/65a7fe9482fe.png,0.0,0.9671108,0.63662964
data/raw/aptos2019/aptos2019/train_images/train_images/65c958379680.png,1.0,9.687942,0.9963792
data/raw/aptos2019/aptos2019/train_images/train_images/65cf00be6fb4.png,0.0,2.3855503,0.7995088
data/raw/aptos2019/aptos2019/train_images/train_images/65dda202653d.png,0.0,-7.2219996,0.014956004
data/raw/aptos2019/aptos2019/train_images/train_images/65e120143825.png,1.0,9.955437,0.9968977
data/raw/aptos2019/aptos2019/train_images/train_images/65e51e18242b.png,0.0,-5.585054,0.037745457
data/raw/aptos2019/aptos2019/train_images/train_images/65e530ee2e79.png,1.0,-4.038023,0.087752596
data/raw/aptos2019/aptos2019/train_images/train_images/65e6f1bd9875.png,0.0,-7.545174,0.0124321245
data/raw/aptos2019/aptos2019/train_images/train_images/65f5d2a6eb7e.png,0.0,3.2347684,0.8671089
data/raw/aptos2019/aptos2019/train_images/train_images/65f69234c8a7.png,0.0,-4.5217195,0.067745075
data/raw/aptos2019/aptos2019/train_images/train_images/6630f8675a97.png,1.0,9.035523,0.9947231
data/raw/aptos2019/aptos2019/train_images/train_images/66366a90d1ef.png,0.0,-6.2993836,0.025268396
data/raw/aptos2019/aptos2019/train_images/train_images/66375b3c64db.png,1.0,10.018786,0.99700934
data/raw/aptos2019/aptos2019/train_images/train_images/66393d8c60ba.png,0.0,0.2433518,0.5352176
data/raw/aptos2019/aptos2019/train_images/train_images/663a923d5398.png,1.0,8.5076,0.9928468
data/raw/aptos2019/aptos2019/train_images/train_images/66460ecab347.png,0.0,0.5104863,0.573464
data/raw/aptos2019/aptos2019/train_images/train_images/664b1f9a2087.png,1.0,9.864477,0.9967303
data/raw/aptos2019/aptos2019/train_images/train_images/6653ad026901.png,0.0,1.4619986,0.70008844
data/raw/aptos2019/aptos2019/train_images/train_images/665ce639a331.png,0.0,5.0155826,0.94825107
data/raw/aptos2019/aptos2019/train_images/train_images/6666c4f18396.png,1.0,-5.5709558,0.038043495
data/raw/aptos2019/aptos2019/train_images/train_images/668a319c2d23.png,0.0,-0.21994655,0.46815994
data/raw/aptos2019/aptos2019/train_images/train_images/668e853258cd.png,1.0,1.0148462,0.64300805
data/raw/aptos2019/aptos2019/train_images/train_images/66a0bf258013.png,1.0,4.847542,0.9432555
data/raw/aptos2019/aptos2019/train_images/train_images/66b88a4bc474.png,0.0,-3.8827171,0.09523411
data/raw/aptos2019/aptos2019/train_images/train_images/66bae1ba227f.png,1.0,9.528762,0.9960304
data/raw/aptos2019/aptos2019/train_images/train_images/66bfec8d6bcd.png,0.0,-0.83527005,0.38123268
data/raw/aptos2019/aptos2019/train_images/train_images/66cd9c28e636.png,0.0,7.7768497,0.98911357
data/raw/aptos2019/aptos2019/train_images/train_images/66d2ca47aa44.png,1.0,9.515208,0.9959992
data/raw/aptos2019/aptos2019/train_images/train_images/6733544ae7a6.png,1.0,4.1757417,0.918433
data/raw/aptos2019/aptos2019/train_images/train_images/6735931000ec.png,1.0,9.531842,0.9960375
data/raw/aptos2019/aptos2019/train_images/train_images/674057ab250c.png,1.0,9.008998,0.99464166
data/raw/aptos2019/aptos2019/train_images/train_images/675de69373f8.png,0.0,-0.7031476,0.39946133
data/raw/aptos2019/aptos2019/train_images/train_images/6762b2b48ea5.png,0.0,3.0313752,0.8529213
data/raw/aptos2019/aptos2019/train_images/train_images/677f087cd697.png,0.0,3.932697,0.90723383
data/raw/aptos2019/aptos2019/train_images/train_images/67844c46bc61.png,1.0,9.992457,0.99696344
data/raw/aptos2019/aptos2019/train_images/train_images/67c03349bb31.png,1.0,7.8317504,0.9894511
data/raw/aptos2019/aptos2019/train_images/train_images/67d8f94f04e0.png,0.0,-0.65632373,0.40599185
data/raw/aptos2019/aptos2019/train_images/train_images/67ed8cc78b97.png,0.0,-2.4835908,0.19153377
data/raw/aptos2019/aptos2019/train_images/train_images/67f5d89da548.png,0.0,4.897577,0.9447885
data/raw/aptos2019/aptos2019/train_images/train_images/6810410187a0.png,1.0,9.801941,0.99660987
data/raw/aptos2019/aptos2019/train_images/train_images/681c3c115684.png,1.0,7.383147,0.98636
data/raw/aptos2019/aptos2019/train_images/train_images/682312e82ee3.png,0.0,-8.345815,0.007851241
data/raw/aptos2019/aptos2019/train_images/train_images/683023cda6a5.png,0.0,-4.055858,0.08692826
data/raw/aptos2019/aptos2019/train_images/train_images/68332fdcaa70.png,0.0,7.6349387,0.988191
data/raw/aptos2019/aptos2019/train_images/train_images/684dd88a0d49.png,0.0,-2.0476139,0.23374581
data/raw/aptos2019/aptos2019/train_images/train_images/6852f4531591.png,0.0,1.0210949,0.64383936
data/raw/aptos2019/aptos2019/train_images/train_images/686ed1dbae20.png,1.0,8.947446,0.99444807
data/raw/aptos2019/aptos2019/train_images/train_images/687759336b0d.png,1.0,9.812075,0.9966298
data/raw/aptos2019/aptos2019/train_images/train_images/6889bc64ab09.png,1.0,9.883489,0.996766
data/raw/aptos2019/aptos2019/train_images/train_images/68987fb159ab.png,0.0,-0.4785038,0.43107817
data/raw/aptos2019/aptos2019/train_images/train_images/68ddb15a74de.png,0.0,0.4910542,0.57070565
data/raw/aptos2019/aptos2019/train_images/train_images/691eeb59b4cb.png,0.0,-2.041014,0.23443195
data/raw/aptos2019/aptos2019/train_images/train_images/692e946b1f85.png,0.0,0.9935837,0.640173
data/raw/aptos2019/aptos2019/train_images/train_images/69591ebb198d.png,1.0,2.1173594,0.7734194
data/raw/aptos2019/aptos2019/train_images/train_images/6966abf40b8c.png,0.0,-2.8028793,0.16448767
data/raw/aptos2019/aptos2019/train_images/train_images/697538183db5.png,1.0,9.018443,0.9946708
data/raw/aptos2019/aptos2019/train_images/train_images/6987804eb464.png,1.0,9.936097,0.9968629
data/raw/aptos2019/aptos2019/train_images/train_images/698d6e422a80.png,1.0,9.965924,0.99691653
data/raw/aptos2019/aptos2019/train_images/train_images/69b3a00927fc.png,0.0,-0.95852643,0.3645226
data/raw/aptos2019/aptos2019/train_images/train_images/69c4cbb630de.png,0.0,-3.3052747,0.12825054
data/raw/aptos2019/aptos2019/train_images/train_images/69df7ade0575.png,1.0,7.611792,0.9880333
data/raw/aptos2019/aptos2019/train_images/train_images/69f43381317b.png,0.0,-6.1002707,0.028273348
data/raw/aptos2019/aptos2019/train_images/train_images/69fff98cb32a.png,1.0,7.379109,0.9863284
data/raw/aptos2019/aptos2019/train_images/train_images/6a244e855d0e.png,1.0,9.86221,0.9967259
data/raw/aptos2019/aptos2019/train_images/train_images/6a2642131e4a.png,0.0,-2.830059,0.16233322
data/raw/aptos2019/aptos2019/train_images/train_images/6a2c3f4ef329.png,0.0,-5.081447,0.04990672
data/raw/aptos2019/aptos2019/train_images/train_images/6a57a3db3eff.png,0.0,0.82699573,0.6176349
data/raw/aptos2019/aptos2019/train_images/train_images/6a905a7202d2.png,0.0,0.07853063,0.51138175
data/raw/aptos2019/aptos2019/train_images/train_images/6a91eb157f47.png,1.0,9.835368,0.9966748
data/raw/aptos2019/aptos2019/train_images/train_images/6af071b0ac6e.png,0.0,-7.6767945,0.011529161
data/raw/aptos2019/aptos2019/train_images/train_images/6b07971c3bf6.png,0.0,3.6211169,0.8908694
data/raw/aptos2019/aptos2019/train_images/train_images/6b128e648646.png,1.0,9.760654,0.9965281
data/raw/aptos2019/aptos2019/train_images/train_images/6b30767595d8.png,0.0,-3.228309,0.13332333
data/raw/aptos2019/aptos2019/train_images/train_images/6b3860e8f64f.png,0.0,1.4445201,0.6979562
data/raw/aptos2019/aptos2019/train_images/train_images/6b664ed2a938.png,0.0,-5.567312,0.038120896
data/raw/aptos2019/aptos2019/train_images/train_images/6b66b0e86f7e.png,0.0,0.5451472,0.5783725
data/raw/aptos2019/aptos2019/train_images/train_images/6b7cf869622a.png,1.0,5.8796434,0.96799165
data/raw/aptos2019/aptos2019/train_images/train_images/6b869f37cdf3.png,1.0,9.395921,0.99571395
data/raw/aptos2019/aptos2019/train_images/train_images/6b91e99c9408.png,0.0,2.0821936,0.76982623
data/raw/aptos2019/aptos2019/train_images/train_images/6ba5ed791444.png,1.0,9.920563,0.9968346
data/raw/aptos2019/aptos2019/train_images/train_images/6baafa56895c.png,1.0,9.749463,0.9965056
data/raw/aptos2019/aptos2019/train_images/train_images/6bb30ec3231a.png,0.0,-5.266749,0.045051582
data/raw/aptos2019/aptos2019/train_images/train_images/6bcce181be65.png,0.0,-8.218548,0.008447448
data/raw/aptos2019/aptos2019/train_images/train_images/6bf26b777e3a.png,0.0,-7.633843,0.011816461
data/raw/aptos2019/aptos2019/train_images/train_images/6bf2a81a5d91.png,0.0,-2.774084,0.16679516
data/raw/aptos2019/aptos2019/train_images/train_images/6c00dd8bf708.png,0.0,3.492295,0.88339263
data/raw/aptos2019/aptos2019/train_images/train_images/6c250a30593b.png,1.0,9.548829,0.99607617
data/raw/aptos2019/aptos2019/train_images/train_images/6c2555a9cae4.png,1.0,9.896546,0.99679035
data/raw/aptos2019/aptos2019/train_images/train_images/6c30dd481717.png,0.0,-5.634278,0.03672237
data/raw/aptos2019/aptos2019/train_images/train_images/6c315ad3d07f.png,1.0,10.0085,0.9969914
data/raw/aptos2019/aptos2019/train_images/train_images/6c3589d7ed8d.png,0.0,-3.1100018,0.14145103
data/raw/aptos2019/aptos2019/train_images/train_images/6c4ec95dd8ba.png,0.0,-7.1594768,0.015499595
data/raw/aptos2019/aptos2019/train_images/train_images/6c6505a0c637.png,0.0,1.936918,0.7545622
data/raw/aptos2019/aptos2019/train_images/train_images/6c6efb6b1358.png,0.0,9.878864,0.9967573
data/raw/aptos2019/aptos2019/train_images/train_images/6c9c902a97de.png,0.0,3.2065809,0.86521417
data/raw/aptos2019/aptos2019/train_images/train_images/6cb96a6fb029.png,0.0,0.7895736,0.6124976
data/raw/aptos2019/aptos2019/train_images/train_images/6cbc3dad809c.png,1.0,8.958291,0.99448276
data/raw/aptos2019/aptos2019/train_images/train_images/6ccfdb031184.png,0.0,-4.9770203,0.0528573
data/raw/aptos2019/aptos2019/train_images/train_images/6cd606dc52e9.png,1.0,4.3033247,0.9238062
data/raw/aptos2019/aptos2019/train_images/train_images/6cdd0f985270.png,0.0,10.023775,0.997018
data/raw/aptos2019/aptos2019/train_images/train_images/6cee2e148520.png,0.0,-7.4426227,0.013183756
data/raw/aptos2019/aptos2019/train_images/train_images/6cfb7b44ef6f.png,1.0,7.6697736,0.9884243
data/raw/aptos2019/aptos2019/train_images/train_images/6cffc6c6851a.png,0.0,1.0841238,0.65217507
data/raw/aptos2019/aptos2019/train_images/train_images/6d0c0531083f.png,1.0,10.042329,0.9970497
data/raw/aptos2019/aptos2019/train_images/train_images/6d10709053ae.png,0.0,0.08915102,0.5129203
data/raw/aptos2019/aptos2019/train_images/train_images/6d259b5b4c76.png,1.0,9.6644945,0.9963297
data/raw/aptos2019/aptos2019/train_images/train_images/6d292ca4c9ad.png,0.0,1.6085464,0.71762127
data/raw/aptos2019/aptos2019/train_images/train_images/6d3d1fe6c32a.png,1.0,6.135082,0.9722759
data/raw/aptos2019/aptos2019/train_images/train_images/6d454444f17c.png,1.0,9.87599,0.996752
data/raw/aptos2019/aptos2019/train_images/train_images/6d4f6c9a8406.png,0.0,3.41768,0.8788615
data/raw/aptos2019/aptos2019/train_images/train_images/6d5a8362dd1e.png,0.0,-6.4941697,0.022630826
data/raw/aptos2019/aptos2019/train_images/train_images/6d6be4cfc73f.png,0.0,2.0815115,0.7697561
data/raw/aptos2019/aptos2019/train_images/train_images/6d6fcf49e515.png,0.0,-1.9382325,0.24529666
data/raw/aptos2019/aptos2019/train_images/train_images/6d7d26025122.png,1.0,-0.2919933,0.4577738
data/raw/aptos2019/aptos2019/train_images/train_images/6d9effbcde78.png,0.0,-7.644256,0.011746167
data/raw/aptos2019/aptos2019/train_images/train_images/6daef3e5ca22.png,1.0,8.836723,0.99408215
data/raw/aptos2019/aptos2019/train_images/train_images/6dc0281f11e3.png,0.0,2.8062465,0.83578044
data/raw/aptos2019/aptos2019/train_images/train_images/6dc07f968794.png,0.0,0.25274307,0.5365719
data/raw/aptos2019/aptos2019/train_images/train_images/6dcde47060f9.png,1.0,6.1037064,0.9717814
data/raw/aptos2019/aptos2019/train_images/train_images/6de39b94f634.png,0.0,-3.0190606,0.14797668
data/raw/aptos2019/aptos2019/train_images/train_images/6df8b7b6e837.png,0.0,-7.228276,0.0149024865
data/raw/aptos2019/aptos2019/train_images/train_images/6dfd80748e72.png,1.0,9.739892,0.9964862
data/raw/aptos2019/aptos2019/train_images/train_images/6e018411ba4a.png,0.0,-8.111243,0.008984865
data/raw/aptos2019/aptos2019/train_images/train_images/6e092b306fe1.png,1.0,-5.0498166,0.050783563
data/raw/aptos2019/aptos2019/train_images/train_images/6e092caa065f.png,0.0,-1.6820627,0.27382138
data/raw/aptos2019/aptos2019/train_images/train_images/6e0f78e188ff.png,0.0,-8.303363,0.008045326
data/raw/aptos2019/aptos2019/train_images/train_images/6e1db8711879.png,0.0,-7.640417,0.011772034
data/raw/aptos2019/aptos2019/train_images/train_images/6e3526053de0.png,0.0,-0.17699786,0.47436512
data/raw/aptos2019/aptos2019/train_images/train_images/6e44f6d04fc9.png,0.0,0.35302073,0.5509956
data/raw/aptos2019/aptos2019/train_images/train_images/6e68e742f5bc.png,1.0,2.1976807,0.78147686
data/raw/aptos2019/aptos2019/train_images/train_images/6e73acb2cf60.png,1.0,9.552942,0.9960854
data/raw/aptos2019/aptos2019/train_images/train_images/6e861bc3bd7b.png,0.0,-1.0242761,0.3557378
data/raw/aptos2019/aptos2019/train_images/train_images/6e92b1c5ac8e.png,1.0,9.867048,0.99673516
data/raw/aptos2019/aptos2019/train_images/train_images/6ea07d19b4ce.png,0.0,4.2528925,0.9217222
data/raw/aptos2019/aptos2019/train_images/train_images/6efa36d59ada.png,1.0,2.748309,0.83111745
data/raw/aptos2019/aptos2019/train_images/train_images/6f0463c1ff18.png,1.0,8.2907915,0.99189633
data/raw/aptos2019/aptos2019/train_images/train_images/6f0e5848d9ce.png,0.0,-3.8906512,0.09483845
data/raw/aptos2019/aptos2019/train_images/train_images/6f3b62e5b7f5.png,0.0,6.848349,0.9814928
data/raw/aptos2019/aptos2019/train_images/train_images/6f460f9968c7.png,0.0,1.5995156,0.71655893
data/raw/aptos2019/aptos2019/train_images/train_images/6f4719c6bb4b.png,1.0,9.524625,0.996021
data/raw/aptos2019/aptos2019/train_images/train_images/6f4e0538d1e4.png,1.0,9.96691,0.9969182
data/raw/aptos2019/aptos2019/train_images/train_images/6f689fced922.png,0.0,-1.3842682,0.30945936
data/raw/aptos2019/aptos2019/train_images/train_images/6f923b60934b.png,1.0,8.456443,0.9926329
data/raw/aptos2019/aptos2019/train_images/train_images/6fb656d506b2.png,1.0,9.952754,0.9968929
data/raw/aptos2019/aptos2019/train_images/train_images/6fbaaf8eb67a.png,0.0,2.684298,0.8258437
data/raw/aptos2019/aptos2019/train_images/train_images/6fe4751a3b42.png,0.0,-2.0135825,0.23729865
data/raw/aptos2019/aptos2019/train_images/train_images/6fe67482bfae.png,1.0,9.942645,0.9968747
data/raw/aptos2019/aptos2019/train_images/train_images/6fe67fd7f5d1.png,0.0,4.164109,0.9179263
data/raw/aptos2019/aptos2019/train_images/train_images/702de9dcde32.png,1.0,9.452969,0.9958528
data/raw/aptos2019/aptos2019/train_images/train_images/705f508d1e42.png,0.0,-4.574901,0.06582334
data/raw/aptos2019/aptos2019/train_images/train_images/709784f7fcc2.png,1.0,9.956891,0.9969003
data/raw/aptos2019/aptos2019/train_images/train_images/70d0392397de.png,0.0,-7.7948074,0.010774846
data/raw/aptos2019/aptos2019/train_images/train_images/70d657f8f503.png,1.0,10.003581,0.9969829
data/raw/aptos2019/aptos2019/train_images/train_images/70ed3ec68b94.png,1.0,9.951248,0.99689025
data/raw/aptos2019/aptos2019/train_images/train_images/70f5caf5f305.png,1.0,9.677272,0.9963567
data/raw/aptos2019/aptos2019/train_images/train_images/7102f29e052e.png,1.0,10.001826,0.9969798
data/raw/aptos2019/aptos2019/train_images/train_images/710b05a96e0f.png,1.0,9.680047,0.9963626
data/raw/aptos2019/aptos2019/train_images/train_images/7116128c65ab.png,0.0,3.3965158,0.87754893
data/raw/aptos2019/aptos2019/train_images/train_images/711d1480d2e3.png,1.0,9.81148,0.9966286
data/raw/aptos2019/aptos2019/train_images/train_images/7131bf4c9e6f.png,0.0,4.007128,0.9108027
data/raw/aptos2019/aptos2019/train_images/train_images/7179f85bfd6f.png,0.0,1.6311532,0.7202699
data/raw/aptos2019/aptos2019/train_images/train_images/71a39c660432.png,1.0,9.998816,0.9969746
data/raw/aptos2019/aptos2019/train_images/train_images/71c1a3cdbe47.png,0.0,4.1799197,0.9186143
data/raw/aptos2019/aptos2019/train_images/train_images/71c22da3d6c6.png,0.0,-2.4693046,0.19281979
data/raw/aptos2019/aptos2019/train_images/train_images/71e4130bf5c8.png,1.0,9.958114,0.9969025
data/raw/aptos2019/aptos2019/train_images/train_images/71e43b4f8ba6.png,0.0,-1.1507113,0.33911884
data/raw/aptos2019/aptos2019/train_images/train_images/71f6a6e4620a.png,0.0,8.681088,0.99352694
data/raw/aptos2019/aptos2019/train_images/train_images/720b5f62ce80.png,0.0,1.0757182,0.6510686
data/raw/aptos2019/aptos2019/train_images/train_images/721214151233.png,0.0,1.3569037,0.6871398
data/raw/aptos2019/aptos2019/train_images/train_images/7214fc7cbe03.png,0.0,-1.9406576,0.24503644
data/raw/aptos2019/aptos2019/train_images/train_images/7247a2c97f71.png,1.0,9.80339,0.9966127
data/raw/aptos2019/aptos2019/train_images/train_images/72595230840c.png,1.0,9.686492,0.9963761
data/raw/aptos2019/aptos2019/train_images/train_images/72606afaf3da.png,0.0,-2.1962602,0.2186638
data/raw/aptos2019/aptos2019/train_images/train_images/7269a1d84a57.png,0.0,-3.7079604,0.10433048
data/raw/aptos2019/aptos2019/train_images/train_images/726dff37edc0.png,0.0,1.9561515,0.7566217
data/raw/aptos2019/aptos2019/train_images/train_images/7270367410a1.png,1.0,9.729435,0.99646485
data/raw/aptos2019/aptos2019/train_images/train_images/72a867980067.png,0.0,2.286115,0.7901071
data/raw/aptos2019/aptos2019/train_images/train_images/72c31aa48e2c.png,0.0,1.5539062,0.711157
data/raw/aptos2019/aptos2019/train_images/train_images/72d98188648f.png,1.0,9.816506,0.9966383
data/raw/aptos2019/aptos2019/train_images/train_images/731b19a460ad.png,1.0,9.654214,0.99630797
data/raw/aptos2019/aptos2019/train_images/train_images/7335a2d43ada.png,0.0,9.965718,0.9969162
data/raw/aptos2019/aptos2019/train_images/train_images/7347bd23ba80.png,0.0,-2.106907,0.22764446
data/raw/aptos2019/aptos2019/train_images/train_images/7347f5133a6a.png,0.0,8.135238,0.99113816
data/raw/aptos2019/aptos2019/train_images/train_images/7350c50667c5.png,1.0,9.424878,0.99578494
data/raw/aptos2019/aptos2019/train_images/train_images/7356dd08b0ae.png,1.0,9.994224,0.99696654
data/raw/aptos2019/aptos2019/train_images/train_images/735836b1ffa6.png,0.0,8.701669,0.99360317
data/raw/aptos2019/aptos2019/train_images/train_images/737ef6226677.png,0.0,-2.4128988,0.19796135
data/raw/aptos2019/aptos2019/train_images/train_images/73881f55a3ec.png,0.0,9.778327,0.9965634
data/raw/aptos2019/aptos2019/train_images/train_images/73a07e2ea23e.png,0.0,5.329342,0.95648426
data/raw/aptos2019/aptos2019/train_images/train_images/73ba798fee25.png,0.0,0.6616468,0.59475225
data/raw/aptos2019/aptos2019/train_images/train_images/73d40ce06a67.png,0.0,-3.6704614,0.10637985
data/raw/aptos2019/aptos2019/train_images/train_images/73e83a07a16d.png,1.0,8.3784685,0.9922949
data/raw/aptos2019/aptos2019/train_images/train_images/73ef3c3dcbe4.png,0.0,-8.341873,0.007869065
data/raw/aptos2019/aptos2019/train_images/train_images/74211a2b6dcf.png,0.0,-7.644299,0.0117458785
data/raw/aptos2019/aptos2019/train_images/train_images/7427dedafccf.png,0.0,9.854618,0.9967116
data/raw/aptos2019/aptos2019/train_images/train_images/7435e9a3e36e.png,0.0,-8.052119,0.009295313
data/raw/aptos2019/aptos2019/train_images/train_images/74418f620068.png,1.0,7.714947,0.98872024
data/raw/aptos2019/aptos2019/train_images/train_images/7455e2b5fc57.png,1.0,9.043003,0.99474585
data/raw/aptos2019/aptos2019/train_images/train_images/74898f372d2b.png,0.0,-8.109633,0.008993177
data/raw/aptos2019/aptos2019/train_images/train_images/74eee788edee.png,1.0,10.035576,0.99703825
data/raw/aptos2019/aptos2019/train_images/train_images/750e0168399d.png,0.0,-7.506082,0.012713517
data/raw/aptos2019/aptos2019/train_images/train_images/75238d945315.png,0.0,-2.6254494,0.17911878
data/raw/aptos2019/aptos2019/train_images/train_images/7526c59c36d3.png,0.0,0.7202191,0.6029109
data/raw/aptos2019/aptos2019/train_images/train_images/7526cf435753.png,0.0,-1.1587765,0.33807153
data/raw/aptos2019/aptos2019/train_images/train_images/75369248dba0.png,0.0,-2.4817605,0.19169818
data/raw/aptos2019/aptos2019/train_images/train_images/753b14c27c83.png,1.0,0.820082,0.6166877
data/raw/aptos2019/aptos2019/train_images/train_images/7550966ef777.png,1.0,9.575977,0.9961372
data/raw/aptos2019/aptos2019/train_images/train_images/7569ac24762e.png,0.0,-0.5055831,0.42723164
data/raw/aptos2019/aptos2019/train_images/train_images/756b0d6488bb.png,0.0,7.1617484,0.9845205
data/raw/aptos2019/aptos2019/train_images/train_images/757572337fd0.png,1.0,9.884006,0.9967669
data/raw/aptos2019/aptos2019/train_images/train_images/757e39293591.png,0.0,-2.6633341,0.17591159
data/raw/aptos2019/aptos2019/train_images/train_images/75a071608ea6.png,0.0,-0.2557474,0.46299493
data/raw/aptos2019/aptos2019/train_images/train_images/75a4343b12f9.png,0.0,6.4405494,0.97667116
data/raw/aptos2019/aptos2019/train_images/train_images/75a7bc945b7d.png,1.0,10.019879,0.9970112
data/raw/aptos2019/aptos2019/train_images/train_images/75c180e04f65.png,0.0,-3.237747,0.13269226
data/raw/aptos2019/aptos2019/train_images/train_images/75ed83dbccce.png,0.0,-0.37250614,0.44621092
data/raw/aptos2019/aptos2019/train_images/train_images/76095c338728.png,0.0,-2.4901483,0.1909457
data/raw/aptos2019/aptos2019/train_images/train_images/760b6f4c6d82.png,1.0,10.013053,0.9969994
data/raw/aptos2019/aptos2019/train_images/train_images/762d6e5d5068.png,1.0,9.471415,0.9958968
data/raw/aptos2019/aptos2019/train_images/train_images/7635921c5efb.png,0.0,-2.5941904,0.1817993
data/raw/aptos2019/aptos2019/train_images/train_images/763ad1236efe.png,0.0,1.2066768,0.66811556
data/raw/aptos2019/aptos2019/train_images/train_images/76516f828d88.png,0.0,0.096790835,0.514027
data/raw/aptos2019/aptos2019/train_images/train_images/7663aba8d762.png,1.0,9.355965,0.99561393
data/raw/aptos2019/aptos2019/train_images/train_images/767d777ee889.png,0.0,0.15342446,0.5222256
data/raw/aptos2019/aptos2019/train_images/train_images/76b950c6ed5e.png,0.0,-6.3268237,0.024879465
data/raw/aptos2019/aptos2019/train_images/train_images/76bc31e0d3be.png,0.0,-7.408052,0.013447105
data/raw/aptos2019/aptos2019/train_images/train_images/76be29bb30b2.png,0.0,-1.9705856,0.2418404
data/raw/aptos2019/aptos2019/train_images/train_images/76c0c7e1b6cb.png,1.0,7.4439626,0.9868263
data/raw/aptos2019/aptos2019/train_images/train_images/76cab26493f1.png,0.0,1.240205,0.67241216
data/raw/aptos2019/aptos2019/train_images/train_images/76cb010f7aa0.png,0.0,-3.8495328,0.096905
data/raw/aptos2019/aptos2019/train_images/train_images/76df141d966b.png,0.0,1.0080193,0.64209884
data/raw/aptos2019/aptos2019/train_images/train_images/76e589911303.png,0.0,9.114929,0.99495935
data/raw/aptos2019/aptos2019/train_images/train_images/76e5b50f95a7.png,0.0,-1.3935477,0.30831075
data/raw/aptos2019/aptos2019/train_images/train_images/76e6a9238570.png,1.0,9.892749,0.99678326
data/raw/aptos2019/aptos2019/train_images/train_images/76f3473df8a6.png,0.0,-2.356528,0.20320225
data/raw/aptos2019/aptos2019/train_images/train_images/76fe19ff64fb.png,1.0,7.6122484,0.9880364
data/raw/aptos2019/aptos2019/train_images/train_images/772af553b8b7.png,1.0,9.884348,0.99676764
data/raw/aptos2019/aptos2019/train_images/train_images/7743f4e04a6d.png,1.0,9.825774,0.9966563
data/raw/aptos2019/aptos2019/train_images/train_images/77543f66a84a.png,1.0,9.970499,0.9969246
data/raw/aptos2019/aptos2019/train_images/train_images/77a1f1398fdb.png,0.0,-8.328861,0.007928184
data/raw/aptos2019/aptos2019/train_images/train_images/77ab222bf85c.png,0.0,-0.5792421,0.41681424
data/raw/aptos2019/aptos2019/train_images/train_images/77acc2cafee1.png,0.0,-3.7875757,0.10009479
data/raw/aptos2019/aptos2019/train_images/train_images/77b7b71ebcc3.png,0.0,0.07355755,0.5106612
data/raw/aptos2019/aptos2019/train_images/train_images/77baa08a1345.png,1.0,8.7619,0.9938214
data/raw/aptos2019/aptos2019/train_images/train_images/77e15f213b04.png,0.0,-6.4544024,0.023146499
data/raw/aptos2019/aptos2019/train_images/train_images/77e7c7a160c8.png,1.0,2.9303658,0.8454212
data/raw/aptos2019/aptos2019/train_images/train_images/77f69c7ff324.png,1.0,3.5461497,0.886571
data/raw/aptos2019/aptos2019/train_images/train_images/780be525036d.png,0.0,3.3541431,0.87488425
data/raw/aptos2019/aptos2019/train_images/train_images/780f9c237c56.png,0.0,-0.35815078,0.4482686
data/raw/aptos2019/aptos2019/train_images/train_images/780f9daaa24b.png,0.0,-1.3691574,0.3113348
data/raw/aptos2019/aptos2019/train_images/train_images/7828dd083cdc.png,0.0,1.0680879,0.6500629
data/raw/aptos2019/aptos2019/train_images/train_images/7831ce1d895e.png,0.0,-5.2419844,0.045673408
data/raw/aptos2019/aptos2019/train_images/train_images/784d6d302f98.png,0.0,-2.3265986,0.20602654
data/raw/aptos2019/aptos2019/train_images/train_images/785777558f05.png,1.0,3.3417137,0.87409323
data/raw/aptos2019/aptos2019/train_images/train_images/788ddb0b70b7.png,1.0,9.7200985,0.99644583
data/raw/aptos2019/aptos2019/train_images/train_images/78937523f7a8.png,0.0,-6.4220123,0.023574974
data/raw/aptos2019/aptos2019/train_images/train_images/789434d095d1.png,1.0,9.326701,0.9955391
data/raw/aptos2019/aptos2019/train_images/train_images/789c60cba801.png,0.0,1.3889755,0.69112366
data/raw/aptos2019/aptos2019/train_images/train_images/789f0ec1eab8.png,0.0,-1.7680749,0.2640171
data/raw/aptos2019/aptos2019/train_images/train_images/78a577c3e0bf.png,1.0,2.2691329,0.7884695
data/raw/aptos2019/aptos2019/train_images/train_images/78b3f819dcc5.png,1.0,5.2075334,0.953448
data/raw/aptos2019/aptos2019/train_images/train_images/78bcdffb8785.png,0.0,4.5177903,0.93211085
data/raw/aptos2019/aptos2019/train_images/train_images/78d53c82a23e.png,1.0,9.707119,0.9964191
data/raw/aptos2019/aptos2019/train_images/train_images/79059d0592c4.png,1.0,9.632378,0.99626094
data/raw/aptos2019/aptos2019/train_images/train_images/79540be95177.png,1.0,9.873495,0.99674726
data/raw/aptos2019/aptos2019/train_images/train_images/799214e8b07c.png,0.0,3.4831257,0.8828438
data/raw/aptos2019/aptos2019/train_images/train_images/799cb4c816ae.png,1.0,8.425963,0.99250257
data/raw/aptos2019/aptos2019/train_images/train_images/79ade634c633.png,0.0,-0.102278024,0.48517826
data/raw/aptos2019/aptos2019/train_images/train_images/79be2ff796bf.png,1.0,9.818231,0.99664176
data/raw/aptos2019/aptos2019/train_images/train_images/79cbae28d8b2.png,0.0,-0.84609103,0.37975374
data/raw/aptos2019/aptos2019/train_images/train_images/79d44db3da2d.png,1.0,9.956733,0.9969001
data/raw/aptos2019/aptos2019/train_images/train_images/7a06ea127e02.png,0.0,-1.3776855,0.31027555
data/raw/aptos2019/aptos2019/train_images/train_images/7a0cff4c24b2.png,1.0,9.929382,0.99685067
data/raw/aptos2019/aptos2019/train_images/train_images/7a12f49e29df.png,0.0,-6.73826,0.019703018
data/raw/aptos2019/aptos2019/train_images/train_images/7a238a1d3cf3.png,1.0,9.655667,0.996311
data/raw/aptos2019/aptos2019/train_images/train_images/7a39c91416e2.png,0.0,5.278467,0.9552399
data/raw/aptos2019/aptos2019/train_images/train_images/7a3ea1779b13.png,0.0,9.935773,0.9968623
data/raw/aptos2019/aptos2019/train_images/train_images/7a42443ed106.png,0.0,2.089334,0.7705591
data/raw/aptos2019/aptos2019/train_images/train_images/7a46cfa69bae.png,0.0,0.6996337,0.60004973
data/raw/aptos2019/aptos2019/train_images/train_images/7a6495a39d87.png,0.0,-7.9853387,0.009658757
data/raw/aptos2019/aptos2019/train_images/train_images/7a6e384a0846.png,1.0,6.471335,0.97707444
data/raw/aptos2019/aptos2019/train_images/train_images/7a77c3eb468c.png,0.0,0.0007069702,0.50010246
data/raw/aptos2019/aptos2019/train_images/train_images/7a9f45fdf29b.png,0.0,-1.5270957,0.29204667
data/raw/aptos2019/aptos2019/train_images/train_images/7aabd768abff.png,0.0,-8.156573,0.00875382
data/raw/aptos2019/aptos2019/train_images/train_images/7ad0c4975890.png,0.0,-3.7132342,0.10404507
data/raw/aptos2019/aptos2019/train_images/train_images/7adfb8fc0621.png,0.0,-0.8060297,0.38524017
data/raw/aptos2019/aptos2019/train_images/train_images/7ae69d22075a.png,0.0,2.036164,0.765063
data/raw/aptos2019/aptos2019/train_images/train_images/7af4d8704032.png,0.0,-2.2951317,0.20902717
data/raw/aptos2019/aptos2019/train_images/train_images/7b20210d9120.png,0.0,9.966243,0.996917
data/raw/aptos2019/aptos2019/train_images/train_images/7b211d8bd249.png,1.0,9.849755,0.9967024
data/raw/aptos2019/aptos2019/train_images/train_images/7b29e3783919.png,1.0,9.998908,0.9969747
data/raw/aptos2019/aptos2019/train_images/train_images/7b49041cbf17.png,1.0,9.474268,0.99590355
data/raw/aptos2019/aptos2019/train_images/train_images/7b691d9ced34.png,0.0,-6.965198,0.017315764
data/raw/aptos2019/aptos2019/train_images/train_images/7b87b0015282.png,0.0,-1.304928,0.3193754
data/raw/aptos2019/aptos2019/train_images/train_images/7b8c78b41c0d.png,1.0,9.82348,0.99665195
data/raw/aptos2019/aptos2019/train_images/train_images/7b9d519cbd66.png,0.0,-7.7241197,0.011220591
data/raw/aptos2019/aptos2019/train_images/train_images/7ba6b23c4b46.png,0.0,-0.9220583,0.3694348
data/raw/aptos2019/aptos2019/train_images/train_images/7bc00e58d419.png,0.0,0.6417522,0.5919689
data/raw/aptos2019/aptos2019/train_images/train_images/7bc2e0fa3f72.png,1.0,9.779271,0.9965653
data/raw/aptos2019/aptos2019/train_images/train_images/7bc4dd99eee5.png,1.0,8.773103,0.9938611
data/raw/aptos2019/aptos2019/train_images/train_images/7bda86d95c5b.png,1.0,9.371093,0.99565214
data/raw/aptos2019/aptos2019/train_images/train_images/7be1b9aa78aa.png,0.0,2.6942632,0.8266731
data/raw/aptos2019/aptos2019/train_images/train_images/7c2e852171c0.png,0.0,-2.7111423,0.171929
data/raw/aptos2019/aptos2019/train_images/train_images/7c2f820a6425.png,1.0,9.963536,0.99691224
data/raw/aptos2019/aptos2019/train_images/train_images/7c3747c0b2c3.png,0.0,-6.493579,0.022638401
data/raw/aptos2019/aptos2019/train_images/train_images/7c52fe73e748.png,1.0,6.993365,0.98296
data/raw/aptos2019/aptos2019/train_images/train_images/7c629b491d1a.png,1.0,1.7287215,0.7315251
data/raw/aptos2019/aptos2019/train_images/train_images/7c6594b50690.png,0.0,1.7959402,0.73911047
data/raw/aptos2019/aptos2019/train_images/train_images/7c90ab025331.png,1.0,9.580455,0.99614716
data/raw/aptos2019/aptos2019/train_images/train_images/7cc4b7aabe04.png,1.0,8.816639,0.99401325
data/raw/aptos2019/aptos2019/train_images/train_images/7ccb267fd394.png,0.0,9.039996,0.9947366
data/raw/aptos2019/aptos2019/train_images/train_images/7ccf9d25dc48.png,0.0,0.82759553,0.617717
data/raw/aptos2019/aptos2019/train_images/train_images/7ce671f952be.png,0.0,2.0535696,0.7668721
data/raw/aptos2019/aptos2019/train_images/train_images/7d0a871c45db.png,0.0,1.4404267,0.6974556
data/raw/aptos2019/aptos2019/train_images/train_images/7d11dbc1e738.png,0.0,-0.7390232,0.39448172
data/raw/aptos2019/aptos2019/train_images/train_images/7d1b40fdbd86.png,1.0,10.063836,0.9970862
data/raw/aptos2019/aptos2019/train_images/train_images/7d1da90d3ca9.png,1.0,6.012571,0.9702956
data/raw/aptos2019/aptos2019/train_images/train_images/7d261f986bef.png,1.0,0.021925513,0.50317824
data/raw/aptos2019/aptos2019/train_images/train_images/7d37a2939f12.png,1.0,9.814081,0.9966337
data/raw/aptos2019/aptos2019/train_images/train_images/7d3835e4e63a.png,1.0,9.787709,0.996582
data/raw/aptos2019/aptos2019/train_images/train_images/7d48f8cdfb69.png,0.0,-1.1477119,0.33950868
data/raw/aptos2019/aptos2019/train_images/train_images/7d626a7ffe76.png,1.0,9.931167,0.9968539
data/raw/aptos2019/aptos2019/train_images/train_images/7d8f67cadc29.png,1.0,1.3747457,0.68935955
data/raw/aptos2019/aptos2019/train_images/train_images/7d94a000c2d0.png,0.0,0.19079554,0.5276293
data/raw/aptos2019/aptos2019/train_images/train_images/7da558d92100.png,0.0,0.7835457,0.6116677
data/raw/aptos2019/aptos2019/train_images/train_images/7ddcfcea7369.png,0.0,-0.8872485,0.37414894
data/raw/aptos2019/aptos2019/train_images/train_images/7dee6bf8b9c1.png,1.0,9.978043,0.996938
data/raw/aptos2019/aptos2019/train_images/train_images/7e0598cc88a0.png,1.0,9.821368,0.9966478
data/raw/aptos2019/aptos2019/train_images/train_images/7e160c8b611e.png,1.0,10.041243,0.99704784
data/raw/aptos2019/aptos2019/train_images/train_images/7e4019ac7f5a.png,1.0,9.563996,0.9961104
data/raw/aptos2019/aptos2019/train_images/train_images/7e5a76c4e103.png,0.0,-0.120604515,0.48252442
data/raw/aptos2019/aptos2019/train_images/train_images/7e6e90a93aa5.png,1.0,8.195059,0.99143773
data/raw/aptos2019/aptos2019/train_images/train_images/7e70344b0c25.png,0.0,-1.6240097,0.2805654
data/raw/aptos2019/aptos2019/train_images/train_images/7e77b61e1639.png,0.0,0.7931977,0.6129962
data/raw/aptos2019/aptos2019/train_images/train_images/7e9081e95bf6.png,0.0,0.16301955,0.5236136
data/raw/aptos2019/aptos2019/train_images/train_images/7e9458de5707.png,1.0,8.913917,0.99433976
data/raw/aptos2019/aptos2019/train_images/train_images/7e980424868e.png,0.0,-1.7291334,0.26842794
data/raw/aptos2019/aptos2019/train_images/train_images/7ea756985353.png,0.0,9.959013,0.9969041
data/raw/aptos2019/aptos2019/train_images/train_images/7ec0e61a7e29.png,0.0,-4.44602,0.070570335
data/raw/aptos2019/aptos2019/train_images/train_images/7ec1ffe8220b.png,1.0,9.898538,0.99679404
data/raw/aptos2019/aptos2019/train_images/train_images/7ed4128b2a4e.png,0.0,-5.6478543,0.036444917
data/raw/aptos2019/aptos2019/train_images/train_images/7ee6de71c140.png,0.0,2.4004273,0.800888
data/raw/aptos2019/aptos2019/train_images/train_images/7eeb191ad06b.png,0.0,1.2648913,0.6755573
data/raw/aptos2019/aptos2019/train_images/train_images/7eee3d1f1268.png,0.0,1.5528969,0.71103686
data/raw/aptos2019/aptos2019/train_images/train_images/7ef5ff774a48.png,0.0,0.1877532,0.5271897
data/raw/aptos2019/aptos2019/train_images/train_images/7efc91af4ae6.png,1.0,8.888627,0.9942567
data/raw/aptos2019/aptos2019/train_images/train_images/7f0ffeb0a333.png,0.0,-8.366015,0.0077605247
data/raw/aptos2019/aptos2019/train_images/train_images/7f1f3269f546.png,0.0,1.5049448,0.70529073
data/raw/aptos2019/aptos2019/train_images/train_images/7f2123bc89a3.png,0.0,0.38126376,0.5550436
data/raw/aptos2019/aptos2019/train_images/train_images/7f2cce721e19.png,0.0,-2.1947064,0.21881779
data/raw/aptos2019/aptos2019/train_images/train_images/7f39c36469b5.png,0.0,-1.7823313,0.26241398
data/raw/aptos2019/aptos2019/train_images/train_images/7f43becd3e83.png,0.0,6.279077,0.97444
data/raw/aptos2019/aptos2019/train_images/train_images/7f60f2a083d3.png,0.0,7.039642,0.9834036
data/raw/aptos2019/aptos2019/train_images/train_images/7f6690fa390a.png,0.0,3.0484316,0.8541576
data/raw/aptos2019/aptos2019/train_images/train_images/7f6ce40f306b.png,1.0,9.925569,0.9968437
data/raw/aptos2019/aptos2019/train_images/train_images/7f84284598f5.png,1.0,5.407976,0.9583431
data/raw/aptos2019/aptos2019/train_images/train_images/7fc3a8bb40de.png,0.0,-0.77095526,0.39006782
data/raw/aptos2019/aptos2019/train_images/train_images/7fdb177b8f7d.png,0.0,1.2539415,0.6741642
data/raw/aptos2019/aptos2019/train_images/train_images/7fe7309d0b4f.png,0.0,1.0899085,0.65293556
data/raw/aptos2019/aptos2019/train_images/train_images/8000a6b97a84.png,1.0,9.979072,0.9969399
data/raw/aptos2019/aptos2019/train_images/train_images/8010c931321f.png,0.0,-0.16641591,0.47589523
data/raw/aptos2019/aptos2019/train_images/train_images/803120c5d287.png,1.0,9.5213175,0.9960133
data/raw/aptos2019/aptos2019/train_images/train_images/807135cbc438.png,1.0,8.993855,0.99459475
data/raw/aptos2019/aptos2019/train_images/train_images/80964d8e0863.png,1.0,10.054352,0.9970701
data/raw/aptos2019/aptos2019/train_images/train_images/80a02014b418.png,0.0,5.881624,0.9680272
data/raw/aptos2019/aptos2019/train_images/train_images/80b5697f2a5e.png,0.0,-0.5268794,0.42421263
data/raw/aptos2019/aptos2019/train_images/train_images/80b5a9519aec.png,1.0,8.635416,0.9933543
data/raw/aptos2019/aptos2019/train_images/train_images/80c67efc8101.png,0.0,-0.52334046,0.42471394
data/raw/aptos2019/aptos2019/train_images/train_images/80ca40196225.png,1.0,9.696724,0.99639744
data/raw/aptos2019/aptos2019/train_images/train_images/80dbeb0fdc75.png,0.0,0.66338605,0.5949953
data/raw/aptos2019/aptos2019/train_images/train_images/80e6e425f966.png,0.0,-0.379412,0.4452216
data/raw/aptos2019/aptos2019/train_images/train_images/80e7cc0a0649.png,1.0,9.864929,0.99673116
data/raw/aptos2019/aptos2019/train_images/train_images/80ed04a84a16.png,0.0,-1.869149,0.2527877
data/raw/aptos2019/aptos2019/train_images/train_images/80f6b30ece8c.png,0.0,-2.3830504,0.20072362
data/raw/aptos2019/aptos2019/train_images/train_images/80feb1f7ca5e.png,1.0,9.586291,0.99616015
data/raw/aptos2019/aptos2019/train_images/train_images/810d3779abd9.png,1.0,9.962751,0.99691087
data/raw/aptos2019/aptos2019/train_images/train_images/810ed108f5b7.png,0.0,-2.9101577,0.1561163
data/raw/aptos2019/aptos2019/train_images/train_images/8114d6a160df.png,0.0,10.012052,0.9969976
data/raw/aptos2019/aptos2019/train_images/train_images/812d5adafaf2.png,1.0,9.921343,0.99683595
data/raw/aptos2019/aptos2019/train_images/train_images/81371b0c01ad.png,0.0,2.366207,0.7977049
data/raw/aptos2019/aptos2019/train_images/train_images/81704925f759.png,0.0,-4.787459,0.058638282
data/raw/aptos2019/aptos2019/train_images/train_images/8185ce1cdcef.png,0.0,-0.15133443,0.4780768
data/raw/aptos2019/aptos2019/train_images/train_images/81914ceb4e74.png,0.0,0.7453206,0.6063902
data/raw/aptos2019/aptos2019/train_images/train_images/8191ae701985.png,0.0,-0.30971622,0.45522413
data/raw/aptos2019/aptos2019/train_images/train_images/81b0a2651c45.png,1.0,9.801549,0.9966092
data/raw/aptos2019/aptos2019/train_images/train_images/81bc03e2ff2b.png,1.0,9.044665,0.9947508
data/raw/aptos2019/aptos2019/train_images/train_images/81d79d53ed7b.png,0.0,-7.140404,0.01566925
data/raw/aptos2019/aptos2019/train_images/train_images/8201cab8322d.png,1.0,9.935948,0.99686265
data/raw/aptos2019/aptos2019/train_images/train_images/82088c6734e6.png,0.0,-1.3751214,0.31059384
data/raw/aptos2019/aptos2019/train_images/train_images/821789e9053f.png,0.0,9.064288,0.99480987
data/raw/aptos2019/aptos2019/train_images/train_images/8241e43408a8.png,0.0,-3.643441,0.107878454
data/raw/aptos2019/aptos2019/train_images/train_images/8273fdb4405e.png,0.0,1.2086668,0.6683714
data/raw/aptos2019/aptos2019/train_images/train_images/82910bba4753.png,1.0,7.424582,0.9866795
data/raw/aptos2019/aptos2019/train_images/train_images/82ac8463fadd.png,0.0,-0.94391054,0.36648804
data/raw/aptos2019/aptos2019/train_images/train_images/82bb8a01935f.png,1.0,10.023786,0.997018
data/raw/aptos2019/aptos2019/train_images/train_images/82d364726a58.png,0.0,-8.401982,0.0076015736
data/raw/aptos2019/aptos2019/train_images/train_images/82deb07a6618.png,1.0,9.775907,0.9965585
data/raw/aptos2019/aptos2019/train_images/train_images/82e5bc01f8a4.png,0.0,0.443044,0.56387234
data/raw/aptos2019/aptos2019/train_images/train_images/82f2784ead76.png,1.0,9.98679,0.9969535
data/raw/aptos2019/aptos2019/train_images/train_images/83038ca49b6d.png,0.0,-0.4597097,0.43375275
data/raw/aptos2019/aptos2019/train_images/train_images/830e297965a1.png,0.0,-7.835984,0.010523312
data/raw/aptos2019/aptos2019/train_images/train_images/8329e80c10ac.png,0.0,-0.69778496,0.40020746
data/raw/aptos2019/aptos2019/train_images/train_images/8344c783da65.png,0.0,2.8722026,0.8409623
data/raw/aptos2019/aptos2019/train_images/train_images/83517eaeccb9.png,0.0,3.9871252,0.90985596
data/raw/aptos2019/aptos2019/train_images/train_images/835b9f6e12ba.png,0.0,-1.075025,0.3490227
data/raw/aptos2019/aptos2019/train_images/train_images/837acf120946.png,0.0,4.6237206,0.935896
data/raw/aptos2019/aptos2019/train_images/train_images/838b3e4d0bb4.png,0.0,-8.374396,0.0077231955
data/raw/aptos2019/aptos2019/train_images/train_images/838c87c63422.png,1.0,9.929244,0.99685043
data/raw/aptos2019/aptos2019/train_images/train_images/83a63c4a3e4a.png,0.0,1.9272362,0.7535211
data/raw/aptos2019/aptos2019/train_images/train_images/83b61051737f.png,1.0,10.015447,0.9970035
data/raw/aptos2019/aptos2019/train_images/train_images/83d6e40c869f.png,1.0,9.614145,0.9962214
data/raw/aptos2019/aptos2019/train_images/train_images/83d81ba5959c.png,0.0,-0.48289117,0.43045437
data/raw/aptos2019/aptos2019/train_images/train_images/83df53d58f28.png,0.0,-1.6070374,0.2825561
data/raw/aptos2019/aptos2019/train_images/train_images/83e529e95b0e.png,0.0,1.3007106,0.6800929
data/raw/aptos2019/aptos2019/train_images/train_images/83fda7c0500b.png,0.0,-8.254366,0.008275253
data/raw/aptos2019/aptos2019/train_images/train_images/840527bc6628.png,1.0,10.005138,0.9969856
data/raw/aptos2019/aptos2019/train_images/train_images/840a06a9c690.png,0.0,1.424174,0.69546336
data/raw/aptos2019/aptos2019/train_images/train_images/8421107255ae.png,1.0,7.9479995,0.990132
data/raw/aptos2019/aptos2019/train_images/train_images/842d697884f6.png,1.0,9.9870825,0.99695396
data/raw/aptos2019/aptos2019/train_images/train_images/8433a032b96c.png,0.0,-0.1486051,0.4784717
data/raw/aptos2019/aptos2019/train_images/train_images/8446826853d0.png,1.0,6.1519613,0.97253853
data/raw/aptos2019/aptos2019/train_images/train_images/8448af27ba07.png,0.0,0.89190274,0.6264828
data/raw/aptos2019/aptos2019/train_images/train_images/847b04287c9c.png,0.0,-7.828091,0.010571073
data/raw/aptos2019/aptos2019/train_images/train_images/848e66b9e199.png,0.0,-7.577887,0.012201384
data/raw/aptos2019/aptos2019/train_images/train_images/849a91e9ab28.png,0.0,-4.837383,0.057060648
data/raw/aptos2019/aptos2019/train_images/train_images/84a72e15b23c.png,0.0,10.034727,0.9970367
data/raw/aptos2019/aptos2019/train_images/train_images/84b472c49cfa.png,0.0,3.2042532,0.8650567
data/raw/aptos2019/aptos2019/train_images/train_images/84b4da14bc23.png,0.0,1.0384368,0.64614177
data/raw/aptos2019/aptos2019/train_images/train_images/84b79243e430.png,0.0,0.43875074,0.56326
data/raw/aptos2019/aptos2019/train_images/train_images/84b88e8d3bca.png,0.0,0.66678876,0.5954707
data/raw/aptos2019/aptos2019/train_images/train_images/84c663f39632.png,1.0,9.951965,0.99689156
data/raw/aptos2019/aptos2019/train_images/train_images/84e8c62165b5.png,1.0,10.025954,0.9970216
data/raw/aptos2019/aptos2019/train_images/train_images/851e40a21f81.png,0.0,1.0710307,0.65045094
data/raw/aptos2019/aptos2019/train_images/train_images/8543a801dce0.png,1.0,10.027774,0.99702483
data/raw/aptos2019/aptos2019/train_images/train_images/855f0a5442b6.png,1.0,10.035717,0.9970385
data/raw/aptos2019/aptos2019/train_images/train_images/8564b7aa3c1a.png,0.0,0.497334,0.5715975
data/raw/aptos2019/aptos2019/train_images/train_images/857230f64a2e.png,1.0,10.002149,0.99698037
data/raw/aptos2019/aptos2019/train_images/train_images/8596a24a14bd.png,1.0,10.06443,0.9970872
data/raw/aptos2019/aptos2019/train_images/train_images/85cbb84ac8e0.png,1.0,10.092172,0.9971335
data/raw/aptos2019/aptos2019/train_images/train_images/85cc6d636898.png,1.0,9.990034,0.9969592
data/raw/aptos2019/aptos2019/train_images/train_images/85f99e7e4052.png,0.0,-8.2692375,0.008204783
data/raw/aptos2019/aptos2019/train_images/train_images/85fce24084da.png,1.0,9.802488,0.99661106
data/raw/aptos2019/aptos2019/train_images/train_images/86410aa13b3e.png,0.0,-1.7814234,0.26251587
data/raw/aptos2019/aptos2019/train_images/train_images/8650d32f4a9e.png,0.0,-1.7027988,0.27143708
data/raw/aptos2019/aptos2019/train_images/train_images/8660e1864665.png,0.0,-2.1604683,0.22223023
data/raw/aptos2019/aptos2019/train_images/train_images/86722fcd802c.png,1.0,9.415856,0.99576294
data/raw/aptos2019/aptos2019/train_images/train_images/8676427e4625.png,0.0,2.1811576,0.7798364
data/raw/aptos2019/aptos2019/train_images/train_images/8688f3d0fcaf.png,1.0,9.978778,0.9969393
data/raw/aptos2019/aptos2019/train_images/train_images/8693ab1fd2be.png,0.0,4.598792,0.93502337
data/raw/aptos2019/aptos2019/train_images/train_images/869bbd3170cc.png,1.0,7.2115965,0.98495483
data/raw/aptos2019/aptos2019/train_images/train_images/86d58f850a0c.png,0.0,0.15141691,0.52193516
data/raw/aptos2019/aptos2019/train_images/train_images/86d6808f0609.png,1.0,10.040687,0.9970469
data/raw/aptos2019/aptos2019/train_images/train_images/86e7f98f73f1.png,1.0,6.924808,0.9822812
data/raw/aptos2019/aptos2019/train_images/train_images/86fbac86ed3e.png,1.0,9.387203,0.9956923
data/raw/aptos2019/aptos2019/train_images/train_images/870f433e8f37.png,0.0,2.198641,0.781572
data/raw/aptos2019/aptos2019/train_images/train_images/870fbe6eaa68.png,0.0,-1.8980548,0.24963498
data/raw/aptos2019/aptos2019/train_images/train_images/8714d17bb6da.png,0.0,1.0779042,0.6513566
data/raw/aptos2019/aptos2019/train_images/train_images/87295c5fa1cc.png,0.0,0.4295099,0.5619415
data/raw/aptos2019/aptos2019/train_images/train_images/873dcc0b468f.png,1.0,4.1058416,0.9153447
data/raw/aptos2019/aptos2019/train_images/train_images/873fe0404d6e.png,1.0,8.672074,0.99349314
data/raw/aptos2019/aptos2019/train_images/train_images/874f8c1929f6.png,0.0,-1.315058,0.31809992
data/raw/aptos2019/aptos2019/train_images/train_images/875a2fc5fe23.png,1.0,9.909604,0.9968144
data/raw/aptos2019/aptos2019/train_images/train_images/875d2ffcbf47.png,0.0,-1.3852385,0.3093391
data/raw/aptos2019/aptos2019/train_images/train_images/876deb29f000.png,0.0,-2.9743671,0.1512739
data/raw/aptos2019/aptos2019/train_images/train_images/876e1dd12d38.png,1.0,9.748807,0.9965043
data/raw/aptos2019/aptos2019/train_images/train_images/87774aafe068.png,1.0,9.221398,0.9952597
data/raw/aptos2019/aptos2019/train_images/train_images/8785b71238d8.png,1.0,3.937967,0.9074907
data/raw/aptos2019/aptos2019/train_images/train_images/878e356c8fc9.png,0.0,-4.0292063,0.08816269
data/raw/aptos2019/aptos2019/train_images/train_images/879744b9dc65.png,1.0,8.899195,0.99429154
data/raw/aptos2019/aptos2019/train_images/train_images/87a9f4d20f07.png,0.0,-0.5770766,0.41711947
data/raw/aptos2019/aptos2019/train_images/train_images/87b1938994b5.png,1.0,9.654248,0.99630797
data/raw/aptos2019/aptos2019/train_images/train_images/87b671c6d4c5.png,0.0,1.9409969,0.75499994
data/raw/aptos2019/aptos2019/train_images/train_images/87d46b1cc4e9.png,0.0,2.1728156,0.77900475
data/raw/aptos2019/aptos2019/train_images/train_images/880edb2cdb69.png,0.0,0.30772126,0.54448897
data/raw/aptos2019/aptos2019/train_images/train_images/881ec6186e68.png,0.0,0.75820565,0.608172
data/raw/aptos2019/aptos2019/train_images/train_images/882a71de424e.png,1.0,9.966277,0.9969171
data/raw/aptos2019/aptos2019/train_images/train_images/883c6a184f16.png,0.0,-3.079417,0.14361845
data/raw/aptos2019/aptos2019/train_images/train_images/883ddb650967.png,0.0,-0.5808998,0.41658056
data/raw/aptos2019/aptos2019/train_images/train_images/8846b09384a4.png,0.0,-7.2624717,0.014614187
data/raw/aptos2019/aptos2019/train_images/train_images/885fa5fc5da8.png,0.0,2.024163,0.7638099
data/raw/aptos2019/aptos2019/train_images/train_images/8860c7b11530.png,1.0,9.449905,0.9958455
data/raw/aptos2019/aptos2019/train_images/train_images/8871e6a26596.png,1.0,5.9893737,0.9699054
data/raw/aptos2019/aptos2019/train_images/train_images/887c26fc0e1f.png,1.0,8.916437,0.994348
data/raw/aptos2019/aptos2019/train_images/train_images/88e4399d207c.png,0.0,-1.1347646,0.34119418
data/raw/aptos2019/aptos2019/train_images/train_images/88e5051f65bd.png,0.0,0.81462216,0.61593914
data/raw/aptos2019/aptos2019/train_images/train_images/8906c9ed54a2.png,0.0,-2.0292943,0.23565374
data/raw/aptos2019/aptos2019/train_images/train_images/891329021e12.png,0.0,-0.92100257,0.3695774
data/raw/aptos2019/aptos2019/train_images/train_images/891392c9683c.png,1.0,9.302835,0.9954774
data/raw/aptos2019/aptos2019/train_images/train_images/894a37fc3738.png,0.0,1.0377711,0.6460536
data/raw/aptos2019/aptos2019/train_images/train_images/8958a4d17b7e.png,1.0,9.899417,0.9967957
data/raw/aptos2019/aptos2019/train_images/train_images/895fe2bfc5b6.png,0.0,-7.711608,0.01130137
data/raw/aptos2019/aptos2019/train_images/train_images/896ad584a841.png,0.0,-1.3508272,0.31361818
data/raw/aptos2019/aptos2019/train_images/train_images/898f0bc8acfa.png,0.0,-1.9263039,0.24657935
data/raw/aptos2019/aptos2019/train_images/train_images/89b044cbaf85.png,1.0,9.915872,0.99682605
data/raw/aptos2019/aptos2019/train_images/train_images/89b725411cee.png,1.0,9.192486,0.9951799
data/raw/aptos2019/aptos2019/train_images/train_images/89d2a7403a06.png,1.0,9.615483,0.9962244
data/raw/aptos2019/aptos2019/train_images/train_images/89d9c071a56f.png,0.0,-3.3711782,0.12403858
data/raw/aptos2019/aptos2019/train_images/train_images/89ed6a0dd53f.png,0.0,9.818788,0.9966428
data/raw/aptos2019/aptos2019/train_images/train_images/89ee1fa16f90.png,1.0,9.553398,0.9960865
data/raw/aptos2019/aptos2019/train_images/train_images/89fc080f7e83.png,1.0,3.2899325,0.87075156
data/raw/aptos2019/aptos2019/train_images/train_images/8a01daa423f7.png,0.0,-3.56536,0.11231363
data/raw/aptos2019/aptos2019/train_images/train_images/8a234d68b27e.png,1.0,9.986045,0.9969522
data/raw/aptos2019/aptos2019/train_images/train_images/8a25a080f28f.png,0.0,9.501848,0.9959682
data/raw/aptos2019/aptos2019/train_images/train_images/8a3eb86ae4bd.png,0.0,-4.107561,0.08457804
data/raw/aptos2019/aptos2019/train_images/train_images/8a482c024fc2.png,0.0,-1.0859001,0.34759137
data/raw/aptos2019/aptos2019/train_images/train_images/8a67f1efa315.png,1.0,10.055198,0.9970716
data/raw/aptos2019/aptos2019/train_images/train_images/8a7765e785fb.png,0.0,-4.36391,0.07375767
data/raw/aptos2019/aptos2019/train_images/train_images/8a81f62320d6.png,0.0,-1.6421498,0.27844718
data/raw/aptos2019/aptos2019/train_images/train_images/8a87dd2a784e.png,0.0,0.638922,0.5915725
data/raw/aptos2019/aptos2019/train_images/train_images/8a8a251770cd.png,0.0,0.797912,0.6136445
data/raw/aptos2019/aptos2019/train_images/train_images/8a9bef2fbd4e.png,1.0,9.965165,0.9969151
data/raw/aptos2019/aptos2019/train_images/train_images/8aa3c4681542.png,0.0,0.43105847,0.5621625
data/raw/aptos2019/aptos2019/train_images/train_images/8aab201c0691.png,1.0,9.673308,0.99634844
data/raw/aptos2019/aptos2019/train_images/train_images/8ab3faa3701f.png,0.0,-2.0279803,0.23579103
data/raw/aptos2019/aptos2019/train_images/train_images/8ab8d9b3ce3f.png,1.0,8.846309,0.9941148
data/raw/aptos2019/aptos2019/train_images/train_images/8ac0c44bbf24.png,1.0,9.869203,0.9967392
data/raw/aptos2019/aptos2019/train_images/train_images/8acdf12f412a.png,0.0,-1.4142708,0.30575418
data/raw/aptos2019/aptos2019/train_images/train_images/8acffaf1f4b9.png,1.0,9.5593605,0.99609995
data/raw/aptos2019/aptos2019/train_images/train_images/8ae049175db6.png,1.0,7.1820016,0.9846985
data/raw/aptos2019/aptos2019/train_images/train_images/8af50c9d0a86.png,0.0,-6.983871,0.017132483
data/raw/aptos2019/aptos2019/train_images/train_images/8af6a4e5396f.png,1.0,10.067914,0.9970931
data/raw/aptos2019/aptos2019/train_images/train_images/8b079e79035f.png,0.0,0.9685138,0.63681775
data/raw/aptos2019/aptos2019/train_images/train_images/8b26d3cd61e8.png,1.0,10.047972,0.99705935
data/raw/aptos2019/aptos2019/train_images/train_images/8b568d47a1fd.png,0.0,1.4225247,0.6952608
data/raw/aptos2019/aptos2019/train_images/train_images/8b58f9a338e8.png,0.0,0.4274369,0.56164557
data/raw/aptos2019/aptos2019/train_images/train_images/8b76c3c5cb3e.png,1.0,8.566056,0.9930835
data/raw/aptos2019/aptos2019/train_images/train_images/8b8fe3fc8950.png,0.0,7.072936,0.98371583
data/raw/aptos2019/aptos2019/train_images/train_images/8bad12d70368.png,1.0,9.473369,0.9959014
data/raw/aptos2019/aptos2019/train_images/train_images/8bbd7835e9aa.png,0.0,-4.2526474,0.07828813
data/raw/aptos2019/aptos2019/train_images/train_images/8bc6716c2238.png,0.0,2.9252193,0.8450308
data/raw/aptos2019/aptos2019/train_images/train_images/8bdb891661a8.png,1.0,1.2147177,0.66914856
data/raw/aptos2019/aptos2019/train_images/train_images/8be6629a6039.png,0.0,-8.035038,0.009386967
data/raw/aptos2019/aptos2019/train_images/train_images/8bed09514c3b.png,1.0,8.568812,0.99309444
data/raw/aptos2019/aptos2019/train_images/train_images/8bf05909e1e1.png,0.0,-0.73406565,0.39516854
data/raw/aptos2019/aptos2019/train_images/train_images/8bf2d925dc0c.png,0.0,-3.627021,0.10879817
data/raw/aptos2019/aptos2019/train_images/train_images/8c0d05233238.png,1.0,9.501467,0.9959674
data/raw/aptos2019/aptos2019/train_images/train_images/8c29a76fa08c.png,0.0,-1.0479932,0.3525923
data/raw/aptos2019/aptos2019/train_images/train_images/8c2f0f04e1ed.png,0.0,1.1977353,0.666965
data/raw/aptos2019/aptos2019/train_images/train_images/8c4ceddeb1c6.png,0.0,1.7591478,0.7349759
data/raw/aptos2019/aptos2019/train_images/train_images/8c7c26c52a6c.png,1.0,9.92509,0.99684286
data/raw/aptos2019/aptos2019/train_images/train_images/8c84e96d9b01.png,0.0,0.023067646,0.5033438
data/raw/aptos2019/aptos2019/train_images/train_images/8c87bd748996.png,1.0,10.03462,0.9970366
data/raw/aptos2019/aptos2019/train_images/train_images/8cb6b5b2f19c.png,1.0,8.020119,0.9905323
data/raw/aptos2019/aptos2019/train_images/train_images/8ceff4c4c860.png,0.0,1.8638633,0.74663293
data/raw/aptos2019/aptos2019/train_images/train_images/8d13c46e7d75.png,0.0,-1.1998645,0.33276087
data/raw/aptos2019/aptos2019/train_images/train_images/8d3d67661620.png,1.0,9.169277,0.9951149
data/raw/aptos2019/aptos2019/train_images/train_images/8d4d14a4ab07.png,0.0,3.4022796,0.8779076
data/raw/aptos2019/aptos2019/train_images/train_images/8d4ff745a409.png,0.0,0.37988138,0.55484563
data/raw/aptos2019/aptos2019/train_images/train_images/8d62ba9cb22a.png,1.0,5.4796023,0.9599698
data/raw/aptos2019/aptos2019/train_images/train_images/8d8aca52c07b.png,1.0,-1.8576907,0.25404468
data/raw/aptos2019/aptos2019/train_images/train_images/8d9516ea3587.png,0.0,-2.1324997,0.22504586
data/raw/aptos2019/aptos2019/train_images/train_images/8dafa62f9322.png,0.0,0.46881765,0.56754386
data/raw/aptos2019/aptos2019/train_images/train_images/8db2ce991101.png,1.0,9.709672,0.99642426
data/raw/aptos2019/aptos2019/train_images/train_images/8dba09a4e5ed.png,1.0,9.866466,0.996734
data/raw/aptos2019/aptos2019/train_images/train_images/8dc22e65c06f.png,0.0,-1.5883132,0.28476217
data/raw/aptos2019/aptos2019/train_images/train_images/8dfa629ca74e.png,1.0,9.6622305,0.99632496
data/raw/aptos2019/aptos2019/train_images/train_images/8dfff47b06b7.png,1.0,9.737069,0.9964805
data/raw/aptos2019/aptos2019/train_images/train_images/8e20b8fac7c3.png,1.0,9.160687,0.9950906
data/raw/aptos2019/aptos2019/train_images/train_images/8e2a3978c244.png,0.0,-2.4755528,0.19225654
data/raw/aptos2019/aptos2019/train_images/train_images/8e3b79e1f1f7.png,1.0,7.295133,0.985656
data/raw/aptos2019/aptos2019/train_images/train_images/8e4a354e3da2.png,0.0,-4.3381705,0.0747838
data/raw/aptos2019/aptos2019/train_images/train_images/8e63fc4ab532.png,1.0,9.508872,0.99598455
data/raw/aptos2019/aptos2019/train_images/train_images/8e67f2d7e0ee.png,0.0,-0.2934304,0.45756695
data/raw/aptos2019/aptos2019/train_images/train_images/8e6df9eedcd8.png,0.0,-8.391858,0.007645986
data/raw/aptos2019/aptos2019/train_images/train_images/8e76054f0831.png,0.0,2.0474246,0.7662345
data/raw/aptos2019/aptos2019/train_images/train_images/8e7981855125.png,0.0,-5.762384,0.034183323
data/raw/aptos2019/aptos2019/train_images/train_images/8ead17dfb6a6.png,0.0,-5.284731,0.04460514
data/raw/aptos2019/aptos2019/train_images/train_images/8ead8f37423c.png,0.0,3.4031465,0.8779614
data/raw/aptos2019/aptos2019/train_images/train_images/8eb3337a54e9.png,1.0,9.721721,0.9964491
data/raw/aptos2019/aptos2019/train_images/train_images/8ed586c43023.png,0.0,0.7593382,0.6083284
data/raw/aptos2019/aptos2019/train_images/train_images/8ee50c26fc13.png,0.0,-0.4029242,0.44185674
data/raw/aptos2019/aptos2019/train_images/train_images/8eeac97f02f0.png,1.0,9.922187,0.9968375
data/raw/aptos2019/aptos2019/train_images/train_images/8f06ca4642bd.png,0.0,-4.789038,0.058587756
data/raw/aptos2019/aptos2019/train_images/train_images/8f10e41a2f02.png,0.0,-0.9909813,0.36017463
data/raw/aptos2019/aptos2019/train_images/train_images/8f14bca04b47.png,0.0,-3.6420844,0.10795417
data/raw/aptos2019/aptos2019/train_images/train_images/8f1e7433a95d.png,1.0,9.466277,0.9958846
data/raw/aptos2019/aptos2019/train_images/train_images/8f2996b8d855.png,0.0,-1.5538702,0.2888472
data/raw/aptos2019/aptos2019/train_images/train_images/8f318a978844.png,1.0,8.712678,0.99364364
data/raw/aptos2019/aptos2019/train_images/train_images/8f9819752ca0.png,0.0,-3.3558805,0.12500556
data/raw/aptos2019/aptos2019/train_images/train_images/8fbb2ca39911.png,0.0,-0.13480797,0.48046833
data/raw/aptos2019/aptos2019/train_images/train_images/8fc09fecd22f.png,0.0,6.644181,0.97921526
data/raw/aptos2019/aptos2019/train_images/train_images/8fd7ad26e691.png,1.0,10.008166,0.9969908
data/raw/aptos2019/aptos2019/train_images/train_images/8ff2733f6aef.png,1.0,7.453121,0.9868952
data/raw/aptos2019/aptos2019/train_images/train_images/8ff863f8874f.png,0.0,3.4233189,0.8792092
data/raw/aptos2019/aptos2019/train_images/train_images/8ffa608170d3.png,0.0,-0.17456424,0.47471693
data/raw/aptos2019/aptos2019/train_images/train_images/901a3552fe26.png,0.0,-1.9160285,0.24768794
data/raw/aptos2019/aptos2019/train_images/train_images/902dc5a91a3f.png,0.0,-1.7674695,0.26408532
data/raw/aptos2019/aptos2019/train_images/train_images/9033f1493da1.png,1.0,8.929211,0.9943895
data/raw/aptos2019/aptos2019/train_images/train_images/9039cbfcbb2f.png,0.0,8.0448265,0.9906657
data/raw/aptos2019/aptos2019/train_images/train_images/9041eb43456e.png,1.0,9.834089,0.9966723
data/raw/aptos2019/aptos2019/train_images/train_images/904b03ad5594.png,0.0,-3.327156,0.12683871
data/raw/aptos2019/aptos2019/train_images/train_images/905cc86bf100.png,1.0,9.672518,0.9963468
data/raw/aptos2019/aptos2019/train_images/train_images/906d02fb822d.png,0.0,-5.1475816,0.04811951
data/raw/aptos2019/aptos2019/train_images/train_images/907aaff827e5.png,1.0,9.632083,0.9962604
data/raw/aptos2019/aptos2019/train_images/train_images/9095d43fb132.png,0.0,-8.27341,0.008185122
data/raw/aptos2019/aptos2019/train_images/train_images/90960ddf4d14.png,0.0,-6.40089,0.023858557
data/raw/aptos2019/aptos2019/train_images/train_images/90a786abe58e.png,0.0,-4.5261354,0.06758355
data/raw/aptos2019/aptos2019/train_images/train_images/90a9a41eec6d.png,0.0,0.24219288,0.53505045
data/raw/aptos2019/aptos2019/train_images/train_images/90b8bf342032.png,1.0,9.968419,0.99692094
data/raw/aptos2019/aptos2019/train_images/train_images/90bde2ff8953.png,0.0,-0.5084098,0.4268306
data/raw/aptos2019/aptos2019/train_images/train_images/90c982cc2d96.png,0.0,9.512485,0.9959929
data/raw/aptos2019/aptos2019/train_images/train_images/910bfd38e2f5.png,1.0,10.06351,0.99708563
data/raw/aptos2019/aptos2019/train_images/train_images/9122b31414d3.png,0.0,1.5723257,0.713346
data/raw/aptos2019/aptos2019/train_images/train_images/912fbe06407e.png,0.0,-1.2942628,0.32072112
data/raw/aptos2019/aptos2019/train_images/train_images/913490237ad4.png,1.0,8.247483,0.99169195
data/raw/aptos2019/aptos2019/train_images/train_images/913b1890ed1e.png,1.0,9.528505,0.99602985
data/raw/aptos2019/aptos2019/train_images/train_images/916915f01e17.png,0.0,-1.8624023,0.25352734
data/raw/aptos2019/aptos2019/train_images/train_images/916ec976ff30.png,1.0,9.941258,0.99687225
data/raw/aptos2019/aptos2019/train_images/train_images/917f76f360b6.png,1.0,7.803988,0.9892818
data/raw/aptos2019/aptos2019/train_images/train_images/91a88d3b0358.png,1.0,9.97692,0.9969361
data/raw/aptos2019/aptos2019/train_images/train_images/91b7a4179ecf.png,0.0,-1.3754724,0.31055027
data/raw/aptos2019/aptos2019/train_images/train_images/91cf56d3d1af.png,1.0,10.080457,0.99711406
data/raw/aptos2019/aptos2019/train_images/train_images/91e2c2890c9f.png,1.0,9.020765,0.994678
data/raw/aptos2019/aptos2019/train_images/train_images/91e82fe4e434.png,0.0,-1.3380171,0.31521928
data/raw/aptos2019/aptos2019/train_images/train_images/91e8af9ceee9.png,1.0,9.778848,0.99656445
data/raw/aptos2019/aptos2019/train_images/train_images/91f3c4c1e72b.png,0.0,-8.12115,0.008933859
data/raw/aptos2019/aptos2019/train_images/train_images/921433215353.png,1.0,8.608361,0.99325
data/raw/aptos2019/aptos2019/train_images/train_images/922586d86cd8.png,0.0,0.90297943,0.62798446
data/raw/aptos2019/aptos2019/train_images/train_images/9232dc06cfdc.png,0.0,2.6186674,0.8203023
data/raw/aptos2019/aptos2019/train_images/train_images/92587e494d51.png,0.0,0.8305827,0.6181259
data/raw/aptos2019/aptos2019/train_images/train_images/9274e75dc4d5.png,0.0,0.64384526,0.5922621
data/raw/aptos2019/aptos2019/train_images/train_images/9287e57326d0.png,0.0,-0.2000944,0.47102702
data/raw/aptos2019/aptos2019/train_images/train_images/92889b863ae6.png,0.0,-7.591487,0.012106704
data/raw/aptos2019/aptos2019/train_images/train_images/929cd3867815.png,1.0,-3.3481693,0.12549543
data/raw/aptos2019/aptos2019/train_images/train_images/92b0d27fc0ec.png,1.0,9.630664,0.9962573
data/raw/aptos2019/aptos2019/train_images/train_images/92d8a7c8e718.png,1.0,10.030192,0.997029
data/raw/aptos2019/aptos2019/train_images/train_images/92d9e9f08709.png,0.0,5.849698,0.9674493
data/raw/aptos2019/aptos2019/train_images/train_images/92e3d608fd3c.png,0.0,2.5080552,0.81065315
data/raw/aptos2019/aptos2019/train_images/train_images/92f313287a29.png,1.0,8.452519,0.99261624
data/raw/aptos2019/aptos2019/train_images/train_images/92fcf50b3562.png,0.0,1.1299641,0.6581799
data/raw/aptos2019/aptos2019/train_images/train_images/930fee99213a.png,0.0,2.9297206,0.84537226
data/raw/aptos2019/aptos2019/train_images/train_images/932181b93b2f.png,1.0,7.3771114,0.9863128
data/raw/aptos2019/aptos2019/train_images/train_images/934104859e68.png,0.0,-0.8527862,0.37883973
data/raw/aptos2019/aptos2019/train_images/train_images/93421787f520.png,0.0,-2.5881872,0.18231767
data/raw/aptos2019/aptos2019/train_images/train_images/936299166bea.png,0.0,0.11007575,0.51595104
data/raw/aptos2019/aptos2019/train_images/train_images/937bc1b924b1.png,0.0,-2.901234,0.1567992
data/raw/aptos2019/aptos2019/train_images/train_images/93802d1e3c41.png,0.0,-1.5240889,0.29240724
data/raw/aptos2019/aptos2019/train_images/train_images/93a1b984de84.png,0.0,-0.9048323,0.3717646
data/raw/aptos2019/aptos2019/train_images/train_images/93be637084a2.png,0.0,8.239565,0.99165404
data/raw/aptos2019/aptos2019/train_images/train_images/93d6d20a5ee3.png,0.0,-0.06699986,0.49028903
data/raw/aptos2019/aptos2019/train_images/train_images/94076a9fb9b5.png,0.0,0.7818305,0.6114314
data/raw/aptos2019/aptos2019/train_images/train_images/94111ed3d276.png,0.0,9.2451315,0.9953242
data/raw/aptos2019/aptos2019/train_images/train_images/94145d1f42cf.png,0.0,1.2056614,0.66798496
data/raw/aptos2019/aptos2019/train_images/train_images/941d874c8afb.png,0.0,-2.3126566,0.20735207
data/raw/aptos2019/aptos2019/train_images/train_images/942f544c4e15.png,0.0,-2.0627759,0.23217487
data/raw/aptos2019/aptos2019/train_images/train_images/94372043d55b.png,0.0,-5.2312894,0.045944463
data/raw/aptos2019/aptos2019/train_images/train_images/944a233fbf8e.png,0.0,4.4806857,0.9307367
data/raw/aptos2019/aptos2019/train_images/train_images/946545473380.png,0.0,0.36868125,0.553241
data/raw/aptos2019/aptos2019/train_images/train_images/949710bead24.png,0.0,-0.1719176,0.47509962
data/raw/aptos2019/aptos2019/train_images/train_images/94a67ec0714f.png,1.0,9.994851,0.9969676
data/raw/aptos2019/aptos2019/train_images/train_images/94b9ccc73bb9.png,0.0,-0.5338786,0.42322165
data/raw/aptos2019/aptos2019/train_images/train_images/94dcb491143f.png,1.0,9.882359,0.9967638
data/raw/aptos2019/aptos2019/train_images/train_images/94ef1d14597f.png,1.0,9.84916,0.9967012
data/raw/aptos2019/aptos2019/train_images/train_images/94f9ecf4b8d2.png,0.0,1.8774341,0.74811864
data/raw/aptos2019/aptos2019/train_images/train_images/9519a590985d.png,0.0,0.26553077,0.5384152
data/raw/aptos2019/aptos2019/train_images/train_images/956765d5f46d.png,0.0,5.023624,0.9484793
data/raw/aptos2019/aptos2019/train_images/train_images/9568eb7e9c08.png,1.0,1.0366485,0.6459047
data/raw/aptos2019/aptos2019/train_images/train_images/958c1fa044ba.png,0.0,-1.6089298,0.28233373
data/raw/aptos2019/aptos2019/train_images/train_images/959bb2d01091.png,0.0,-6.767121,0.019382376
data/raw/aptos2019/aptos2019/train_images/train_images/959dc602febc.png,1.0,10.043311,0.99705136
data/raw/aptos2019/aptos2019/train_images/train_images/95a4cc805c7b.png,0.0,-7.170364,0.015403558
data/raw/aptos2019/aptos2019/train_images/train_images/95e732e043a1.png,1.0,10.015319,0.99700326
data/raw/aptos2019/aptos2019/train_images/train_images/962c0fc85e13.png,0.0,0.9001834,0.6276056
data/raw/aptos2019/aptos2019/train_images/train_images/962cf85e4f6d.png,1.0,9.743634,0.99649376
data/raw/aptos2019/aptos2019/train_images/train_images/966c07831334.png,0.0,0.3108108,0.54493326
data/raw/aptos2019/aptos2019/train_images/train_images/96793edb1003.png,0.0,-6.112181,0.028084232
data/raw/aptos2019/aptos2019/train_images/train_images/9688c6ef5dc5.png,0.0,-1.1556021,0.33848354
data/raw/aptos2019/aptos2019/train_images/train_images/969f92a390db.png,0.0,-7.241347,0.014791631
data/raw/aptos2019/aptos2019/train_images/train_images/96a9706b8534.png,0.0,9.03906,0.9947338
data/raw/aptos2019/aptos2019/train_images/train_images/96b5474ae604.png,0.0,1.6324056,0.72041625
data/raw/aptos2019/aptos2019/train_images/train_images/96c3e3db68bc.png,1.0,9.769511,0.99654585
data/raw/aptos2019/aptos2019/train_images/train_images/96c699221180.png,0.0,1.3290969,0.6836632
data/raw/aptos2019/aptos2019/train_images/train_images/96ce10a1dbd7.png,0.0,1.7449716,0.7333717
data/raw/aptos2019/aptos2019/train_images/train_images/96d48b073f18.png,1.0,9.929176,0.9968503
data/raw/aptos2019/aptos2019/train_images/train_images/96ea316ed0ab.png,0.0,-4.6376867,0.06361983
data/raw/aptos2019/aptos2019/train_images/train_images/971bb98ab935.png,0.0,-2.931673,0.1544798
data/raw/aptos2019/aptos2019/train_images/train_images/973b0facfa9b.png,0.0,-0.02948302,0.49572623
data/raw/aptos2019/aptos2019/train_images/train_images/974c7d7b9c64.png,0.0,-3.664786,0.1066931
data/raw/aptos2019/aptos2019/train_images/train_images/975252e325e3.png,1.0,7.810305,0.9893205
data/raw/aptos2019/aptos2019/train_images/train_images/976082127e2a.png,0.0,-0.58170116,0.41646764
data/raw/aptos2019/aptos2019/train_images/train_images/977e1ca77653.png,0.0,9.520269,0.9960109
data/raw/aptos2019/aptos2019/train_images/train_images/9782c0489eca.png,0.0,9.953763,0.9968947
data/raw/aptos2019/aptos2019/train_images/train_images/9785805af1b8.png,1.0,9.920448,0.99683434
data/raw/aptos2019/aptos2019/train_images/train_images/97a235367f9d.png,0.0,1.949542,0.75591534
data/raw/aptos2019/aptos2019/train_images/train_images/97a5ad7548b7.png,1.0,9.14808,0.99505484
data/raw/aptos2019/aptos2019/train_images/train_images/97bf61736b86.png,1.0,5.8720183,0.9678544
data/raw/aptos2019/aptos2019/train_images/train_images/97c6cb55866d.png,0.0,-8.093062,0.009079219
data/raw/aptos2019/aptos2019/train_images/train_images/97d02a9b94f7.png,0.0,1.5562457,0.7114356
data/raw/aptos2019/aptos2019/train_images/train_images/97da093947e8.png,1.0,4.3074555,0.9239746
data/raw/aptos2019/aptos2019/train_images/train_images/97f290d31813.png,0.0,-8.428363,0.007487045
data/raw/aptos2019/aptos2019/train_images/train_images/97fdee242fea.png,0.0,4.385602,0.92709696
data/raw/aptos2019/aptos2019/train_images/train_images/98277aeb96a7.png,0.0,5.278367,0.9552374
data/raw/aptos2019/aptos2019/train_images/train_images/9837048b85dc.png,1.0,10.043169,0.9970511
data/raw/aptos2019/aptos2019/train_images/train_images/983c98354e9c.png,0.0,0.08958954,0.51298386
data/raw/aptos2019/aptos2019/train_images/train_images/98441214557f.png,0.0,-1.5380117,0.29073974
data/raw/aptos2019/aptos2019/train_images/train_images/9858cc2ae073.png,0.0,-6.6279483,0.020977154
data/raw/aptos2019/aptos2019/train_images/train_images/9859e2a6cc24.png,1.0,9.428335,0.99579334
data/raw/aptos2019/aptos2019/train_images/train_images/9870ce41cac4.png,0.0,-0.8126009,0.38433817
data/raw/aptos2019/aptos2019/train_images/train_images/9878db94d9f3.png,1.0,9.905329,0.9968066
data/raw/aptos2019/aptos2019/train_images/train_images/98d41bce73a8.png,0.0,-1.8130366,0.2589826
data/raw/aptos2019/aptos2019/train_images/train_images/98e44127872f.png,0.0,0.28505147,0.5412269
data/raw/aptos2019/aptos2019/train_images/train_images/98e8adcf085c.png,1.0,9.567566,0.9961184
data/raw/aptos2019/aptos2019/train_images/train_images/98f48850ebce.png,1.0,9.821322,0.99664766
data/raw/aptos2019/aptos2019/train_images/train_images/98fbe56dcc2c.png,0.0,9.754459,0.99651563
data/raw/aptos2019/aptos2019/train_images/train_images/9904939ab83d.png,1.0,9.954073,0.9968953
data/raw/aptos2019/aptos2019/train_images/train_images/9910c827e2fe.png,0.0,2.7128966,0.8282157
data/raw/aptos2019/aptos2019/train_images/train_images/99132193eaa0.png,0.0,9.300965,0.9954724
data/raw/aptos2019/aptos2019/train_images/train_images/991a0b7a8c87.png,0.0,-7.2649927,0.014593149
data/raw/aptos2019/aptos2019/train_images/train_images/99240ee00485.png,0.0,-0.113139585,0.4836053
data/raw/aptos2019/aptos2019/train_images/train_images/992599744a23.png,0.0,-8.050692,0.009302939
data/raw/aptos2019/aptos2019/train_images/train_images/992b9a07b25f.png,0.0,5.798034,0.96649265
data/raw/aptos2019/aptos2019/train_images/train_images/996f57c86ba5.png,1.0,9.780409,0.9965675
data/raw/aptos2019/aptos2019/train_images/train_images/996f9bba4ef0.png,0.0,-4.5816503,0.0655831
data/raw/aptos2019/aptos2019/train_images/train_images/9985375d709f.png,0.0,1.2410551,0.6725207
data/raw/aptos2019/aptos2019/train_images/train_images/999115d9386b.png,1.0,9.788622,0.9965837
data/raw/aptos2019/aptos2019/train_images/train_images/999ad827ed35.png,0.0,0.7327763,0.60465276
data/raw/aptos2019/aptos2019/train_images/train_images/99c626e58464.png,0.0,-2.6566865,0.17647107
data/raw/aptos2019/aptos2019/train_images/train_images/99c6a123ed6a.png,0.0,2.7145174,0.82834935
data/raw/aptos2019/aptos2019/train_images/train_images/99e8bf998285.png,1.0,5.1201644,0.951147
data/raw/aptos2019/aptos2019/train_images/train_images/99ecdb41d5e7.png,0.0,4.0840125,0.91435874
data/raw/aptos2019/aptos2019/train_images/train_images/9a1029536d78.png,0.0,3.3908577,0.87719595
data/raw/aptos2019/aptos2019/train_images/train_images/9a159d4674cd.png,0.0,-3.2870774,0.12943485
data/raw/aptos2019/aptos2019/train_images/train_images/9a28d4e8aef0.png,1.0,9.665109,0.99633104
data/raw/aptos2019/aptos2019/train_images/train_images/9a3109657ac1.png,0.0,3.7126217,0.89592177
data/raw/aptos2019/aptos2019/train_images/train_images/9a326446c431.png,0.0,-8.244567,0.008322014
data/raw/aptos2019/aptos2019/train_images/train_images/9a496b1e20f9.png,1.0,3.2797954,0.87008864
data/raw/aptos2019/aptos2019/train_images/train_images/9a4f370d341b.png,1.0,10.002379,0.9969807
data/raw/aptos2019/aptos2019/train_images/train_images/9a56cfb980ec.png,0.0,0.04399365,0.5063769
data/raw/aptos2019/aptos2019/train_images/train_images/9a78c6a7b1c2.png,1.0,5.2620883,0.954832
data/raw/aptos2019/aptos2019/train_images/train_images/9a7bd084395e.png,1.0,9.932978,0.99685717
data/raw/aptos2019/aptos2019/train_images/train_images/9a94e0316ee3.png,1.0,9.187791,0.9951669
data/raw/aptos2019/aptos2019/train_images/train_images/9a9b21215c55.png,1.0,8.257246,0.9917385
data/raw/aptos2019/aptos2019/train_images/train_images/9ab18a4a957f.png,0.0,2.0793688,0.76953584
data/raw/aptos2019/aptos2019/train_images/train_images/9ac2e3e9fca5.png,0.0,-0.772789,0.38981485
data/raw/aptos2019/aptos2019/train_images/train_images/9ac41b9a809e.png,0.0,1.8376032,0.74374175
data/raw/aptos2019/aptos2019/train_images/train_images/9ad92f1c1542.png,1.0,9.075517,0.99484336
data/raw/aptos2019/aptos2019/train_images/train_images/9ae54843c69a.png,0.0,-0.61381155,0.41195005
data/raw/aptos2019/aptos2019/train_images/train_images/9b093fe95d6b.png,1.0,10.044391,0.99705327
data/raw/aptos2019/aptos2019/train_images/train_images/9b0eb9f41da4.png,1.0,9.861651,0.996725
data/raw/aptos2019/aptos2019/train_images/train_images/9b32e8ef0ca0.png,1.0,9.920327,0.9968342
data/raw/aptos2019/aptos2019/train_images/train_images/9b418ce42c13.png,1.0,9.887486,0.9967734
data/raw/aptos2019/aptos2019/train_images/train_images/9b4fc15df3c8.png,0.0,4.6009107,0.935098
data/raw/aptos2019/aptos2019/train_images/train_images/9b57e43b44e7.png,0.0,-8.161257,0.008730289
data/raw/aptos2019/aptos2019/train_images/train_images/9b70f84400af.png,0.0,-0.70692766,0.39893565
data/raw/aptos2019/aptos2019/train_images/train_images/9b7b6e4db1d5.png,1.0,6.7553973,0.980488
data/raw/aptos2019/aptos2019/train_images/train_images/9b95d6203406.png,1.0,9.786102,0.99657875
data/raw/aptos2019/aptos2019/train_images/train_images/9ba469af2980.png,0.0,-8.194225,0.008566398
data/raw/aptos2019/aptos2019/train_images/train_images/9bafbbd152d2.png,1.0,9.698695,0.99640155
data/raw/aptos2019/aptos2019/train_images/train_images/9bbb6c455913.png,0.0,4.196766,0.9193416
data/raw/aptos2019/aptos2019/train_images/train_images/9bd008aab548.png,0.0,-1.2372745,0.32796225
data/raw/aptos2019/aptos2019/train_images/train_images/9be0683649ff.png,0.0,1.3562039,0.68705255
data/raw/aptos2019/aptos2019/train_images/train_images/9be71d6d7e59.png,0.0,2.9690793,0.848332
data/raw/aptos2019/aptos2019/train_images/train_images/9c088d2d1559.png,1.0,8.6203375,0.9932963
data/raw/aptos2019/aptos2019/train_images/train_images/9c14ce27cbfc.png,0.0,0.87680894,0.62443256
data/raw/aptos2019/aptos2019/train_images/train_images/9c514d2d5b3f.png,0.0,1.6921479,0.72733986
data/raw/aptos2019/aptos2019/train_images/train_images/9c5dd3612f0c.png,1.0,10.026296,0.9970222
data/raw/aptos2019/aptos2019/train_images/train_images/9c6512166557.png,0.0,-5.205001,0.046617266
data/raw/aptos2019/aptos2019/train_images/train_images/9c72ed6befa0.png,1.0,9.562566,0.99610716
data/raw/aptos2019/aptos2019/train_images/train_images/9c893e16c055.png,0.0,0.9673816,0.63666594
data/raw/aptos2019/aptos2019/train_images/train_images/9cc6b1f9bcbd.png,1.0,9.774823,0.9965564
data/raw/aptos2019/aptos2019/train_images/train_images/9ce46d400cd6.png,0.0,-0.61760503,0.4114173
data/raw/aptos2019/aptos2019/train_images/train_images/9cedf5c7016b.png,1.0,1.6818662,0.726156
data/raw/aptos2019/aptos2019/train_images/train_images/9cf7c1349673.png,0.0,0.5390477,0.57750976
data/raw/aptos2019/aptos2019/train_images/train_images/9d1feed37610.png,0.0,1.6663935,0.72436833
data/raw/aptos2019/aptos2019/train_images/train_images/9d62478042b6.png,0.0,-7.794641,0.010775873
data/raw/aptos2019/aptos2019/train_images/train_images/9d74428188bb.png,1.0,4.208656,0.9198513
data/raw/aptos2019/aptos2019/train_images/train_images/9d75de31f1b8.png,0.0,0.47463268,0.5683713
data/raw/aptos2019/aptos2019/train_images/train_images/9d98a0b585f2.png,1.0,8.882138,0.9942351
data/raw/aptos2019/aptos2019/train_images/train_images/9d9bfefa809c.png,1.0,9.475364,0.9959061
data/raw/aptos2019/aptos2019/train_images/train_images/9da74370835a.png,1.0,8.824132,0.99403906
data/raw/aptos2019/aptos2019/train_images/train_images/9dab2e6ba44b.png,1.0,9.182647,0.9951525
data/raw/aptos2019/aptos2019/train_images/train_images/9de9421f17e3.png,0.0,1.9220089,0.75295764
data/raw/aptos2019/aptos2019/train_images/train_images/9df31421cdd2.png,1.0,9.815619,0.9966366
data/raw/aptos2019/aptos2019/train_images/train_images/9e2058917304.png,0.0,0.58333427,0.58376247
data/raw/aptos2019/aptos2019/train_images/train_images/9e2a8135f471.png,0.0,-3.3251574,0.12696712
data/raw/aptos2019/aptos2019/train_images/train_images/9e2ba2b979f1.png,0.0,-3.9640121,0.09124928
data/raw/aptos2019/aptos2019/train_images/train_images/9e3510963315.png,1.0,10.0438175,0.9970522
data/raw/aptos2019/aptos2019/train_images/train_images/9e5737f771c3.png,0.0,-5.89774,0.031684812
data/raw/aptos2019/aptos2019/train_images/train_images/9e5ec293267c.png,1.0,9.966713,0.99691796
data/raw/aptos2019/aptos2019/train_images/train_images/9e7a63b2fc6a.png,0.0,-7.532642,0.012521657
data/raw/aptos2019/aptos2019/train_images/train_images/9e99ae6ee7af.png,0.0,-0.83519584,0.38124284
data/raw/aptos2019/aptos2019/train_images/train_images/9eaac43744f5.png,1.0,7.309806,0.98577577
data/raw/aptos2019/aptos2019/train_images/train_images/9eaf735cf01f.png,0.0,10.019401,0.99701035
data/raw/aptos2019/aptos2019/train_images/train_images/9ed666e982cd.png,0.0,10.042643,0.9970503
data/raw/aptos2019/aptos2019/train_images/train_images/9ed6c2b25767.png,0.0,3.8947747,0.9053666
data/raw/aptos2019/aptos2019/train_images/train_images/9f1b14dfa14c.png,0.0,1.0654788,0.64971864
data/raw/aptos2019/aptos2019/train_images/train_images/9f1efb799b7b.png,1.0,10.059825,0.9970795
data/raw/aptos2019/aptos2019/train_images/train_images/9f285b3e57ed.png,0.0,2.6004264,0.8187379
data/raw/aptos2019/aptos2019/train_images/train_images/9f37c98b8187.png,1.0,8.890767,0.9942637
data/raw/aptos2019/aptos2019/train_images/train_images/9f436886e056.png,1.0,9.448539,0.99584216
data/raw/aptos2019/aptos2019/train_images/train_images/9f5a8665cf2e.png,1.0,9.042981,0.99474573
data/raw/aptos2019/aptos2019/train_images/train_images/9f8112c710be.png,0.0,1.6185188,0.7187915
data/raw/aptos2019/aptos2019/train_images/train_images/9f935fb38440.png,0.0,3.5674798,0.8878088
data/raw/aptos2019/aptos2019/train_images/train_images/9fa02dfb5553.png,0.0,-0.7632984,0.39112455
data/raw/aptos2019/aptos2019/train_images/train_images/9faad91b6578.png,1.0,9.810145,0.996626
data/raw/aptos2019/aptos2019/train_images/train_images/9fab29e69a6b.png,1.0,9.852273,0.99670714
data/raw/aptos2019/aptos2019/train_images/train_images/9fefe2b44795.png,1.0,10.036777,0.9970402
data/raw/aptos2019/aptos2019/train_images/train_images/a00b4cb250a7.png,0.0,9.386929,0.9956916
data/raw/aptos2019/aptos2019/train_images/train_images/a01024054596.png,0.0,-0.41744426,0.43978146
data/raw/aptos2019/aptos2019/train_images/train_images/a015ce4f51ad.png,1.0,9.884028,0.99676704
data/raw/aptos2019/aptos2019/train_images/train_images/a01c590c444f.png,1.0,10.041869,0.9970489
data/raw/aptos2019/aptos2019/train_images/train_images/a0267206d51e.png,1.0,10.000838,0.99697816
data/raw/aptos2019/aptos2019/train_images/train_images/a02dfd67a925.png,0.0,-0.97424585,0.36241385
data/raw/aptos2019/aptos2019/train_images/train_images/a0445785e2f7.png,0.0,1.068725,0.6501469
data/raw/aptos2019/aptos2019/train_images/train_images/a04fb36db784.png,1.0,6.650708,0.97929215
data/raw/aptos2019/aptos2019/train_images/train_images/a06a63d866b2.png,0.0,-1.5381503,0.29072315
data/raw/aptos2019/aptos2019/train_images/train_images/a06b353e7bed.png,0.0,-2.1045156,0.22788836
data/raw/aptos2019/aptos2019/train_images/train_images/a06e41bd2634.png,1.0,6.7844377,0.9808076
data/raw/aptos2019/aptos2019/train_images/train_images/a06e5ac695ce.png,0.0,-5.388142,0.042118493
data/raw/aptos2019/aptos2019/train_images/train_images/a07d571bf7ba.png,0.0,-2.3208866,0.20656887
data/raw/aptos2019/aptos2019/train_images/train_images/a07d9a5045cb.png,0.0,-5.070482,0.050209053
data/raw/aptos2019/aptos2019/train_images/train_images/a07efb1ecfc0.png,0.0,-2.638478,0.17801067
data/raw/aptos2019/aptos2019/train_images/train_images/a08a0133754a.png,0.0,2.459936,0.8063333
data/raw/aptos2019/aptos2019/train_images/train_images/a0a0cd8af5a6.png,1.0,9.91981,0.99683326
data/raw/aptos2019/aptos2019/train_images/train_images/a0adbe677508.png,0.0,-5.4237447,0.041293457
data/raw/aptos2019/aptos2019/train_images/train_images/a0b7ad98df57.png,0.0,-2.6427703,0.1776468
data/raw/aptos2019/aptos2019/train_images/train_images/a0cd7bffdaa0.png,1.0,9.909995,0.99681515
data/raw/aptos2019/aptos2019/train_images/train_images/a0d04a19cf40.png,1.0,9.213775,0.9952388
data/raw/aptos2019/aptos2019/train_images/train_images/a0e635689259.png,0.0,3.0436237,0.85381
data/raw/aptos2019/aptos2019/train_images/train_images/a0fd94e2ad76.png,0.0,-5.3097687,0.043990526
data/raw/aptos2019/aptos2019/train_images/train_images/a11bf2edd470.png,1.0,-4.2458024,0.078575
data/raw/aptos2019/aptos2019/train_images/train_images/a11c62cb3f86.png,0.0,-8.16553,0.008708873
data/raw/aptos2019/aptos2019/train_images/train_images/a125377fb985.png,1.0,9.403547,0.9957327
data/raw/aptos2019/aptos2019/train_images/train_images/a12ca80bb8c7.png,0.0,2.768739,0.8327736
data/raw/aptos2019/aptos2019/train_images/train_images/a14bbd9a583e.png,1.0,10.11888,0.9971775
data/raw/aptos2019/aptos2019/train_images/train_images/a14fcf84bfe1.png,1.0,9.931455,0.9968545
data/raw/aptos2019/aptos2019/train_images/train_images/a150ff5dfe07.png,1.0,10.051143,0.99706477
data/raw/aptos2019/aptos2019/train_images/train_images/a15470303941.png,1.0,9.8876505,0.9967738
data/raw/aptos2019/aptos2019/train_images/train_images/a15590a7d774.png,1.0,9.929751,0.9968514
data/raw/aptos2019/aptos2019/train_images/train_images/a1822dd8d05d.png,0.0,-2.526559,0.18770543
data/raw/aptos2019/aptos2019/train_images/train_images/a182b5b191de.png,1.0,9.287215,0.9954364
data/raw/aptos2019/aptos2019/train_images/train_images/a1872f9c0cba.png,0.0,-5.429799,0.04115471
data/raw/aptos2019/aptos2019/train_images/train_images/a188c60b93fb.png,0.0,-8.165442,0.008709309
data/raw/aptos2019/aptos2019/train_images/train_images/a19ecd0a706e.png,0.0,-0.24005294,0.46525824
data/raw/aptos2019/aptos2019/train_images/train_images/a1b28bcbce00.png,0.0,3.1911066,0.8641644
data/raw/aptos2019/aptos2019/train_images/train_images/a1e236fbc863.png,0.0,0.40251982,0.55808544
data/raw/aptos2019/aptos2019/train_images/train_images/a1eb88562239.png,0.0,0.8007937,0.6140406
data/raw/aptos2019/aptos2019/train_images/train_images/a1edf0e66592.png,0.0,1.5055057,0.7053583
data/raw/aptos2019/aptos2019/train_images/train_images/a1faeb4d5f10.png,0.0,-3.1031275,0.1419358
data/raw/aptos2019/aptos2019/train_images/train_images/a2163f0c2af5.png,0.0,1.5422814,0.70977056
data/raw/aptos2019/aptos2019/train_images/train_images/a21b37719f9b.png,1.0,9.948385,0.996885
data/raw/aptos2019/aptos2019/train_images/train_images/a247961a5cd9.png,0.0,0.12947245,0.51875937
data/raw/aptos2019/aptos2019/train_images/train_images/a2696f444ecb.png,0.0,8.93447,0.99440646
data/raw/aptos2019/aptos2019/train_images/train_images/a26f50218b84.png,0.0,0.96366745,0.63616765
data/raw/aptos2019/aptos2019/train_images/train_images/a2811f512c1c.png,0.0,-0.69464105,0.4006452
data/raw/aptos2019/aptos2019/train_images/train_images/a28bfb772f50.png,0.0,9.94524,0.99687946
data/raw/aptos2019/aptos2019/train_images/train_images/a2ad3da4c7d6.png,1.0,10.012948,0.99699926
data/raw/aptos2019/aptos2019/train_images/train_images/a2b97d98f130.png,0.0,-7.901309,0.010136133
data/raw/aptos2019/aptos2019/train_images/train_images/a2b995b81692.png,0.0,5.5657787,0.96184653
data/raw/aptos2019/aptos2019/train_images/train_images/a2d349f567a6.png,1.0,8.20488,0.9914859
data/raw/aptos2019/aptos2019/train_images/train_images/a2ddabee14e9.png,1.0,9.708266,0.99642146
data/raw/aptos2019/aptos2019/train_images/train_images/a2dff8dbc9f8.png,0.0,0.8616255,0.62236565
data/raw/aptos2019/aptos2019/train_images/train_images/a30a143a53a3.png,0.0,3.9418967,0.90768176
data/raw/aptos2019/aptos2019/train_images/train_images/a3132c8828e4.png,0.0,0.0072979643,0.50105786
data/raw/aptos2019/aptos2019/train_images/train_images/a32886cb31ab.png,0.0,1.2721734,0.6764821
data/raw/aptos2019/aptos2019/train_images/train_images/a32b5ce3d48a.png,1.0,9.947677,0.9968838
data/raw/aptos2019/aptos2019/train_images/train_images/a3475dc3ac80.png,1.0,7.6403265,0.9882273
data/raw/aptos2019/aptos2019/train_images/train_images/a34fc5376669.png,0.0,2.1860325,0.78032124
data/raw/aptos2019/aptos2019/train_images/train_images/a3706ce27869.png,1.0,3.8416047,0.90269196
data/raw/aptos2019/aptos2019/train_images/train_images/a3802934bad7.png,1.0,7.267738,0.98542964
data/raw/aptos2019/aptos2019/train_images/train_images/a384e688e228.png,0.0,0.7937394,0.6130708
data/raw/aptos2019/aptos2019/train_images/train_images/a386ec9aabde.png,1.0,10.00303,0.9969819
data/raw/aptos2019/aptos2019/train_images/train_images/a3957df90a78.png,1.0,9.5332365,0.9960407
data/raw/aptos2019/aptos2019/train_images/train_images/a3ad6c2db6f1.png,0.0,6.492699,0.97735023
data/raw/aptos2019/aptos2019/train_images/train_images/a3bd2e034614.png,0.0,-6.7474685,0.019600153
data/raw/aptos2019/aptos2019/train_images/train_images/a3d2a0c4cd17.png,0.0,10.045142,0.99705446
data/raw/aptos2019/aptos2019/train_images/train_images/a3fcf42ff56d.png,1.0,9.892069,0.99678195
data/raw/aptos2019/aptos2019/train_images/train_images/a419fcb2dfb5.png,0.0,4.175346,0.91841584
data/raw/aptos2019/aptos2019/train_images/train_images/a4359815f152.png,1.0,9.490822,0.9959424
data/raw/aptos2019/aptos2019/train_images/train_images/a44345b27804.png,0.0,1.720029,0.73053414
data/raw/aptos2019/aptos2019/train_images/train_images/a443c4fd489c.png,0.0,1.3823271,0.6903001
data/raw/aptos2019/aptos2019/train_images/train_images/a45c30da0c72.png,0.0,0.37373218,0.5539648
data/raw/aptos2019/aptos2019/train_images/train_images/a45d77edf8d9.png,1.0,-5.9072275,0.031516463
data/raw/aptos2019/aptos2019/train_images/train_images/a476fd984005.png,1.0,9.933564,0.99685824
data/raw/aptos2019/aptos2019/train_images/train_images/a47878630dc2.png,1.0,7.9457192,0.990119
data/raw/aptos2019/aptos2019/train_images/train_images/a484bdf85b4c.png,0.0,-1.1495181,0.3392739
data/raw/aptos2019/aptos2019/train_images/train_images/a49b0b4484ea.png,1.0,7.976168,0.9902902
data/raw/aptos2019/aptos2019/train_images/train_images/a4b8de38eac1.png,1.0,10.0175905,0.9970072
data/raw/aptos2019/aptos2019/train_images/train_images/a4d41c495666.png,1.0,8.934606,0.9944068
data/raw/aptos2019/aptos2019/train_images/train_images/a4d4b69f7404.png,1.0,6.4417477,0.97668695
data/raw/aptos2019/aptos2019/train_images/train_images/a4ee03ecff60.png,0.0,0.14997078,0.52172595
data/raw/aptos2019/aptos2019/train_images/train_images/a505981d1cab.png,1.0,9.811767,0.9966292
data/raw/aptos2019/aptos2019/train_images/train_images/a528be013a04.png,0.0,1.1585488,0.661899
data/raw/aptos2019/aptos2019/train_images/train_images/a53d6d2472a6.png,0.0,0.024776276,0.5035915
data/raw/aptos2019/aptos2019/train_images/train_images/a56729de89e9.png,1.0,9.444924,0.9958335
data/raw/aptos2019/aptos2019/train_images/train_images/a5a2a7003d60.png,0.0,2.9810202,0.8492207
data/raw/aptos2019/aptos2019/train_images/train_images/a5bb85afc6e8.png,0.0,1.8272712,0.74259824
data/raw/aptos2019/aptos2019/train_images/train_images/a5c9a8c726b2.png,1.0,9.718464,0.9964424
data/raw/aptos2019/aptos2019/train_images/train_images/a61723fc38c2.png,0.0,-0.9145872,0.37044448
data/raw/aptos2019/aptos2019/train_images/train_images/a627eb8c08c5.png,0.0,-3.001337,0.14927706
data/raw/aptos2019/aptos2019/train_images/train_images/a62e995f167c.png,0.0,-1.210621,0.33137757
data/raw/aptos2019/aptos2019/train_images/train_images/a62ea0043aa7.png,1.0,10.082692,0.99711776
data/raw/aptos2019/aptos2019/train_images/train_images/a6356a3c5d11.png,0.0,-8.3784685,0.0077051213
data/raw/aptos2019/aptos2019/train_images/train_images/a64273801bde.png,1.0,9.828872,0.9966624
data/raw/aptos2019/aptos2019/train_images/train_images/a646c084928c.png,0.0,3.8928783,0.9052723
data/raw/aptos2019/aptos2019/train_images/train_images/a654b25124c3.png,0.0,0.7063702,0.60098684
data/raw/aptos2019/aptos2019/train_images/train_images/a664d2055886.png,1.0,9.980091,0.9969416
data/raw/aptos2019/aptos2019/train_images/train_images/a66c3165876f.png,1.0,9.534995,0.99604475
data/raw/aptos2019/aptos2019/train_images/train_images/a673193cd5a9.png,0.0,-5.3373647,0.04332248
data/raw/aptos2019/aptos2019/train_images/train_images/a6731dd737af.png,0.0,1.5273136,0.70797944
data/raw/aptos2019/aptos2019/train_images/train_images/a688f20f8895.png,1.0,9.807248,0.9966203
data/raw/aptos2019/aptos2019/train_images/train_images/a6b6d27c1b32.png,0.0,-3.9533875,0.09176142
data/raw/aptos2019/aptos2019/train_images/train_images/a6c9e96a10d7.png,1.0,9.742411,0.99649125
data/raw/aptos2019/aptos2019/train_images/train_images/a6d45de20e4d.png,1.0,9.413596,0.9957574
data/raw/aptos2019/aptos2019/train_images/train_images/a70d0f12a641.png,0.0,2.231137,0.7847716
data/raw/aptos2019/aptos2019/train_images/train_images/a721efb1e049.png,1.0,9.970219,0.9969241
data/raw/aptos2019/aptos2019/train_images/train_images/a73c3d516c59.png,0.0,-0.7044086,0.39928594
data/raw/aptos2019/aptos2019/train_images/train_images/a73d012c4c38.png,0.0,-4.2442026,0.078642175
data/raw/aptos2019/aptos2019/train_images/train_images/a75bab2463d4.png,0.0,10.076751,0.9971079
data/raw/aptos2019/aptos2019/train_images/train_images/a76132e79688.png,0.0,-0.06594761,0.49044147
data/raw/aptos2019/aptos2019/train_images/train_images/a763661f98a5.png,1.0,10.070468,0.9970974
data/raw/aptos2019/aptos2019/train_images/train_images/a7673ac44509.png,0.0,-7.4418187,0.013189819
data/raw/aptos2019/aptos2019/train_images/train_images/a76b69e443ce.png,1.0,8.778971,0.9938818
data/raw/aptos2019/aptos2019/train_images/train_images/a77dbec966d4.png,0.0,2.949844,0.84689134
data/raw/aptos2019/aptos2019/train_images/train_images/a77eb914b383.png,0.0,-1.6171428,0.28136978
data/raw/aptos2019/aptos2019/train_images/train_images/a790a3b36390.png,1.0,9.251605,0.99534154
data/raw/aptos2019/aptos2019/train_images/train_images/a7b03e58a6e1.png,0.0,-2.1651719,0.22175921
data/raw/aptos2019/aptos2019/train_images/train_images/a7b7dc8788b9.png,1.0,8.101282,0.9909636
data/raw/aptos2019/aptos2019/train_images/train_images/a7c10ca6c117.png,0.0,-6.882952,0.018146195
data/raw/aptos2019/aptos2019/train_images/train_images/a7ec056502e7.png,0.0,7.1905923,0.9847733
data/raw/aptos2019/aptos2019/train_images/train_images/a804cef3e51f.png,1.0,0.22097279,0.5319882
data/raw/aptos2019/aptos2019/train_images/train_images/a80dab8eddf4.png,1.0,9.994474,0.996967
data/raw/aptos2019/aptos2019/train_images/train_images/a81b06f50612.png,1.0,9.444891,0.9958334
data/raw/aptos2019/aptos2019/train_images/train_images/a821b6ecef33.png,0.0,-7.550631,0.012393335
data/raw/aptos2019/aptos2019/train_images/train_images/a8263d248523.png,0.0,-7.913118,0.010067659
data/raw/aptos2019/aptos2019/train_images/train_images/a82a12ad3fb1.png,0.0,3.7738671,0.8991869
data/raw/aptos2019/aptos2019/train_images/train_images/a85cda5f725d.png,0.0,0.93738204,0.6326327
data/raw/aptos2019/aptos2019/train_images/train_images/a86128b601a7.png,0.0,-1.7223305,0.26920325
data/raw/aptos2019/aptos2019/train_images/train_images/a8652b2de23f.png,1.0,9.743453,0.9964934
data/raw/aptos2019/aptos2019/train_images/train_images/a86c6283fd78.png,1.0,9.6905775,0.9963846
data/raw/aptos2019/aptos2019/train_images/train_images/a879c3569552.png,1.0,9.889242,0.99677676
data/raw/aptos2019/aptos2019/train_images/train_images/a87f53bc984a.png,1.0,9.5940695,0.9961773
data/raw/aptos2019/aptos2019/train_images/train_images/a88365134c3c.png,0.0,-2.7653344,0.16750142
data/raw/aptos2019/aptos2019/train_images/train_images/a8854768549f.png,0.0,-1.8855803,0.25099236
data/raw/aptos2019/aptos2019/train_images/train_images/a88f68b0b114.png,1.0,9.944967,0.99687886
data/raw/aptos2019/aptos2019/train_images/train_images/a8a6588c8eb7.png,0.0,-6.980557,0.017164871
data/raw/aptos2019/aptos2019/train_images/train_images/a8aed92940fb.png,0.0,-0.1203147,0.4825664
data/raw/aptos2019/aptos2019/train_images/train_images/a8b3c0961d42.png,0.0,6.832942,0.98132986
data/raw/aptos2019/aptos2019/train_images/train_images/a8b637abd96b.png,0.0,-1.776059,0.26311854
data/raw/aptos2019/aptos2019/train_images/train_images/a8c54e2a4b79.png,0.0,3.7746642,0.8992288
data/raw/aptos2019/aptos2019/train_images/train_images/a8c950a99107.png,0.0,9.680083,0.9963626
data/raw/aptos2019/aptos2019/train_images/train_images/a8c9fcdbc0be.png,0.0,-7.5628204,0.012307127
data/raw/aptos2019/aptos2019/train_images/train_images/a8dea22ef903.png,0.0,-0.2243641,0.4675222
data/raw/aptos2019/aptos2019/train_images/train_images/a8e08e7fe016.png,1.0,9.901676,0.9967998
data/raw/aptos2019/aptos2019/train_images/train_images/a8eb35b3bcd2.png,1.0,9.982402,0.9969457
data/raw/aptos2019/aptos2019/train_images/train_images/a93f1ea3ff4a.png,1.0,6.98298,0.98285884
data/raw/aptos2019/aptos2019/train_images/train_images/a94da3d3b5c0.png,0.0,-2.78151,0.16619761
data/raw/aptos2019/aptos2019/train_images/train_images/a95858e052d6.png,0.0,1.9220985,0.75296736
data/raw/aptos2019/aptos2019/train_images/train_images/a95d9d61ddd4.png,0.0,-2.1007893,0.22826874
data/raw/aptos2019/aptos2019/train_images/train_images/a963ac561580.png,0.0,0.587978,0.58441657
data/raw/aptos2019/aptos2019/train_images/train_images/a96ff96bbae5.png,0.0,-2.5871432,0.18240792
data/raw/aptos2019/aptos2019/train_images/train_images/a987aa7aac37.png,0.0,-0.5520336,0.4206541
data/raw/aptos2019/aptos2019/train_images/train_images/a9a28c37c8c4.png,1.0,9.7433195,0.99649316
data/raw/aptos2019/aptos2019/train_images/train_images/a9a3225cf4b5.png,0.0,-0.3448946,0.45017037
data/raw/aptos2019/aptos2019/train_images/train_images/a9b3177f01c0.png,0.0,-7.145581,0.015623029
data/raw/aptos2019/aptos2019/train_images/train_images/a9bc2f892cb3.png,0.0,1.7992688,0.73948246
data/raw/aptos2019/aptos2019/train_images/train_images/a9c7b83caf81.png,1.0,9.8729315,0.9967462
data/raw/aptos2019/aptos2019/train_images/train_images/a9d0c900b6a9.png,1.0,8.379287,0.99229854
data/raw/aptos2019/aptos2019/train_images/train_images/a9dc80cba9a4.png,0.0,-7.9868464,0.0096504
data/raw/aptos2019/aptos2019/train_images/train_images/a9e3d186cd1b.png,0.0,-1.0355974,0.3542347
data/raw/aptos2019/aptos2019/train_images/train_images/aa0afc41ed19.png,1.0,7.7767324,0.98911285
data/raw/aptos2019/aptos2019/train_images/train_images/aa10a4b2e709.png,0.0,-0.4534303,0.43464723
data/raw/aptos2019/aptos2019/train_images/train_images/aa31bc6b8f4d.png,1.0,9.854332,0.996711
data/raw/aptos2019/aptos2019/train_images/train_images/aa4407aab872.png,0.0,1.9694679,0.7580408
data/raw/aptos2019/aptos2019/train_images/train_images/aa5ce75edcf5.png,1.0,3.9734135,0.90920174
data/raw/aptos2019/aptos2019/train_images/train_images/aa60813e1a8d.png,0.0,-7.800351,0.010740639
data/raw/aptos2019/aptos2019/train_images/train_images/aa6242f9e08c.png,0.0,-7.1480284,0.015601221
data/raw/aptos2019/aptos2019/train_images/train_images/aa6673241154.png,1.0,6.702893,0.97989696
data/raw/aptos2019/aptos2019/train_images/train_images/aa841de1ee82.png,1.0,8.198711,0.9914556
data/raw/aptos2019/aptos2019/train_images/train_images/aa8a1e814811.png,0.0,-4.8519564,0.056607675
data/raw/aptos2019/aptos2019/train_images/train_images/aa94cc4bfd84.png,0.0,-0.7427216,0.39396957
data/raw/aptos2019/aptos2019/train_images/train_images/aa9b8f05f4bf.png,1.0,7.7155833,0.9887243
data/raw/aptos2019/aptos2019/train_images/train_images/aa9cfe639ef1.png,1.0,4.701086,0.93853533
data/raw/aptos2019/aptos2019/train_images/train_images/aaaadb174012.png,0.0,-0.24315582,0.46481064
data/raw/aptos2019/aptos2019/train_images/train_images/aabd867043cf.png,0.0,1.1404727,0.65954936
data/raw/aptos2019/aptos2019/train_images/train_images/aad0c0ee9268.png,1.0,6.9419675,0.9824536
data/raw/aptos2019/aptos2019/train_images/train_images/aae8f9f3ef8c.png,1.0,10.007963,0.99699044
data/raw/aptos2019/aptos2019/train_images/train_images/aafb0c944f14.png,0.0,-1.6670343,0.27555752
data/raw/aptos2019/aptos2019/train_images/train_images/aafe980edd0c.png,0.0,1.3179805,0.6822675
data/raw/aptos2019/aptos2019/train_images/train_images/ab03d50bba2f.png,0.0,-3.3074512,0.12810951
data/raw/aptos2019/aptos2019/train_images/train_images/ab1c20a94f3f.png,1.0,9.869489,0.9967397
data/raw/aptos2019/aptos2019/train_images/train_images/ab32db41c409.png,0.0,-8.286663,0.008122972
data/raw/aptos2019/aptos2019/train_images/train_images/ab3c505b624f.png,0.0,-5.8978443,0.031682957
data/raw/aptos2019/aptos2019/train_images/train_images/ab653b8554c0.png,0.0,-1.0780445,0.34862497
data/raw/aptos2019/aptos2019/train_images/train_images/ab686895533e.png,0.0,2.931737,0.8455251
data/raw/aptos2019/aptos2019/train_images/train_images/ab724603ee93.png,0.0,-3.7522047,0.10195741
data/raw/aptos2019/aptos2019/train_images/train_images/ab78a66dee6a.png,0.0,1.9822456,0.75939703
data/raw/aptos2019/aptos2019/train_images/train_images/ab7991df166b.png,0.0,3.5601704,0.887386
data/raw/aptos2019/aptos2019/train_images/train_images/ab88081e5654.png,0.0,3.9093268,0.90608704
data/raw/aptos2019/aptos2019/train_images/train_images/aba3063c5413.png,1.0,10.04667,0.9970571
data/raw/aptos2019/aptos2019/train_images/train_images/ababe19ed448.png,0.0,2.1483445,0.7765523
data/raw/aptos2019/aptos2019/train_images/train_images/abbb8791785e.png,0.0,-0.09639285,0.48603064
data/raw/aptos2019/aptos2019/train_images/train_images/abdb365cacbc.png,0.0,9.515707,0.99600035
data/raw/aptos2019/aptos2019/train_images/train_images/abe940882578.png,0.0,1.6783963,0.7257557
data/raw/aptos2019/aptos2019/train_images/train_images/abf09c44d5f4.png,1.0,9.67199,0.9963456
data/raw/aptos2019/aptos2019/train_images/train_images/abf0f56c6f12.png,1.0,5.756698,0.96570766
data/raw/aptos2019/aptos2019/train_images/train_images/ac0a48ccbf70.png,0.0,2.0984497,0.7714922
data/raw/aptos2019/aptos2019/train_images/train_images/ac1667fac512.png,0.0,1.2561592,0.6744466
data/raw/aptos2019/aptos2019/train_images/train_images/ac17cc18a994.png,0.0,-1.895028,0.24996388
data/raw/aptos2019/aptos2019/train_images/train_images/ac2c814949f9.png,1.0,10.050367,0.99706334
data/raw/aptos2019/aptos2019/train_images/train_images/ac5b5dddf91b.png,1.0,10.046533,0.99705684
data/raw/aptos2019/aptos2019/train_images/train_images/ac720570dd0f.png,1.0,-0.8023229,0.3857493
data/raw/aptos2019/aptos2019/train_images/train_images/ac81fc200162.png,0.0,-8.192321,0.008575783
data/raw/aptos2019/aptos2019/train_images/train_images/aca88f566228.png,1.0,9.980902,0.99694306
data/raw/aptos2019/aptos2019/train_images/train_images/acc9f29538c4.png,1.0,8.995921,0.99460113
data/raw/aptos2019/aptos2019/train_images/train_images/ace2281f00c4.png,0.0,1.9537114,0.75636107
data/raw/aptos2019/aptos2019/train_images/train_images/ace287a5c991.png,0.0,-2.7792056,0.16638286
data/raw/aptos2019/aptos2019/train_images/train_images/acf976efd7ce.png,0.0,-1.5202813,0.29286426
data/raw/aptos2019/aptos2019/train_images/train_images/ad029ba7fa8b.png,0.0,-1.1498208,0.33923453
data/raw/aptos2019/aptos2019/train_images/train_images/ad12cde115ab.png,0.0,-3.399593,0.122259475
data/raw/aptos2019/aptos2019/train_images/train_images/ad1aa75d5630.png,0.0,-3.227014,0.13341011
data/raw/aptos2019/aptos2019/train_images/train_images/ad1f7445b1a8.png,0.0,5.444632,0.95918334
data/raw/aptos2019/aptos2019/train_images/train_images/ad20080452de.png,0.0,-0.57662493,0.41718313
data/raw/aptos2019/aptos2019/train_images/train_images/ad2f0b9d059c.png,1.0,9.96208,0.9969097
data/raw/aptos2019/aptos2019/train_images/train_images/ad312ca98202.png,0.0,1.2867347,0.67832714
data/raw/aptos2019/aptos2019/train_images/train_images/ad3fc5076852.png,0.0,6.2837553,0.97450745
data/raw/aptos2019/aptos2019/train_images/train_images/ad570b850a4f.png,1.0,3.2951608,0.8710924
data/raw/aptos2019/aptos2019/train_images/train_images/ad6b07d5c338.png,0.0,1.4220895,0.69520736
data/raw/aptos2019/aptos2019/train_images/train_images/ad93d88c87ea.png,0.0,-0.7852632,0.38809577
data/raw/aptos2019/aptos2019/train_images/train_images/ad944bd56bb6.png,0.0,-2.495978,0.19042404
data/raw/aptos2019/aptos2019/train_images/train_images/adb56cecafaf.png,1.0,9.914166,0.99682283
data/raw/aptos2019/aptos2019/train_images/train_images/add1d681d712.png,1.0,9.062132,0.99480337
data/raw/aptos2019/aptos2019/train_images/train_images/addf66a50f42.png,0.0,-3.224888,0.13355269
data/raw/aptos2019/aptos2019/train_images/train_images/ae1344610ebe.png,1.0,10.052131,0.99706644
data/raw/aptos2019/aptos2019/train_images/train_images/ae20112e7a1e.png,0.0,1.0992368,0.6541602
data/raw/aptos2019/aptos2019/train_images/train_images/ae2c3f6312ef.png,0.0,1.0353302,0.64572984
data/raw/aptos2019/aptos2019/train_images/train_images/ae2e888905ba.png,0.0,-1.3992411,0.30760717
data/raw/aptos2019/aptos2019/train_images/train_images/ae49cc60f251.png,0.0,-2.907914,0.15628777
data/raw/aptos2019/aptos2019/train_images/train_images/ae57c8630249.png,0.0,-3.4357243,0.12002899
data/raw/aptos2019/aptos2019/train_images/train_images/ae58ccb5905e.png,0.0,-0.95618147,0.36483762
data/raw/aptos2019/aptos2019/train_images/train_images/ae5d31979f19.png,0.0,3.0813243,0.85651755
data/raw/aptos2019/aptos2019/train_images/train_images/ae61e19fb766.png,0.0,-1.1135372,0.34396628
data/raw/aptos2019/aptos2019/train_images/train_images/ae8424cdb029.png,1.0,-6.195311,0.026798043
data/raw/aptos2019/aptos2019/train_images/train_images/ae8472f8d310.png,0.0,5.739199,0.96537006
data/raw/aptos2019/aptos2019/train_images/train_images/ae94ce412de9.png,0.0,-6.475184,0.022875607
data/raw/aptos2019/aptos2019/train_images/train_images/ae975c43bd8b.png,0.0,-0.33126372,0.45212746
data/raw/aptos2019/aptos2019/train_images/train_images/aea59ebec445.png,1.0,9.984185,0.9969489
data/raw/aptos2019/aptos2019/train_images/train_images/aeab0a63bcaf.png,0.0,0.061294157,0.5088842
data/raw/aptos2019/aptos2019/train_images/train_images/aeb6f4fd2eed.png,0.0,0.66240805,0.5948587
data/raw/aptos2019/aptos2019/train_images/train_images/aebe87a423c8.png,0.0,-3.0192583,0.14796224
data/raw/aptos2019/aptos2019/train_images/train_images/aec51513cf45.png,0.0,-2.3810918,0.20090592
data/raw/aptos2019/aptos2019/train_images/train_images/aeccef0bdc26.png,0.0,-0.38433796,0.44451624
data/raw/aptos2019/aptos2019/train_images/train_images/aed4e743c230.png,1.0,9.518528,0.9960069
data/raw/aptos2019/aptos2019/train_images/train_images/aeed1f251ceb.png,1.0,9.958876,0.99690384
data/raw/aptos2019/aptos2019/train_images/train_images/aef9016557ca.png,1.0,9.462821,0.9958763
data/raw/aptos2019/aptos2019/train_images/train_images/af133a85ea0c.png,0.0,7.200831,0.9848621
data/raw/aptos2019/aptos2019/train_images/train_images/af345c68e836.png,0.0,0.81657535,0.616207
data/raw/aptos2019/aptos2019/train_images/train_images/af3b0115aad1.png,1.0,9.893449,0.99678457
data/raw/aptos2019/aptos2019/train_images/train_images/af5a0bc4e1fa.png,0.0,2.664419,0.82417953
data/raw/aptos2019/aptos2019/train_images/train_images/af6166d57f13.png,0.0,1.2057863,0.6680011
data/raw/aptos2019/aptos2019/train_images/train_images/af6a1508cd95.png,0.0,-4.7061076,0.06129694
data/raw/aptos2019/aptos2019/train_images/train_images/af7a36454670.png,0.0,-0.7579339,0.39186555
data/raw/aptos2019/aptos2019/train_images/train_images/af828dab3ffc.png,1.0,9.851301,0.99670535
data/raw/aptos2019/aptos2019/train_images/train_images/af831c158744.png,1.0,8.020148,0.9905324
data/raw/aptos2019/aptos2019/train_images/train_images/af87d48ffe01.png,0.0,-7.154223,0.01554615
data/raw/aptos2019/aptos2019/train_images/train_images/af8aa32beee4.png,1.0,10.031802,0.9970317
data/raw/aptos2019/aptos2019/train_images/train_images/afc345cc9145.png,0.0,-4.52609,0.06758521
data/raw/aptos2019/aptos2019/train_images/train_images/afc744fad65e.png,0.0,0.9417875,0.6332261
data/raw/aptos2019/aptos2019/train_images/train_images/b019a49787c1.png,1.0,7.881104,0.9897456
data/raw/aptos2019/aptos2019/train_images/train_images/b033ab4fb723.png,1.0,10.083308,0.99711883
data/raw/aptos2019/aptos2019/train_images/train_images/b05922e7abd3.png,0.0,-0.571971,0.41783944
data/raw/aptos2019/aptos2019/train_images/train_images/b0619ca93a5f.png,0.0,-5.576961,0.03791627
data/raw/aptos2019/aptos2019/train_images/train_images/b06dabab4f09.png,1.0,8.023793,0.9905522
data/raw/aptos2019/aptos2019/train_images/train_images/b07bc463b718.png,0.0,9.458725,0.99586654
data/raw/aptos2019/aptos2019/train_images/train_images/b085caa513a8.png,0.0,0.9496621,0.6342859
data/raw/aptos2019/aptos2019/train_images/train_images/b086c7cd3868.png,0.0,0.5957528,0.5855111
data/raw/aptos2019/aptos2019/train_images/train_images/b09101adb478.png,0.0,-0.024817605,0.49640253
data/raw/aptos2019/aptos2019/train_images/train_images/b0acd3593310.png,0.0,-7.6101737,0.0119777955
data/raw/aptos2019/aptos2019/train_images/train_images/b0b3b16fc305.png,0.0,-1.3135465,0.31829005
data/raw/aptos2019/aptos2019/train_images/train_images/b0c9a492e068.png,0.0,-3.9242303,0.09318016
data/raw/aptos2019/aptos2019/train_images/train_images/b0cc9f8d06e4.png,1.0,9.271623,0.9953951
data/raw/aptos2019/aptos2019/train_images/train_images/b0d35981708b.png,1.0,9.991298,0.9969614
data/raw/aptos2019/aptos2019/train_images/train_images/b0d6417bad3e.png,1.0,9.996345,0.9969702
data/raw/aptos2019/aptos2019/train_images/train_images/b0eeae01b8ab.png,1.0,8.621288,0.9933001
data/raw/aptos2019/aptos2019/train_images/train_images/b0f0fa677d5f.png,0.0,3.8715885,0.9042084
data/raw/aptos2019/aptos2019/train_images/train_images/b0f8613305a3.png,0.0,2.8134887,0.8363561
data/raw/aptos2019/aptos2019/train_images/train_images/b10fca20c885.png,0.0,-1.1108872,0.34431306
data/raw/aptos2019/aptos2019/train_images/train_images/b1197f2cc9b3.png,0.0,5.642343,0.9634427
data/raw/aptos2019/aptos2019/train_images/train_images/b11dcdcbc8c8.png,0.0,-8.123255,0.008923061
data/raw/aptos2019/aptos2019/train_images/train_images/b13d72ceea26.png,1.0,9.91112,0.99681723
data/raw/aptos2019/aptos2019/train_images/train_images/b16dd4483ca5.png,0.0,-8.201203,0.008532104
data/raw/aptos2019/aptos2019/train_images/train_images/b17f0b81dab3.png,0.0,6.947336,0.98250705
data/raw/aptos2019/aptos2019/train_images/train_images/b191ba0a2b12.png,1.0,9.798469,0.99660313
data/raw/aptos2019/aptos2019/train_images/train_images/b1b3e7d0a5f3.png,1.0,9.951821,0.9968913
data/raw/aptos2019/aptos2019/train_images/train_images/b1c6f0997e27.png,0.0,1.0839416,0.6521511
data/raw/aptos2019/aptos2019/train_images/train_images/b1f4122fd36a.png,1.0,9.958655,0.9969035
data/raw/aptos2019/aptos2019/train_images/train_images/b200c23b299b.png,0.0,-1.22268,0.3298301
data/raw/aptos2019/aptos2019/train_images/train_images/b21abe5d9722.png,0.0,1.0683062,0.6500916
data/raw/aptos2019/aptos2019/train_images/train_images/b22354b5f94b.png,0.0,4.733958,0.9396257
data/raw/aptos2019/aptos2019/train_images/train_images/b22cc1bf0b8a.png,0.0,-2.7386172,0.16967279
data/raw/aptos2019/aptos2019/train_images/train_images/b2748ac28fc1.png,1.0,9.779641,0.996566
data/raw/aptos2019/aptos2019/train_images/train_images/b294927b14b0.png,0.0,0.5366401,0.5771692
data/raw/aptos2019/aptos2019/train_images/train_images/b2aaa81cc8f0.png,1.0,9.660511,0.9963213
data/raw/aptos2019/aptos2019/train_images/train_images/b2b79b37d314.png,0.0,-3.6361632,0.10828526
data/raw/aptos2019/aptos2019/train_images/train_images/b2b7ccd34cbd.png,0.0,-1.0445632,0.35304642
data/raw/aptos2019/aptos2019/train_images/train_images/b2ffa3e18559.png,1.0,9.801436,0.996609
data/raw/aptos2019/aptos2019/train_images/train_images/b310bd564329.png,1.0,10.065484,0.99708897
data/raw/aptos2019/aptos2019/train_images/train_images/b351ae99413a.png,0.0,0.8483832,0.62055933
data/raw/aptos2019/aptos2019/train_images/train_images/b35cad8fe2d7.png,0.0,-7.5090494,0.012691941
data/raw/aptos2019/aptos2019/train_images/train_images/b37aae3c8fe1.png,1.0,1.28862,0.6785657
data/raw/aptos2019/aptos2019/train_images/train_images/b3819a805dca.png,1.0,7.175737,0.9846436
data/raw/aptos2019/aptos2019/train_images/train_images/b3a994760537.png,0.0,-0.04502525,0.49347353
data/raw/aptos2019/aptos2019/train_images/train_images/b3c0c3330278.png,1.0,5.816488,0.9668374
data/raw/aptos2019/aptos2019/train_images/train_images/b3d12069e1c5.png,1.0,9.287575,0.9954373
data/raw/aptos2019/aptos2019/train_images/train_images/b3d135bd3bb5.png,1.0,9.999881,0.9969765
data/raw/aptos2019/aptos2019/train_images/train_images/b3f31c371e59.png,0.0,0.6721837,0.596224
data/raw/aptos2019/aptos2019/train_images/train_images/b402b18d99a5.png,1.0,9.870942,0.99674255
data/raw/aptos2019/aptos2019/train_images/train_images/b402daa0864c.png,1.0,9.95961,0.99690515
data/raw/aptos2019/aptos2019/train_images/train_images/b43440c6ebe4.png,0.0,-3.9926622,0.08988106
data/raw/aptos2019/aptos2019/train_images/train_images/b460ca9fa26f.png,0.0,-3.47871,0.11742124
data/raw/aptos2019/aptos2019/train_images/train_images/b468ebf5cb11.png,1.0,10.03176,0.99703157
data/raw/aptos2019/aptos2019/train_images/train_images/b46b09a45f39.png,0.0,-3.3356655,0.12629329
data/raw/aptos2019/aptos2019/train_images/train_images/b498b84d383f.png,1.0,10.067855,0.99709296
data/raw/aptos2019/aptos2019/train_images/train_images/b49b2fac2514.png,1.0,9.087092,0.9948777
data/raw/aptos2019/aptos2019/train_images/train_images/b4b04d81acbb.png,0.0,0.54440063,0.5782669
data/raw/aptos2019/aptos2019/train_images/train_images/b4e15102cd7a.png,0.0,-4.039207,0.08769764
data/raw/aptos2019/aptos2019/train_images/train_images/b4f41b5bf0ef.png,0.0,9.350621,0.99560034
data/raw/aptos2019/aptos2019/train_images/train_images/b50b30aa6e6c.png,0.0,1.5296074,0.7082544
data/raw/aptos2019/aptos2019/train_images/train_images/b5204c0decc7.png,0.0,-3.9877343,0.090115055
data/raw/aptos2019/aptos2019/train_images/train_images/b532dedd928c.png,0.0,-0.5928361,0.41489944
data/raw/aptos2019/aptos2019/train_images/train_images/b549af91bd30.png,0.0,-2.8708656,0.1591414
data/raw/aptos2019/aptos2019/train_images/train_images/b553e7909535.png,0.0,-3.3306293,0.12661584
data/raw/aptos2019/aptos2019/train_images/train_images/b55d2ddb3e75.png,1.0,10.0206,0.9970124
data/raw/aptos2019/aptos2019/train_images/train_images/b56340f472d2.png,0.0,9.26641,0.99538124
data/raw/aptos2019/aptos2019/train_images/train_images/b574d229ec4c.png,1.0,9.732218,0.9964706
data/raw/aptos2019/aptos2019/train_images/train_images/b576c5269ad1.png,0.0,-0.866193,0.37701213
data/raw/aptos2019/aptos2019/train_images/train_images/b5834ee64541.png,1.0,10.03908,0.99704415
data/raw/aptos2019/aptos2019/train_images/train_images/b598bc9753c2.png,0.0,-1.2547224,0.32573634
data/raw/aptos2019/aptos2019/train_images/train_images/b5a3ca5c0a80.png,0.0,-1.0019943,0.35870436
data/raw/aptos2019/aptos2019/train_images/train_images/b5b913358b32.png,0.0,-1.2504877,0.32627586
data/raw/aptos2019/aptos2019/train_images/train_images/b5bf7b84fc66.png,0.0,0.80394083,0.614473
data/raw/aptos2019/aptos2019/train_images/train_images/b5c80d0ed0ff.png,1.0,10.051161,0.99706477
data/raw/aptos2019/aptos2019/train_images/train_images/b5e6ae31493c.png,0.0,-2.8225574,0.16292557
data/raw/aptos2019/aptos2019/train_images/train_images/b60dbf9f0744.png,1.0,9.890086,0.9967783
data/raw/aptos2019/aptos2019/train_images/train_images/b6304c545f95.png,1.0,8.653792,0.9934243
data/raw/aptos2019/aptos2019/train_images/train_images/b640e3bdff75.png,0.0,-2.2695708,0.21148817
data/raw/aptos2019/aptos2019/train_images/train_images/b64e1eef3d63.png,0.0,-6.735684,0.019731889
data/raw/aptos2019/aptos2019/train_images/train_images/b65ff67743b2.png,1.0,8.489444,0.99277157
data/raw/aptos2019/aptos2019/train_images/train_images/b665041e1633.png,1.0,2.8167112,0.8366116
data/raw/aptos2019/aptos2019/train_images/train_images/b66f23ffa730.png,0.0,-1.0742353,0.34912676
data/raw/aptos2019/aptos2019/train_images/train_images/b67ae80f7eba.png,0.0,1.8138405,0.74110687
data/raw/aptos2019/aptos2019/train_images/train_images/b69c224edd6e.png,0.0,-8.203742,0.008519661
data/raw/aptos2019/aptos2019/train_images/train_images/b6a0e348a01e.png,0.0,7.665773,0.9883978
data/raw/aptos2019/aptos2019/train_images/train_images/b6bf847fbcb2.png,0.0,0.829174,0.61793315
data/raw/aptos2019/aptos2019/train_images/train_images/b6bfe9db60e5.png,1.0,10.024756,0.9970196
data/raw/aptos2019/aptos2019/train_images/train_images/b6d9974443ce.png,0.0,-7.7281146,0.011194926
data/raw/aptos2019/aptos2019/train_images/train_images/b6fd109b1bc9.png,0.0,-6.237116,0.026173072
data/raw/aptos2019/aptos2019/train_images/train_images/b70cb31b9abb.png,1.0,8.3373785,0.99211055
data/raw/aptos2019/aptos2019/train_images/train_images/b70e7c26f51e.png,0.0,-2.8954613,0.15724225
data/raw/aptos2019/aptos2019/train_images/train_images/b71428739d4e.png,0.0,6.700992,0.9798752
data/raw/aptos2019/aptos2019/train_images/train_images/b7278b4f2448.png,0.0,7.932924,0.9900462
data/raw/aptos2019/aptos2019/train_images/train_images/b72a86d61959.png,0.0,2.4752576,0.80771685
data/raw/aptos2019/aptos2019/train_images/train_images/b72f59b85f7c.png,0.0,-6.0927787,0.028392944
data/raw/aptos2019/aptos2019/train_images/train_images/b73d0bcd3d33.png,0.0,2.6644619,0.82418317
data/raw/aptos2019/aptos2019/train_images/train_images/b746a6681ba9.png,1.0,10.049191,0.99706143
data/raw/aptos2019/aptos2019/train_images/train_images/b74de20d73de.png,0.0,-1.5775816,0.28603125
data/raw/aptos2019/aptos2019/train_images/train_images/b759cbef90c5.png,0.0,1.3616195,0.6877273
data/raw/aptos2019/aptos2019/train_images/train_images/b762c29cf2f3.png,1.0,7.83222,0.9894539
data/raw/aptos2019/aptos2019/train_images/train_images/b77b88926843.png,0.0,-2.900761,0.15683547
data/raw/aptos2019/aptos2019/train_images/train_images/b77b8a1f09f1.png,1.0,9.99409,0.9969663
data/raw/aptos2019/aptos2019/train_images/train_images/b7983cb3f270.png,0.0,-1.0479493,0.3525981
data/raw/aptos2019/aptos2019/train_images/train_images/b7a1bb106051.png,0.0,-0.7622342,0.39127153
data/raw/aptos2019/aptos2019/train_images/train_images/b7aca95b97b9.png,0.0,0.41611686,0.5600289
data/raw/aptos2019/aptos2019/train_images/train_images/b7bd4a6627b6.png,0.0,0.35706162,0.5515752
data/raw/aptos2019/aptos2019/train_images/train_images/b7ce561a7328.png,0.0,-1.3655818,0.3117795
data/raw/aptos2019/aptos2019/train_images/train_images/b7e0f95353f2.png,1.0,9.940855,0.99687153
data/raw/aptos2019/aptos2019/train_images/train_images/b7f0bc7d399e.png,0.0,-7.471006,0.012971351
data/raw/aptos2019/aptos2019/train_images/train_images/b8297a2291f5.png,0.0,0.036401868,0.50527656
data/raw/aptos2019/aptos2019/train_images/train_images/b82d5f1f1145.png,1.0,3.549349,0.88675743
data/raw/aptos2019/aptos2019/train_images/train_images/b82dfa63a75f.png,0.0,-1.0863924,0.34752658
data/raw/aptos2019/aptos2019/train_images/train_images/b835b6e31a59.png,0.0,-1.5019331,0.29507238
data/raw/aptos2019/aptos2019/train_images/train_images/b83a6eca125f.png,1.0,10.050595,0.9970638
data/raw/aptos2019/aptos2019/train_images/train_images/b842b43cb7fb.png,0.0,-3.9932787,0.08985181
data/raw/aptos2019/aptos2019/train_images/train_images/b86fb2d5be1a.png,0.0,-8.391946,0.0076455986
data/raw/aptos2019/aptos2019/train_images/train_images/b87f9c59748b.png,1.0,2.1845446,0.78017336
data/raw/aptos2019/aptos2019/train_images/train_images/b89938407ee6.png,1.0,8.823255,0.99403596
data/raw/aptos2019/aptos2019/train_images/train_images/b8dab47a260e.png,0.0,1.6475396,0.72218025
data/raw/aptos2019/aptos2019/train_images/train_images/b8e20c076b03.png,0.0,-8.448471,0.007400898
data/raw/aptos2019/aptos2019/train_images/train_images/b8e9a8f4617d.png,0.0,-1.9377581,0.24534757
data/raw/aptos2019/aptos2019/train_images/train_images/b8f1b30877db.png,1.0,9.92019,0.99683386
data/raw/aptos2019/aptos2019/train_images/train_images/b8fb9f55cd6d.png,1.0,9.536354,0.9960478
data/raw/aptos2019/aptos2019/train_images/train_images/b90bc89ce8d8.png,1.0,6.29993,0.9747394
data/raw/aptos2019/aptos2019/train_images/train_images/b9127e38d9b9.png,1.0,10.070002,0.99709654
data/raw/aptos2019/aptos2019/train_images/train_images/b927a9238434.png,1.0,9.738145,0.9964826
data/raw/aptos2019/aptos2019/train_images/train_images/b92eacd1392a.png,0.0,0.6333404,0.59079033
data/raw/aptos2019/aptos2019/train_images/train_images/b94c58d063bf.png,0.0,3.299074,0.87134695
data/raw/aptos2019/aptos2019/train_images/train_images/b9519abce0c1.png,0.0,0.4077994,0.5588403
data/raw/aptos2019/aptos2019/train_images/train_images/b95d4dd8e5e2.png,1.0,9.818787,0.9966428
data/raw/aptos2019/aptos2019/train_images/train_images/b960142a8de7.png,1.0,7.59246,0.9879
data/raw/aptos2019/aptos2019/train_images/train_images/b963a11638f2.png,0.0,-1.9955661,0.23919454
data/raw/aptos2019/aptos2019/train_images/train_images/b96b518596b3.png,1.0,9.916082,0.9968264
data/raw/aptos2019/aptos2019/train_images/train_images/b98f77098b9d.png,1.0,9.3649235,0.9956365
data/raw/aptos2019/aptos2019/train_images/train_images/b99794a0beed.png,1.0,4.86523,0.94380194
data/raw/aptos2019/aptos2019/train_images/train_images/b99afe7137fb.png,1.0,8.194043,0.99143267
data/raw/aptos2019/aptos2019/train_images/train_images/b99c825b93c5.png,1.0,9.922231,0.9968376
data/raw/aptos2019/aptos2019/train_images/train_images/b9b6ee2b9453.png,1.0,9.297322,0.99546295
data/raw/aptos2019/aptos2019/train_images/train_images/b9b99dad668d.png,0.0,7.8777347,0.98972577
data/raw/aptos2019/aptos2019/train_images/train_images/b9bc81fcb075.png,0.0,-3.490823,0.116695315
data/raw/aptos2019/aptos2019/train_images/train_images/b9c7c5182075.png,0.0,-2.8924425,0.15747435
data/raw/aptos2019/aptos2019/train_images/train_images/b9d0b83d70c3.png,0.0,2.7092354,0.8279135
data/raw/aptos2019/aptos2019/train_images/train_images/b9fe7da14a32.png,0.0,2.7723622,0.83306605
data/raw/aptos2019/aptos2019/train_images/train_images/ba0107fb1bfd.png,0.0,1.1655678,0.66280913
data/raw/aptos2019/aptos2019/train_images/train_images/ba08cee68c71.png,1.0,9.929066,0.9968501
data/raw/aptos2019/aptos2019/train_images/train_images/ba25f947f4ec.png,1.0,9.160413,0.9950899
data/raw/aptos2019/aptos2019/train_images/train_images/ba2624883599.png,1.0,7.4972568,0.98722214
data/raw/aptos2019/aptos2019/train_images/train_images/ba2ea9182090.png,0.0,-1.2799708,0.3225292
data/raw/aptos2019/aptos2019/train_images/train_images/ba4d2c4b3039.png,1.0,9.694309,0.9963924
data/raw/aptos2019/aptos2019/train_images/train_images/ba4e62c11cc0.png,0.0,-2.784242,0.16597821
data/raw/aptos2019/aptos2019/train_images/train_images/baaca2f7e1f0.png,0.0,-0.62382835,0.41054377
data/raw/aptos2019/aptos2019/train_images/train_images/bab776139279.png,0.0,1.3465036,0.6858419
data/raw/aptos2019/aptos2019/train_images/train_images/bac1744955c2.png,0.0,4.6497645,0.93679607
data/raw/aptos2019/aptos2019/train_images/train_images/bacfa2b8e706.png,0.0,2.6764703,0.8251899
data/raw/aptos2019/aptos2019/train_images/train_images/bacfb1029f6b.png,0.0,10.05944,0.9970788
data/raw/aptos2019/aptos2019/train_images/train_images/bb08949dd70a.png,0.0,-2.9576352,0.15252376
data/raw/aptos2019/aptos2019/train_images/train_images/bb11db08584a.png,0.0,-3.021094,0.14782809
data/raw/aptos2019/aptos2019/train_images/train_images/bb2f89488ecd.png,0.0,2.0104563,0.76237315
data/raw/aptos2019/aptos2019/train_images/train_images/bb45257258cc.png,0.0,8.512999,0.99286896
data/raw/aptos2019/aptos2019/train_images/train_images/bb5083fae98f.png,1.0,7.6588836,0.9883519
data/raw/aptos2019/aptos2019/train_images/train_images/bb733062f494.png,1.0,8.460834,0.99265164
data/raw/aptos2019/aptos2019/train_images/train_images/bb752b179751.png,0.0,2.0907478,0.7707039
data/raw/aptos2019/aptos2019/train_images/train_images/bb783d8e496f.png,0.0,7.1968436,0.98482764
data/raw/aptos2019/aptos2019/train_images/train_images/bb85097857fa.png,0.0,-6.2361393,0.026187507
data/raw/aptos2019/aptos2019/train_images/train_images/bb9a3d835a94.png,0.0,4.176251,0.9184551
data/raw/aptos2019/aptos2019/train_images/train_images/bba38f2294a3.png,1.0,4.042928,0.9124749
data/raw/aptos2019/aptos2019/train_images/train_images/bc23f74e14dd.png,1.0,8.439431,0.9925605
data/raw/aptos2019/aptos2019/train_images/train_images/bc34ed91c9bc.png,1.0,9.925208,0.9968431
data/raw/aptos2019/aptos2019/train_images/train_images/bc34f52c37c7.png,0.0,-0.5259519,0.42434406
data/raw/aptos2019/aptos2019/train_images/train_images/bc73ce76ec43.png,0.0,7.2999215,0.9856953
data/raw/aptos2019/aptos2019/train_images/train_images/bc7bf19b84e3.png,0.0,1.0080959,0.6421091
data/raw/aptos2019/aptos2019/train_images/train_images/bc8c6a778cde.png,0.0,-6.4101663,0.023733608
data/raw/aptos2019/aptos2019/train_images/train_images/bc92a61a1f9c.png,0.0,-0.16767134,0.47571364
data/raw/aptos2019/aptos2019/train_images/train_images/bca2bdc15fc5.png,1.0,9.40706,0.9957415
data/raw/aptos2019/aptos2019/train_images/train_images/bcb0498ed2c1.png,0.0,-7.779962,0.010866983
data/raw/aptos2019/aptos2019/train_images/train_images/bcc762618e7d.png,1.0,9.892027,0.99678195
data/raw/aptos2019/aptos2019/train_images/train_images/bcd503c726ba.png,1.0,8.426694,0.9925057
data/raw/aptos2019/aptos2019/train_images/train_images/bd06028eb7dd.png,0.0,-2.1554449,0.2227341
data/raw/aptos2019/aptos2019/train_images/train_images/bd269a1f0e4d.png,0.0,8.877786,0.9942206
data/raw/aptos2019/aptos2019/train_images/train_images/bd34a0639575.png,0.0,1.1350762,0.65884644
data/raw/aptos2019/aptos2019/train_images/train_images/bd375ba756b1.png,0.0,-2.192808,0.21900599
data/raw/aptos2019/aptos2019/train_images/train_images/bd500a73beae.png,0.0,-6.8429904,0.01856368
data/raw/aptos2019/aptos2019/train_images/train_images/bd9904495ccd.png,1.0,9.70309,0.99641067
data/raw/aptos2019/aptos2019/train_images/train_images/bda7ff3b1562.png,1.0,9.670065,0.9963415
data/raw/aptos2019/aptos2019/train_images/train_images/bda8c973b09d.png,1.0,9.596613,0.996183
data/raw/aptos2019/aptos2019/train_images/train_images/bda91b76095b.png,0.0,-7.2923894,0.014366467
data/raw/aptos2019/aptos2019/train_images/train_images/bdb98063fe84.png,1.0,9.869923,0.9967405
data/raw/aptos2019/aptos2019/train_images/train_images/bdc6c60e9133.png,0.0,-7.1278195,0.015782207
data/raw/aptos2019/aptos2019/train_images/train_images/bde1063a5dd7.png,0.0,-8.404508,0.0075905337
data/raw/aptos2019/aptos2019/train_images/train_images/bdf47b9f10c4.png,0.0,-1.6969177,0.272112
data/raw/aptos2019/aptos2019/train_images/train_images/bdff5d8bddf8.png,1.0,9.838591,0.9966809
data/raw/aptos2019/aptos2019/train_images/train_images/be197b663520.png,0.0,0.49447864,0.5711921
data/raw/aptos2019/aptos2019/train_images/train_images/be21d8b60e2a.png,1.0,9.726732,0.9964594
data/raw/aptos2019/aptos2019/train_images/train_images/be3a7d9e981e.png,0.0,0.7679941,0.60952365
data/raw/aptos2019/aptos2019/train_images/train_images/be521870a0ea.png,0.0,0.9180383,0.63002205
data/raw/aptos2019/aptos2019/train_images/train_images/be68322c7223.png,1.0,9.741179,0.9964888
data/raw/aptos2019/aptos2019/train_images/train_images/be6cbf6e5b10.png,0.0,-4.6422963,0.0634608
data/raw/aptos2019/aptos2019/train_images/train_images/be7bc89f5fec.png,1.0,9.74856,0.9965037
data/raw/aptos2019/aptos2019/train_images/train_images/be7f791a7877.png,0.0,-2.0356262,0.2349931
data/raw/aptos2019/aptos2019/train_images/train_images/be8697eb2078.png,0.0,-1.1905197,0.33396506
data/raw/aptos2019/aptos2019/train_images/train_images/beb00fa6e7c9.png,0.0,-6.8628316,0.018355234
data/raw/aptos2019/aptos2019/train_images/train_images/beb2ad14fd2d.png,0.0,-6.6732574,0.020444343
data/raw/aptos2019/aptos2019/train_images/train_images/bebb3f167654.png,0.0,2.0466144,0.76615036
data/raw/aptos2019/aptos2019/train_images/train_images/bebfbd907cac.png,0.0,-1.6188163,0.28117362
data/raw/aptos2019/aptos2019/train_images/train_images/bec0acd539b2.png,1.0,9.985433,0.996951
data/raw/aptos2019/aptos2019/train_images/train_images/bed8296c8dfe.png,0.0,-6.059658,0.028927568
data/raw/aptos2019/aptos2019/train_images/train_images/beeca5f14618.png,0.0,-0.6455838,0.40749454
data/raw/aptos2019/aptos2019/train_images/train_images/bf18ff30a8f6.png,0.0,2.3459866,0.79580635
data/raw/aptos2019/aptos2019/train_images/train_images/bf1b7e21e774.png,1.0,9.666211,0.99633336
data/raw/aptos2019/aptos2019/train_images/train_images/bf6cbccacf39.png,0.0,-0.39566818,0.4428946
data/raw/aptos2019/aptos2019/train_images/train_images/bf7047dc683c.png,1.0,9.973924,0.9969308
data/raw/aptos2019/aptos2019/train_images/train_images/bf7221a016b5.png,0.0,-8.421324,0.007517437
data/raw/aptos2019/aptos2019/train_images/train_images/bf7b4eae7ad0.png,0.0,-1.6972247,0.27207673
data/raw/aptos2019/aptos2019/train_images/train_images/bf8092e4001d.png,1.0,9.8041315,0.9966143
data/raw/aptos2019/aptos2019/train_images/train_images/bf811911acf9.png,0.0,2.2011545,0.78182065
data/raw/aptos2019/aptos2019/train_images/train_images/bf87aedf2489.png,0.0,-1.3270468,0.31659397
data/raw/aptos2019/aptos2019/train_images/train_images/bf9cba745efc.png,1.0,9.000393,0.994615
data/raw/aptos2019/aptos2019/train_images/train_images/bfa30ebf63a8.png,0.0,-3.9161384,0.09357738
data/raw/aptos2019/aptos2019/train_images/train_images/bfaa0080ab61.png,1.0,7.647002,0.98827237
data/raw/aptos2019/aptos2019/train_images/train_images/bfb578c0e8d8.png,0.0,-8.546317,0.0069955555
data/raw/aptos2019/aptos2019/train_images/train_images/bfd5c0e55420.png,1.0,4.5819845,0.93442875
data/raw/aptos2019/aptos2019/train_images/train_images/bfda2fd0533a.png,1.0,10.0896015,0.99712926
data/raw/aptos2019/aptos2019/train_images/train_images/bfdee9be1f1d.png,1.0,-1.0983284,0.34595895
data/raw/aptos2019/aptos2019/train_images/train_images/bfe467b7e997.png,1.0,0.37118107,0.5535993
data/raw/aptos2019/aptos2019/train_images/train_images/bfefa7344e7d.png,1.0,9.9798155,0.99694115
data/raw/aptos2019/aptos2019/train_images/train_images/bff51afc76d4.png,0.0,-8.004774,0.009551556
data/raw/aptos2019/aptos2019/train_images/train_images/bffca6eeb2bf.png,0.0,-1.4326473,0.30349705
data/raw/aptos2019/aptos2019/train_images/train_images/c013e869acce.png,0.0,-6.6320453,0.02092842
data/raw/aptos2019/aptos2019/train_images/train_images/c01eae4b4939.png,1.0,10.063797,0.9970861
data/raw/aptos2019/aptos2019/train_images/train_images/c0202976c670.png,1.0,9.854989,0.9967123
data/raw/aptos2019/aptos2019/train_images/train_images/c06024f05a16.png,0.0,-7.776736,0.010887108
data/raw/aptos2019/aptos2019/train_images/train_images/c096131ad065.png,0.0,7.342627,0.98604023
data/raw/aptos2019/aptos2019/train_images/train_images/c0968d41eb93.png,0.0,9.858511,0.99671894
data/raw/aptos2019/aptos2019/train_images/train_images/c0a0828e01b4.png,1.0,9.571455,0.99612707
data/raw/aptos2019/aptos2019/train_images/train_images/c0a117de7d0a.png,0.0,-3.9015977,0.09429498
data/raw/aptos2019/aptos2019/train_images/train_images/c0e15e8e2b46.png,0.0,3.8463535,0.9029335
data/raw/aptos2019/aptos2019/train_images/train_images/c0f15fe3b4b7.png,0.0,2.7665765,0.832599
data/raw/aptos2019/aptos2019/train_images/train_images/c102db7634d8.png,0.0,1.6968313,0.7278781
data/raw/aptos2019/aptos2019/train_images/train_images/c12e9ca420a5.png,0.0,-0.12363359,0.48208585
data/raw/aptos2019/aptos2019/train_images/train_images/c1437a7a52c9.png,0.0,-5.1471353,0.048131377
data/raw/aptos2019/aptos2019/train_images/train_images/c1799a6f5c65.png,1.0,9.964677,0.99691427
data/raw/aptos2019/aptos2019/train_images/train_images/c1819db0aece.png,0.0,-3.0508544,0.14566745
data/raw/aptos2019/aptos2019/train_images/train_images/c1896142a20a.png,1.0,9.93938,0.9968688
data/raw/aptos2019/aptos2019/train_images/train_images/c18a006f7f1d.png,0.0,-5.178283,0.047310654
data/raw/aptos2019/aptos2019/train_images/train_images/c1e6fa1ad314.png,0.0,2.5447502,0.8138975
data/raw/aptos2019/aptos2019/train_images/train_images/c1ebe785503a.png,0.0,9.585859,0.9961592
data/raw/aptos2019/aptos2019/train_images/train_images/c21eb81de9fc.png,0.0,-6.933951,0.017626768
data/raw/aptos2019/aptos2019/train_images/train_images/c23ff6dcf15e.png,0.0,-4.442497,0.07070445
data/raw/aptos2019/aptos2019/train_images/train_images/c24bcf7a1bc4.png,0.0,-6.6365147,0.020875383
data/raw/aptos2019/aptos2019/train_images/train_images/c252da9b41d8.png,1.0,9.955922,0.99689865
data/raw/aptos2019/aptos2019/train_images/train_images/c25e02b39c01.png,0.0,2.883989,0.8418742
data/raw/aptos2019/aptos2019/train_images/train_images/c261b1aaa828.png,1.0,5.6875186,0.96435416
data/raw/aptos2019/aptos2019/train_images/train_images/c26f98f58350.png,0.0,-7.5256987,0.012571534
data/raw/aptos2019/aptos2019/train_images/train_images/c280730cc211.png,1.0,9.620254,0.9962347
data/raw/aptos2019/aptos2019/train_images/train_images/c2a58b2cfd0b.png,0.0,0.6597736,0.59449047
data/raw/aptos2019/aptos2019/train_images/train_images/c2f3281cf528.png,0.0,-3.7889698,0.10002202
data/raw/aptos2019/aptos2019/train_images/train_images/c31651ea04c6.png,1.0,9.849384,0.99670166
data/raw/aptos2019/aptos2019/train_images/train_images/c334f8688b77.png,0.0,-5.0985794,0.049437787
data/raw/aptos2019/aptos2019/train_images/train_images/c365c598ad4e.png,0.0,-1.7220424,0.2692361
data/raw/aptos2019/aptos2019/train_images/train_images/c373b73a80c8.png,0.0,-6.6829753,0.020331796
data/raw/aptos2019/aptos2019/train_images/train_images/c3789c1dab96.png,0.0,-2.9731462,0.15136485
data/raw/aptos2019/aptos2019/train_images/train_images/c38dec54a9f7.png,0.0,-6.4511924,0.02318862
data/raw/aptos2019/aptos2019/train_images/train_images/c3a82acb7d7a.png,1.0,-0.8282654,0.3821912
data/raw/aptos2019/aptos2019/train_images/train_images/c3aa424eff9a.png,0.0,6.154107,0.97257185
data/raw/aptos2019/aptos2019/train_images/train_images/c3acf47700ea.png,1.0,10.015437,0.9970035
data/raw/aptos2019/aptos2019/train_images/train_images/c3b15bf9b4bc.png,0.0,-0.32597607,0.45288703
data/raw/aptos2019/aptos2019/train_images/train_images/c3c8fdda50c0.png,0.0,1.3694632,0.68870324
data/raw/aptos2019/aptos2019/train_images/train_images/c3cd0200df79.png,1.0,8.091937,0.9909149
data/raw/aptos2019/aptos2019/train_images/train_images/c3d12a23f451.png,1.0,3.4953406,0.8835744
data/raw/aptos2019/aptos2019/train_images/train_images/c3e02d4a1798.png,1.0,8.731435,0.99371195
data/raw/aptos2019/aptos2019/train_images/train_images/c406325360b1.png,1.0,8.697698,0.99358857
data/raw/aptos2019/aptos2019/train_images/train_images/c40976189f22.png,0.0,2.8213391,0.8369781
data/raw/aptos2019/aptos2019/train_images/train_images/c446985355f1.png,0.0,0.49392223,0.57111305
data/raw/aptos2019/aptos2019/train_images/train_images/c48ae5da188e.png,1.0,10.0125885,0.99699855
data/raw/aptos2019/aptos2019/train_images/train_images/c4a8f2fcf6e8.png,0.0,10.052329,0.9970668
data/raw/aptos2019/aptos2019/train_images/train_images/c4aef0d88d1b.png,0.0,-0.37360823,0.44605297
data/raw/aptos2019/aptos2019/train_images/train_images/c4e8b1ec8893.png,1.0,2.8305016,0.8377017
data/raw/aptos2019/aptos2019/train_images/train_images/c52bb7343387.png,1.0,9.916883,0.9968278
data/raw/aptos2019/aptos2019/train_images/train_images/c5431b81cbc9.png,1.0,10.067085,0.99709165
data/raw/aptos2019/aptos2019/train_images/train_images/c561bcd519e9.png,1.0,6.5409503,0.9779614
data/raw/aptos2019/aptos2019/train_images/train_images/c56293f53191.png,0.0,-0.7193827,0.39720517
data/raw/aptos2019/aptos2019/train_images/train_images/c568e5245ea5.png,1.0,9.921247,0.9968359
data/raw/aptos2019/aptos2019/train_images/train_images/c56e65f74187.png,0.0,8.439777,0.992562
data/raw/aptos2019/aptos2019/train_images/train_images/c57c164bca05.png,0.0,-7.9060583,0.010108535
data/raw/aptos2019/aptos2019/train_images/train_images/c58971bcebb2.png,0.0,-6.8737774,0.01824122
data/raw/aptos2019/aptos2019/train_images/train_images/c58e5c0c5b33.png,0.0,-1.6905648,0.27284223
data/raw/aptos2019/aptos2019/train_images/train_images/c597ef460944.png,0.0,-8.517773,0.007111472
data/raw/aptos2019/aptos2019/train_images/train_images/c5a0e84e955d.png,0.0,5.0556197,0.94937843
data/raw/aptos2019/aptos2019/train_images/train_images/c5a6f432a1ec.png,0.0,-0.4239432,0.43885326
data/raw/aptos2019/aptos2019/train_images/train_images/c5a9ebef1517.png,1.0,9.209599,0.9952272
data/raw/aptos2019/aptos2019/train_images/train_images/c5ad60521f8c.png,1.0,9.470559,0.9958947
data/raw/aptos2019/aptos2019/train_images/train_images/c5b58cc992af.png,0.0,0.8517753,0.62102234
data/raw/aptos2019/aptos2019/train_images/train_images/c5ba9e455d5e.png,1.0,9.784184,0.99657494
data/raw/aptos2019/aptos2019/train_images/train_images/c5bec7f1e5f3.png,0.0,0.8312643,0.61821926
data/raw/aptos2019/aptos2019/train_images/train_images/c5e238aa18be.png,1.0,9.935275,0.99686134
data/raw/aptos2019/aptos2019/train_images/train_images/c613db1cab27.png,1.0,9.0622425,0.9948037
data/raw/aptos2019/aptos2019/train_images/train_images/c6229222bf22.png,0.0,0.17791598,0.5257677
data/raw/aptos2019/aptos2019/train_images/train_images/c62585bd68fb.png,1.0,9.696488,0.99639696
data/raw/aptos2019/aptos2019/train_images/train_images/c62cef02efa2.png,0.0,-0.7892195,0.38755113
data/raw/aptos2019/aptos2019/train_images/train_images/c639d837f5e4.png,0.0,-3.0317614,0.14705057
data/raw/aptos2019/aptos2019/train_images/train_images/c64c0966b4cf.png,0.0,1.6300079,0.7201361
data/raw/aptos2019/aptos2019/train_images/train_images/c67117c6ab3b.png,1.0,9.435564,0.995811
data/raw/aptos2019/aptos2019/train_images/train_images/c6916bc42016.png,0.0,-0.4671001,0.43270054
data/raw/aptos2019/aptos2019/train_images/train_images/c6a145742708.png,1.0,10.10597,0.99715626
data/raw/aptos2019/aptos2019/train_images/train_images/c6a2975228af.png,1.0,8.8723135,0.9942023
data/raw/aptos2019/aptos2019/train_images/train_images/c6a8f8f998a2.png,0.0,1.1934975,0.6664189
data/raw/aptos2019/aptos2019/train_images/train_images/c6c2bad91f23.png,1.0,9.978145,0.9969382
data/raw/aptos2019/aptos2019/train_images/train_images/c6d4e4a3bd4c.png,0.0,2.8285658,0.83754903
data/raw/aptos2019/aptos2019/train_images/train_images/c6e1e9fbf39b.png,1.0,9.795509,0.99659735
data/raw/aptos2019/aptos2019/train_images/train_images/c6f5b5b5be41.png,0.0,-1.4043579,0.3069756
data/raw/aptos2019/aptos2019/train_images/train_images/c704bd669f36.png,0.0,-0.1789567,0.4740819
data/raw/aptos2019/aptos2019/train_images/train_images/c70d09370109.png,1.0,8.874158,0.99420846
data/raw/aptos2019/aptos2019/train_images/train_images/c739ff9580d3.png,0.0,9.989338,0.996958
data/raw/aptos2019/aptos2019/train_images/train_images/c73c5f6ef664.png,1.0,8.551607,0.9930258
data/raw/aptos2019/aptos2019/train_images/train_images/c755a0c4edcc.png,0.0,-5.82943,0.032922838
data/raw/aptos2019/aptos2019/train_images/train_images/c76664770c07.png,1.0,9.952199,0.9968919
data/raw/aptos2019/aptos2019/train_images/train_images/c7b622ec8104.png,0.0,6.2919335,0.974625
data/raw/aptos2019/aptos2019/train_images/train_images/c7c0470bcf87.png,1.0,9.499759,0.99596334
data/raw/aptos2019/aptos2019/train_images/train_images/c7c3d363bc86.png,0.0,-7.114847,0.015899468
data/raw/aptos2019/aptos2019/train_images/train_images/c7d0deb71576.png,0.0,-0.8304556,0.38189146
data/raw/aptos2019/aptos2019/train_images/train_images/c7e827fc7f41.png,1.0,10.06165,0.99708253
data/raw/aptos2019/aptos2019/train_images/train_images/c80b0f27541a.png,0.0,-7.839515,0.0105020115
data/raw/aptos2019/aptos2019/train_images/train_images/c80f79579fed.png,1.0,9.592271,0.99617344
data/raw/aptos2019/aptos2019/train_images/train_images/c81c6911f5e0.png,0.0,-0.051262908,0.49256948
data/raw/aptos2019/aptos2019/train_images/train_images/c85b79d70079.png,0.0,-7.573771,0.012230181
data/raw/aptos2019/aptos2019/train_images/train_images/c87493ed320c.png,1.0,9.996003,0.99696964
data/raw/aptos2019/aptos2019/train_images/train_images/c8823cdaf7fa.png,1.0,7.586492,0.98785865
data/raw/aptos2019/aptos2019/train_images/train_images/c8905b8d5cf1.png,1.0,9.66229,0.9963251
data/raw/aptos2019/aptos2019/train_images/train_images/c8a3eb9a5b52.png,1.0,0.6294712,0.5902478
data/raw/aptos2019/aptos2019/train_images/train_images/c8d2d32f7f29.png,1.0,9.5554285,0.99609107
data/raw/aptos2019/aptos2019/train_images/train_images/c8fc0df22999.png,0.0,5.7345557,0.96527994
data/raw/aptos2019/aptos2019/train_images/train_images/c90c6b94cf40.png,0.0,-1.4856333,0.29704207
data/raw/aptos2019/aptos2019/train_images/train_images/c947bb6cf9f6.png,0.0,-2.620907,0.17950636
data/raw/aptos2019/aptos2019/train_images/train_images/c9485c38fdd5.png,0.0,6.66077,0.9794102
data/raw/aptos2019/aptos2019/train_images/train_images/c94f37085d0f.png,0.0,0.24487284,0.535437
data/raw/aptos2019/aptos2019/train_images/train_images/c96f743915b5.png,0.0,7.5598865,0.9876722
data/raw/aptos2019/aptos2019/train_images/train_images/c97472ef2c66.png,0.0,-2.3313575,0.20557554
data/raw/aptos2019/aptos2019/train_images/train_images/c98f623d08d1.png,0.0,1.510499,0.70595974
data/raw/aptos2019/aptos2019/train_images/train_images/c9c563864ab1.png,0.0,-6.9031234,0.01793898
data/raw/aptos2019/aptos2019/train_images/train_images/c9d42d7534e0.png,1.0,10.017517,0.9970071
data/raw/aptos2019/aptos2019/train_images/train_images/c9e697117f3f.png,0.0,-0.44304264,0.4361279
data/raw/aptos2019/aptos2019/train_images/train_images/c9ea9d5eab65.png,1.0,9.97334,0.9969297
data/raw/aptos2019/aptos2019/train_images/train_images/ca05f7e7801b.png,0.0,0.47919142,0.5690196
data/raw/aptos2019/aptos2019/train_images/train_images/ca1036496659.png,0.0,-0.25001544,0.46382135
data/raw/aptos2019/aptos2019/train_images/train_images/ca25745942b0.png,0.0,1.9526234,0.75624484
data/raw/aptos2019/aptos2019/train_images/train_images/ca2b54b95ade.png,0.0,-2.8446314,0.16118751
data/raw/aptos2019/aptos2019/train_images/train_images/ca30a97e9d13.png,0.0,0.8678711,0.62321633
data/raw/aptos2019/aptos2019/train_images/train_images/ca360bec5851.png,1.0,1.3813609,0.6901803
data/raw/aptos2019/aptos2019/train_images/train_images/ca63fe4f4b52.png,0.0,3.1063569,0.8582921
data/raw/aptos2019/aptos2019/train_images/train_images/ca7140ecf389.png,0.0,8.432576,0.9925311
data/raw/aptos2019/aptos2019/train_images/train_images/ca7570c5925c.png,1.0,3.99999,0.91046596
data/raw/aptos2019/aptos2019/train_images/train_images/ca7f5caddf96.png,1.0,9.536641,0.9960484
data/raw/aptos2019/aptos2019/train_images/train_images/ca891d37a43c.png,1.0,10.062476,0.99708384
data/raw/aptos2019/aptos2019/train_images/train_images/ca9c912ebad7.png,1.0,9.159487,0.9950872
data/raw/aptos2019/aptos2019/train_images/train_images/cab3dfa7962d.png,0.0,9.760004,0.9965268
data/raw/aptos2019/aptos2019/train_images/train_images/cac40227d3b2.png,1.0,9.691417,0.9963864
data/raw/aptos2019/aptos2019/train_images/train_images/cac80797770f.png,1.0,4.947004,0.94626456
data/raw/aptos2019/aptos2019/train_images/train_images/cad5b1a82e60.png,0.0,0.9839421,0.63888425
data/raw/aptos2019/aptos2019/train_images/train_images/cadde4030858.png,0.0,3.4467473,0.8806445
data/raw/aptos2019/aptos2019/train_images/train_images/cae33655ca00.png,0.0,0.84126914,0.61958754
data/raw/aptos2019/aptos2019/train_images/train_images/cae51154e1ce.png,0.0,4.635071,0.9362898
data/raw/aptos2019/aptos2019/train_images/train_images/caec68f11c86.png,1.0,2.2149343,0.7831805
data/raw/aptos2019/aptos2019/train_images/train_images/cb02bb47fdc5.png,0.0,-1.299934,0.32000515
data/raw/aptos2019/aptos2019/train_images/train_images/cb0cc98d7e35.png,0.0,7.5965447,0.98792833
data/raw/aptos2019/aptos2019/train_images/train_images/cb2201c226d6.png,0.0,-2.1975706,0.21853401
data/raw/aptos2019/aptos2019/train_images/train_images/cb28adab4e8a.png,0.0,-0.83669406,0.38103792
data/raw/aptos2019/aptos2019/train_images/train_images/cb2f3c5d71a7.png,0.0,7.5895395,0.9878798
data/raw/aptos2019/aptos2019/train_images/train_images/cb39761f0712.png,0.0,-0.8628192,0.37747175
data/raw/aptos2019/aptos2019/train_images/train_images/cb547e723a16.png,1.0,7.29114,0.98562324
data/raw/aptos2019/aptos2019/train_images/train_images/cb602182cde3.png,1.0,9.937832,0.99686605
data/raw/aptos2019/aptos2019/train_images/train_images/cb68fce07789.png,0.0,0.08128348,0.5117806
data/raw/aptos2019/aptos2019/train_images/train_images/cb75210abebe.png,1.0,9.845439,0.9966941
data/raw/aptos2019/aptos2019/train_images/train_images/cbc23af521f3.png,0.0,0.33902454,0.548987
data/raw/aptos2019/aptos2019/train_images/train_images/cbc2e57447c2.png,1.0,9.752999,0.9965127
data/raw/aptos2019/aptos2019/train_images/train_images/cbd0870aa933.png,1.0,9.583344,0.99615365
data/raw/aptos2019/aptos2019/train_images/train_images/cbe633765ea7.png,0.0,0.8636835,0.62264603
data/raw/aptos2019/aptos2019/train_images/train_images/cbf0394039f8.png,1.0,6.2360044,0.9738105
data/raw/aptos2019/aptos2019/train_images/train_images/cc1eebed9276.png,1.0,9.421031,0.99577564
data/raw/aptos2019/aptos2019/train_images/train_images/cc3d2e961768.png,1.0,9.948347,0.996885
data/raw/aptos2019/aptos2019/train_images/train_images/cc671a73e1cb.png,0.0,-1.5279807,0.29194057
data/raw/aptos2019/aptos2019/train_images/train_images/cc839823755b.png,1.0,9.933996,0.9968591
data/raw/aptos2019/aptos2019/train_images/train_images/cc9270f06b65.png,0.0,-2.5692174,0.18396315
data/raw/aptos2019/aptos2019/train_images/train_images/cc964bf04dbc.png,0.0,0.4951187,0.5712829
data/raw/aptos2019/aptos2019/train_images/train_images/cca626a0e19a.png,1.0,7.481358,0.98710525
data/raw/aptos2019/aptos2019/train_images/train_images/ccd34029493d.png,1.0,9.892756,0.99678326
data/raw/aptos2019/aptos2019/train_images/train_images/ccd6dcb2f568.png,0.0,-1.9885195,0.23993888
data/raw/aptos2019/aptos2019/train_images/train_images/ccea49708830.png,0.0,-7.5032406,0.012734212
data/raw/aptos2019/aptos2019/train_images/train_images/cd01672507c9.png,0.0,-8.142406,0.008825388
data/raw/aptos2019/aptos2019/train_images/train_images/cd01f4f83336.png,0.0,-5.291117,0.044447597
data/raw/aptos2019/aptos2019/train_images/train_images/cd1c98ec48b1.png,0.0,0.29355443,0.5424509
data/raw/aptos2019/aptos2019/train_images/train_images/cd29c88c9e36.png,1.0,9.166806,0.99510795
data/raw/aptos2019/aptos2019/train_images/train_images/cd314653a4d8.png,0.0,-5.7191978,0.035019755
data/raw/aptos2019/aptos2019/train_images/train_images/cd3fd04d72f5.png,1.0,9.828919,0.9966624
data/raw/aptos2019/aptos2019/train_images/train_images/cd45bfa07d41.png,0.0,2.1465786,0.7763746
data/raw/aptos2019/aptos2019/train_images/train_images/cd48cfab4e44.png,0.0,-4.5366883,0.06719898
data/raw/aptos2019/aptos2019/train_images/train_images/cd54d022e37d.png,1.0,9.436528,0.9958132
data/raw/aptos2019/aptos2019/train_images/train_images/cd563556cb57.png,0.0,8.157329,0.99125004
data/raw/aptos2019/aptos2019/train_images/train_images/cd5714db652d.png,0.0,6.2531643,0.9740631
data/raw/aptos2019/aptos2019/train_images/train_images/cd66754e1b3b.png,0.0,0.46874112,0.56753296
data/raw/aptos2019/aptos2019/train_images/train_images/cd8da43e3069.png,0.0,-4.001177,0.089478
data/raw/aptos2019/aptos2019/train_images/train_images/cd93a472e5cd.png,1.0,9.840907,0.99668545
data/raw/aptos2019/aptos2019/train_images/train_images/cd941e5bc659.png,0.0,3.6180232,0.890695
data/raw/aptos2019/aptos2019/train_images/train_images/cd972e5639e0.png,1.0,9.397447,0.9957177
data/raw/aptos2019/aptos2019/train_images/train_images/cd9e2190c73f.png,1.0,8.7506695,0.99378127
data/raw/aptos2019/aptos2019/train_images/train_images/ce207b69ff37.png,1.0,10.022401,0.9970156
data/raw/aptos2019/aptos2019/train_images/train_images/ce6f33a81ad5.png,0.0,0.73034954,0.60431635
data/raw/aptos2019/aptos2019/train_images/train_images/ce754234d760.png,0.0,1.1661196,0.6628806
data/raw/aptos2019/aptos2019/train_images/train_images/ce8d2efd9d4f.png,0.0,1.7656366,0.73570806
data/raw/aptos2019/aptos2019/train_images/train_images/ceaa5803d780.png,1.0,9.76636,0.9965396
data/raw/aptos2019/aptos2019/train_images/train_images/ceb32a193eff.png,0.0,-8.163397,0.008719558
data/raw/aptos2019/aptos2019/train_images/train_images/ceb601fe8dba.png,1.0,7.092604,0.9838974
data/raw/aptos2019/aptos2019/train_images/train_images/cec299c2a2d5.png,0.0,-6.7995653,0.01902803
data/raw/aptos2019/aptos2019/train_images/train_images/cf0575534cec.png,0.0,9.224818,0.995269
data/raw/aptos2019/aptos2019/train_images/train_images/cf0824f53dd9.png,1.0,9.776809,0.9965604
data/raw/aptos2019/aptos2019/train_images/train_images/cf1b9d26d38d.png,1.0,9.348817,0.99559575
data/raw/aptos2019/aptos2019/train_images/train_images/cf603a9ef2d5.png,0.0,9.913939,0.9968225
data/raw/aptos2019/aptos2019/train_images/train_images/cf6551521a35.png,0.0,7.615914,0.98806155
data/raw/aptos2019/aptos2019/train_images/train_images/cf8ae5501bd6.png,0.0,-0.26244903,0.46202892
data/raw/aptos2019/aptos2019/train_images/train_images/cf8f1bc7a215.png,0.0,0.14990747,0.5217168
data/raw/aptos2019/aptos2019/train_images/train_images/cfb17a7cc8d4.png,0.0,1.7914991,0.73861367
data/raw/aptos2019/aptos2019/train_images/train_images/cfd1bd0fcbb4.png,0.0,1.4063629,0.6932717
data/raw/aptos2019/aptos2019/train_images/train_images/cfdbaef73a8b.png,0.0,-0.06371803,0.49076456
data/raw/aptos2019/aptos2019/train_images/train_images/cfed7c1172ec.png,0.0,-2.8459039,0.16108777
data/raw/aptos2019/aptos2019/train_images/train_images/cff262ed8f4c.png,0.0,-8.059905,0.00925383
data/raw/aptos2019/aptos2019/train_images/train_images/cffc50047828.png,0.0,-0.58221287,0.41639555
data/raw/aptos2019/aptos2019/train_images/train_images/d02b79fc3200.png,0.0,2.6339138,0.82160175
data/raw/aptos2019/aptos2019/train_images/train_images/d035c2bd9104.png,1.0,9.839107,0.996682
data/raw/aptos2019/aptos2019/train_images/train_images/d06ccd0cf4b8.png,0.0,-3.8233953,0.09823945
data/raw/aptos2019/aptos2019/train_images/train_images/d0926ed2c8e5.png,0.0,1.9455262,0.7554854
data/raw/aptos2019/aptos2019/train_images/train_images/d0b132d2c7ec.png,1.0,9.989961,0.9969591
data/raw/aptos2019/aptos2019/train_images/train_images/d0d59ed675b5.png,0.0,2.997566,0.85044503
data/raw/aptos2019/aptos2019/train_images/train_images/d0ffa0425ef1.png,1.0,10.094801,0.9971379
data/raw/aptos2019/aptos2019/train_images/train_images/d10d315f123f.png,1.0,9.578301,0.99614245
data/raw/aptos2019/aptos2019/train_images/train_images/d10ef306996b.png,1.0,4.640485,0.9364768
data/raw/aptos2019/aptos2019/train_images/train_images/d141728fa392.png,1.0,9.789569,0.9965856
data/raw/aptos2019/aptos2019/train_images/train_images/d15ca3469b87.png,1.0,1.9349704,0.75435305
data/raw/aptos2019/aptos2019/train_images/train_images/d160ebef4117.png,0.0,-1.5273005,0.2920221
data/raw/aptos2019/aptos2019/train_images/train_images/d16398c971e9.png,1.0,10.074641,0.99710435
data/raw/aptos2019/aptos2019/train_images/train_images/d16e39b9d6f0.png,0.0,-7.616405,0.011935113
data/raw/aptos2019/aptos2019/train_images/train_images/d16e59a2b33a.png,0.0,-7.766807,0.010949276
data/raw/aptos2019/aptos2019/train_images/train_images/d18aea8238a0.png,1.0,-0.07104746,0.48970252
data/raw/aptos2019/aptos2019/train_images/train_images/d18b1d8ac4de.png,1.0,8.926755,0.9943815
data/raw/aptos2019/aptos2019/train_images/train_images/d18e5b68f6d2.png,1.0,9.489564,0.9959395
data/raw/aptos2019/aptos2019/train_images/train_images/d18f6431ebce.png,0.0,-1.4742779,0.29841876
data/raw/aptos2019/aptos2019/train_images/train_images/d1a24527a15d.png,1.0,5.43183,0.9588917
data/raw/aptos2019/aptos2019/train_images/train_images/d1a60c3b9fe5.png,0.0,-0.7263864,0.3962333
data/raw/aptos2019/aptos2019/train_images/train_images/d1afdb8cf70d.png,0.0,-2.20553,0.21774688
data/raw/aptos2019/aptos2019/train_images/train_images/d1b279cc02ae.png,0.0,-1.0113796,0.35745347
data/raw/aptos2019/aptos2019/train_images/train_images/d1ca85af57c9.png,0.0,0.66344446,0.5950035
data/raw/aptos2019/aptos2019/train_images/train_images/d1cf31577a59.png,0.0,-8.281922,0.008145147
data/raw/aptos2019/aptos2019/train_images/train_images/d1f1ea894da1.png,1.0,2.5949442,0.81826574
data/raw/aptos2019/aptos2019/train_images/train_images/d1f7ea924a01.png,0.0,-4.0297055,0.08813942
data/raw/aptos2019/aptos2019/train_images/train_images/d1fa0f744620.png,0.0,-1.8511466,0.25476447
data/raw/aptos2019/aptos2019/train_images/train_images/d1fb4efb117c.png,1.0,8.975758,0.994538
data/raw/aptos2019/aptos2019/train_images/train_images/d25b8a8ad3c4.png,1.0,9.116598,0.99496424
data/raw/aptos2019/aptos2019/train_images/train_images/d264396d8d1a.png,1.0,8.012883,0.9904929
data/raw/aptos2019/aptos2019/train_images/train_images/d26bb2ed6e71.png,0.0,1.5445276,0.7100388
data/raw/aptos2019/aptos2019/train_images/train_images/d26bc6e1230d.png,0.0,1.1259024,0.6576499
data/raw/aptos2019/aptos2019/train_images/train_images/d271d3a2b552.png,1.0,9.739291,0.996485
data/raw/aptos2019/aptos2019/train_images/train_images/d27ac9e54901.png,0.0,-2.1253612,0.22576857
data/raw/aptos2019/aptos2019/train_images/train_images/d2901144070c.png,1.0,6.867186,0.9816902
data/raw/aptos2019/aptos2019/train_images/train_images/d29096bd94aa.png,1.0,4.860741,0.9436637
data/raw/aptos2019/aptos2019/train_images/train_images/d29b37d110f3.png,0.0,1.0273404,0.64466935
data/raw/aptos2019/aptos2019/train_images/train_images/d2afca74cbc3.png,0.0,-2.0995882,0.22839148
data/raw/aptos2019/aptos2019/train_images/train_images/d2c2f02bb313.png,1.0,9.952115,0.9968918
data/raw/aptos2019/aptos2019/train_images/train_images/d2c5fb82fe5f.png,0.0,-7.186208,0.015264848
data/raw/aptos2019/aptos2019/train_images/train_images/d2c6b99ef62c.png,1.0,10.018554,0.99700886
data/raw/aptos2019/aptos2019/train_images/train_images/d2cd47ed2c1d.png,0.0,-2.4576504,0.19387372
data/raw/aptos2019/aptos2019/train_images/train_images/d2d523e9f669.png,0.0,-5.423294,0.041303806
data/raw/aptos2019/aptos2019/train_images/train_images/d2dc86021c67.png,0.0,0.13212737,0.5191437
data/raw/aptos2019/aptos2019/train_images/train_images/d2fb715b0c41.png,0.0,0.088467866,0.5128214
data/raw/aptos2019/aptos2019/train_images/train_images/d2ffe9287dc7.png,1.0,10.009098,0.99699247
data/raw/aptos2019/aptos2019/train_images/train_images/d30d079e6f9a.png,0.0,2.3190122,0.79325294
data/raw/aptos2019/aptos2019/train_images/train_images/d332d7b8a26e.png,0.0,-3.214735,0.1342354
data/raw/aptos2019/aptos2019/train_images/train_images/d364423ec6f9.png,1.0,9.906572,0.9968088
data/raw/aptos2019/aptos2019/train_images/train_images/d38cf0f4a9af.png,0.0,-1.0376623,0.35396087
data/raw/aptos2019/aptos2019/train_images/train_images/d39752cb6e57.png,0.0,1.3021561,0.6802752
data/raw/aptos2019/aptos2019/train_images/train_images/d3be5346684b.png,1.0,-7.3025756,0.014283076
data/raw/aptos2019/aptos2019/train_images/train_images/d3d578fe433f.png,1.0,-0.2808904,0.45937216
data/raw/aptos2019/aptos2019/train_images/train_images/d3de0d313d61.png,0.0,7.2587447,0.98535466
data/raw/aptos2019/aptos2019/train_images/train_images/d3dfd0a2dee6.png,0.0,0.16486661,0.52388066
data/raw/aptos2019/aptos2019/train_images/train_images/d3e56584a481.png,0.0,2.5797284,0.81695
data/raw/aptos2019/aptos2019/train_images/train_images/d3e884109b45.png,1.0,9.423229,0.99578094
data/raw/aptos2019/aptos2019/train_images/train_images/d41b33fcb94f.png,1.0,9.451655,0.9958496
data/raw/aptos2019/aptos2019/train_images/train_images/d436c06f0490.png,0.0,-0.5671509,0.4185194
data/raw/aptos2019/aptos2019/train_images/train_images/d4583e9525dc.png,0.0,2.025099,0.76390785
data/raw/aptos2019/aptos2019/train_images/train_images/d473f6fafba0.png,1.0,5.29442,0.9556337
data/raw/aptos2019/aptos2019/train_images/train_images/d48178e4a49b.png,1.0,-4.3772626,0.07323049
data/raw/aptos2019/aptos2019/train_images/train_images/d4bc001f7224.png,0.0,3.85978,0.90361375
data/raw/aptos2019/aptos2019/train_images/train_images/d4be0403e6ab.png,1.0,8.722506,0.9936795
data/raw/aptos2019/aptos2019/train_images/train_images/d4f32b9c07df.png,0.0,10.078731,0.9971111
data/raw/aptos2019/aptos2019/train_images/train_images/d516f77d4516.png,0.0,0.73123455,0.604439
data/raw/aptos2019/aptos2019/train_images/train_images/d51b3fe0fa1b.png,1.0,9.633649,0.9962638
data/raw/aptos2019/aptos2019/train_images/train_images/d51e5d7484ea.png,0.0,2.343979,0.7956171
data/raw/aptos2019/aptos2019/train_images/train_images/d567a1a22d33.png,0.0,9.169243,0.9951148
data/raw/aptos2019/aptos2019/train_images/train_images/d56d32a1d62d.png,0.0,-6.7492003,0.019580865
data/raw/aptos2019/aptos2019/train_images/train_images/d57d1be1bbd1.png,0.0,-7.261477,0.014622499
data/raw/aptos2019/aptos2019/train_images/train_images/d5a39339ff3d.png,1.0,9.808837,0.9966234
data/raw/aptos2019/aptos2019/train_images/train_images/d5ad3362424c.png,0.0,-8.069158,0.009204772
data/raw/aptos2019/aptos2019/train_images/train_images/d5b4705ac2ee.png,0.0,-4.5444694,0.06691671
data/raw/aptos2019/aptos2019/train_images/train_images/d5c63a8d9e94.png,0.0,-0.7531628,0.39252502
data/raw/aptos2019/aptos2019/train_images/train_images/d6130f2ec903.png,0.0,2.4194748,0.80264336
data/raw/aptos2019/aptos2019/train_images/train_images/d6228d951958.png,1.0,9.900422,0.9967975
data/raw/aptos2019/aptos2019/train_images/train_images/d6283ded6aea.png,1.0,10.007864,0.9969903
data/raw/aptos2019/aptos2019/train_images/train_images/d659d7fd5ccf.png,1.0,7.2096825,0.9849384
data/raw/aptos2019/aptos2019/train_images/train_images/d667af5742f6.png,0.0,-3.8390925,0.09743608
data/raw/aptos2019/aptos2019/train_images/train_images/d66b6f333dc7.png,0.0,5.1103864,0.950883
data/raw/aptos2019/aptos2019/train_images/train_images/d66ccb75ada1.png,0.0,9.60683,0.99620545
data/raw/aptos2019/aptos2019/train_images/train_images/d67374d3fa2a.png,1.0,5.67404,0.96408457
data/raw/aptos2019/aptos2019/train_images/train_images/d6803e467592.png,0.0,1.1637026,0.6625674
data/raw/aptos2019/aptos2019/train_images/train_images/d69698f838db.png,0.0,1.6877184,0.72683024
data/raw/aptos2019/aptos2019/train_images/train_images/d6b109c82067.png,0.0,-0.6215715,0.4108605
data/raw/aptos2019/aptos2019/train_images/train_images/d6dbb0820ea5.png,0.0,-0.26688516,0.46138963
data/raw/aptos2019/aptos2019/train_images/train_images/d6df4fe492ec.png,0.0,0.7009226,0.60022914
data/raw/aptos2019/aptos2019/train_images/train_images/d6e26fe51dce.png,0.0,4.1396837,0.916853
data/raw/aptos2019/aptos2019/train_images/train_images/d6f36ec5564a.png,0.0,-1.4502312,0.30134612
data/raw/aptos2019/aptos2019/train_images/train_images/d6f6bdfd8011.png,0.0,2.2102835,0.78272223
data/raw/aptos2019/aptos2019/train_images/train_images/d7078e8b0349.png,0.0,-5.310699,0.043967843
data/raw/aptos2019/aptos2019/train_images/train_images/d74ccc796517.png,0.0,0.2199407,0.53183925
data/raw/aptos2019/aptos2019/train_images/train_images/d774692d9919.png,0.0,-4.299375,0.07635523
data/raw/aptos2019/aptos2019/train_images/train_images/d78b7401096f.png,0.0,-8.13076,0.008884656
data/raw/aptos2019/aptos2019/train_images/train_images/d7a01fca9838.png,0.0,-0.26611272,0.4615009
data/raw/aptos2019/aptos2019/train_images/train_images/d7ab5c040294.png,0.0,-3.823894,0.098213844
data/raw/aptos2019/aptos2019/train_images/train_images/d7ac4a0c9760.png,0.0,-0.10254474,0.4851396
data/raw/aptos2019/aptos2019/train_images/train_images/d7bc00091cfc.png,0.0,4.0504613,0.912823
data/raw/aptos2019/aptos2019/train_images/train_images/d7bc62d60e8c.png,0.0,-7.7679954,0.0109418165
data/raw/aptos2019/aptos2019/train_images/train_images/d7e5fe5245e0.png,0.0,-0.29471898,0.45738155
data/raw/aptos2019/aptos2019/train_images/train_images/d803598dabda.png,1.0,10.043782,0.9970522
data/raw/aptos2019/aptos2019/train_images/train_images/d807c53c1399.png,0.0,-0.74651724,0.39344424
data/raw/aptos2019/aptos2019/train_images/train_images/d81338217fc5.png,1.0,6.5528603,0.9781098
data/raw/aptos2019/aptos2019/train_images/train_images/d838d5b9f571.png,0.0,0.3663485,0.55290675
data/raw/aptos2019/aptos2019/train_images/train_images/d83c3efade75.png,1.0,4.503414,0.9315815
data/raw/aptos2019/aptos2019/train_images/train_images/d83d0695e215.png,1.0,9.289603,0.9954426
data/raw/aptos2019/aptos2019/train_images/train_images/d8404680bba6.png,1.0,8.289508,0.9918903
data/raw/aptos2019/aptos2019/train_images/train_images/d844a7252f4e.png,0.0,4.941933,0.94611484
data/raw/aptos2019/aptos2019/train_images/train_images/d85588ff2ebd.png,0.0,7.5775046,0.98779595
data/raw/aptos2019/aptos2019/train_images/train_images/d85a842d20bd.png,1.0,10.039975,0.9970457
data/raw/aptos2019/aptos2019/train_images/train_images/d85d052900b4.png,0.0,6.717036,0.98005784
data/raw/aptos2019/aptos2019/train_images/train_images/d865997a6280.png,0.0,-0.50369686,0.42749926
data/raw/aptos2019/aptos2019/train_images/train_images/d866c26d76f0.png,0.0,-0.07225222,0.48952797
data/raw/aptos2019/aptos2019/train_images/train_images/d868acdccb5b.png,1.0,9.18633,0.9951627
data/raw/aptos2019/aptos2019/train_images/train_images/d871895742b1.png,0.0,-8.160081,0.008736191
data/raw/aptos2019/aptos2019/train_images/train_images/d881c04f01fe.png,0.0,2.3577864,0.7969158
data/raw/aptos2019/aptos2019/train_images/train_images/d88806d9ece9.png,1.0,9.838452,0.9966807
data/raw/aptos2019/aptos2019/train_images/train_images/d88c4843aec3.png,0.0,-1.0082079,0.35787594
data/raw/aptos2019/aptos2019/train_images/train_images/d8cdb7d7283a.png,1.0,4.635614,0.9363085
data/raw/aptos2019/aptos2019/train_images/train_images/d8da9de62743.png,0.0,-3.369302,0.124156825
data/raw/aptos2019/aptos2019/train_images/train_images/d911dd40c63b.png,0.0,-0.49852598,0.42823324
data/raw/aptos2019/aptos2019/train_images/train_images/d91273efb92a.png,1.0,9.961879,0.9969093
data/raw/aptos2019/aptos2019/train_images/train_images/d91635f380b4.png,0.0,2.1240544,0.77409893
data/raw/aptos2019/aptos2019/train_images/train_images/d9311f7497cb.png,1.0,9.780034,0.9965668
data/raw/aptos2019/aptos2019/train_images/train_images/d93b61dc8f64.png,0.0,-7.9136314,0.010064689
data/raw/aptos2019/aptos2019/train_images/train_images/d94e10f42861.png,1.0,9.979655,0.9969408
data/raw/aptos2019/aptos2019/train_images/train_images/d952dbfb0fe4.png,1.0,10.013366,0.9969999
data/raw/aptos2019/aptos2019/train_images/train_images/d95959798b57.png,1.0,9.952144,0.9968918
data/raw/aptos2019/aptos2019/train_images/train_images/d968a983d4d2.png,1.0,6.8630404,0.98164696
data/raw/aptos2019/aptos2019/train_images/train_images/d97911a32918.png,0.0,-0.038684934,0.4943925
data/raw/aptos2019/aptos2019/train_images/train_images/d990a3f0cbdb.png,1.0,8.996667,0.99460346
data/raw/aptos2019/aptos2019/train_images/train_images/d99b0f7dd9b9.png,0.0,-1.6134139,0.28180715
data/raw/aptos2019/aptos2019/train_images/train_images/d99dd99be001.png,0.0,0.62402934,0.58948445
data/raw/aptos2019/aptos2019/train_images/train_images/d9a475dfe59a.png,1.0,9.6858835,0.9963748
data/raw/aptos2019/aptos2019/train_images/train_images/d9ad2a0ec026.png,0.0,-0.49733976,0.42840165
data/raw/aptos2019/aptos2019/train_images/train_images/d9ba044671e1.png,1.0,9.901183,0.9967989
data/raw/aptos2019/aptos2019/train_images/train_images/d9bbdc33db83.png,1.0,9.961436,0.9969085
data/raw/aptos2019/aptos2019/train_images/train_images/d9c9b9786da3.png,0.0,-0.72940093,0.3958152
data/raw/aptos2019/aptos2019/train_images/train_images/d9d2631f043c.png,0.0,-8.164577,0.008713646
data/raw/aptos2019/aptos2019/train_images/train_images/d9e58e4d8689.png,0.0,9.283984,0.99542785
data/raw/aptos2019/aptos2019/train_images/train_images/da0a83f074f3.png,0.0,-0.57783663,0.4170123
data/raw/aptos2019/aptos2019/train_images/train_images/da1fb35f5df9.png,0.0,0.55914646,0.5803507
data/raw/aptos2019/aptos2019/train_images/train_images/da2bdf4236ac.png,0.0,-3.546435,0.113412336
data/raw/aptos2019/aptos2019/train_images/train_images/da3a2275c850.png,0.0,-2.2468972,0.21368891
data/raw/aptos2019/aptos2019/train_images/train_images/da44f80b422b.png,1.0,10.052543,0.99706715
data/raw/aptos2019/aptos2019/train_images/train_images/da6389d129aa.png,0.0,2.6689005,0.8245558
data/raw/aptos2019/aptos2019/train_images/train_images/da6bbb76d562.png,0.0,-7.1968846,0.015172068
data/raw/aptos2019/aptos2019/train_images/train_images/da8900ac7f29.png,1.0,10.045902,0.99705577
data/raw/aptos2019/aptos2019/train_images/train_images/da9262d9f5d9.png,0.0,0.11520671,0.516694
data/raw/aptos2019/aptos2019/train_images/train_images/da949aa67a4f.png,0.0,-3.0579422,0.14515674
data/raw/aptos2019/aptos2019/train_images/train_images/da9574d35b82.png,0.0,-8.499093,0.007188361
data/raw/aptos2019/aptos2019/train_images/train_images/da9fe02dead3.png,0.0,1.486429,0.70305425
data/raw/aptos2019/aptos2019/train_images/train_images/daad7b617f21.png,0.0,5.168744,0.95243937
data/raw/aptos2019/aptos2019/train_images/train_images/dad71ba27a9b.png,1.0,9.891797,0.99678147
data/raw/aptos2019/aptos2019/train_images/train_images/daeaa5d8cf70.png,1.0,9.83425,0.99667263
data/raw/aptos2019/aptos2019/train_images/train_images/daff5427c9b2.png,0.0,-2.1693013,0.22134623
data/raw/aptos2019/aptos2019/train_images/train_images/db3cd58aa315.png,0.0,-1.3713778,0.31105885
data/raw/aptos2019/aptos2019/train_images/train_images/db49cdf1ea64.png,1.0,7.024573,0.98326045
data/raw/aptos2019/aptos2019/train_images/train_images/db4ed1e07aa3.png,0.0,3.4959567,0.8836112
data/raw/aptos2019/aptos2019/train_images/train_images/db52626d450c.png,0.0,0.03422885,0.5049616
data/raw/aptos2019/aptos2019/train_images/train_images/db6207e62c7b.png,0.0,-4.4057417,0.07211763
data/raw/aptos2019/aptos2019/train_images/train_images/db690e2d02f8.png,0.0,5.008637,0.948053
data/raw/aptos2019/aptos2019/train_images/train_images/dbb2c63f6f08.png,1.0,9.620345,0.99623495
data/raw/aptos2019/aptos2019/train_images/train_images/dbd062558b81.png,0.0,-5.1899056,0.047007825
data/raw/aptos2019/aptos2019/train_images/train_images/dbee04ae6426.png,1.0,9.594275,0.9961778
data/raw/aptos2019/aptos2019/train_images/train_images/dbfd238b3468.png,1.0,9.653968,0.9963074
data/raw/aptos2019/aptos2019/train_images/train_images/dc0eea0b68a7.png,0.0,0.45842856,0.5660648
data/raw/aptos2019/aptos2019/train_images/train_images/dc0f6e5b489b.png,0.0,-2.1258118,0.22572288
data/raw/aptos2019/aptos2019/train_images/train_images/dc6fa1b38b83.png,1.0,-5.732515,0.03475975
data/raw/aptos2019/aptos2019/train_images/train_images/dcc6c0ad5cad.png,0.0,0.63733673,0.5913504
data/raw/aptos2019/aptos2019/train_images/train_images/dccdf750c962.png,0.0,0.16378923,0.52372485
data/raw/aptos2019/aptos2019/train_images/train_images/dce73d90c00c.png,0.0,2.0897517,0.7706018
data/raw/aptos2019/aptos2019/train_images/train_images/dcf109df1a2b.png,0.0,-2.9824917,0.15067008
data/raw/aptos2019/aptos2019/train_images/train_images/dd02d60bef14.png,0.0,-6.9754443,0.017214956
data/raw/aptos2019/aptos2019/train_images/train_images/dd110d2b8c21.png,1.0,9.875249,0.9967506
data/raw/aptos2019/aptos2019/train_images/train_images/dd19428c3d29.png,0.0,3.1889505,0.86401755
data/raw/aptos2019/aptos2019/train_images/train_images/dd285d9e97fe.png,0.0,-3.4447706,0.11947607
data/raw/aptos2019/aptos2019/train_images/train_images/dd3176bacfe2.png,0.0,-1.0593282,0.35109344
data/raw/aptos2019/aptos2019/train_images/train_images/dd3dad6ca78f.png,1.0,9.198968,0.99519795
data/raw/aptos2019/aptos2019/train_images/train_images/dd90c321d7bc.png,0.0,-7.288933,0.014394873
data/raw/aptos2019/aptos2019/train_images/train_images/ddb222ff7c1d.png,0.0,-3.816319,0.09860353
data/raw/aptos2019/aptos2019/train_images/train_images/dde43aa22ae6.png,1.0,9.795057,0.9965964
data/raw/aptos2019/aptos2019/train_images/train_images/de16416220de.png,1.0,9.91833,0.9968305
data/raw/aptos2019/aptos2019/train_images/train_images/de18071c36e6.png,0.0,-6.7211976,0.019895019
data/raw/aptos2019/aptos2019/train_images/train_images/de2eb5c8aa83.png,0.0,2.359766,0.7971016
data/raw/aptos2019/aptos2019/train_images/train_images/de38adaae009.png,0.0,-8.343678,0.007860897
data/raw/aptos2019/aptos2019/train_images/train_images/de4cdabbce6d.png,0.0,-1.0601734,0.3509818
data/raw/aptos2019/aptos2019/train_images/train_images/de50dfa745f8.png,1.0,9.080922,0.99485946
data/raw/aptos2019/aptos2019/train_images/train_images/de55ed25e0e8.png,0.0,1.7381612,0.7325988
data/raw/aptos2019/aptos2019/train_images/train_images/de57c9e9fa93.png,0.0,7.906848,0.98989606
data/raw/aptos2019/aptos2019/train_images/train_images/de6210f88536.png,0.0,-2.192046,0.21908157
data/raw/aptos2019/aptos2019/train_images/train_images/de730033c683.png,0.0,-0.55270916,0.42055866
data/raw/aptos2019/aptos2019/train_images/train_images/de778495a1cd.png,1.0,9.956133,0.996899
data/raw/aptos2019/aptos2019/train_images/train_images/dea7538bb91a.png,0.0,1.3983014,0.6922768
data/raw/aptos2019/aptos2019/train_images/train_images/dec5595e6154.png,0.0,-1.1250371,0.34246317
data/raw/aptos2019/aptos2019/train_images/train_images/dee1031a76ae.png,0.0,-7.005409,0.016923456
data/raw/aptos2019/aptos2019/train_images/train_images/dee31065f8fe.png,0.0,0.5596277,0.5804186
data/raw/aptos2019/aptos2019/train_images/train_images/dee687c6e88a.png,1.0,9.745377,0.99649733
data/raw/aptos2019/aptos2019/train_images/train_images/df0886f1e76b.png,0.0,0.13077378,0.5189478
data/raw/aptos2019/aptos2019/train_images/train_images/df3adfd6ba36.png,1.0,9.703053,0.99641067
data/raw/aptos2019/aptos2019/train_images/train_images/df4aec4a0eaf.png,1.0,9.282811,0.9954248
data/raw/aptos2019/aptos2019/train_images/train_images/df5ce3ea7820.png,1.0,8.162874,0.9912778
data/raw/aptos2019/aptos2019/train_images/train_images/df6d13d04da1.png,0.0,-0.38352016,0.44463328
data/raw/aptos2019/aptos2019/train_images/train_images/df8365d6ac33.png,1.0,9.995826,0.9969694
data/raw/aptos2019/aptos2019/train_images/train_images/df841a0440d8.png,1.0,9.616686,0.996227
data/raw/aptos2019/aptos2019/train_images/train_images/df84e7113003.png,1.0,9.948803,0.99688584
data/raw/aptos2019/aptos2019/train_images/train_images/df9cb3729eb1.png,0.0,-4.929073,0.054266565
data/raw/aptos2019/aptos2019/train_images/train_images/dfc7ec7db0e0.png,0.0,-0.24336977,0.4647798
data/raw/aptos2019/aptos2019/train_images/train_images/dfea19863428.png,0.0,5.7451425,0.96548504
data/raw/aptos2019/aptos2019/train_images/train_images/e019b3e0f33d.png,1.0,9.883273,0.9967656
data/raw/aptos2019/aptos2019/train_images/train_images/e01b7bac822b.png,0.0,-0.1405076,0.4796434
data/raw/aptos2019/aptos2019/train_images/train_images/e0313be77035.png,0.0,-7.055304,0.0164488
data/raw/aptos2019/aptos2019/train_images/train_images/e03a74e7d74f.png,0.0,0.4495051,0.5647934
data/raw/aptos2019/aptos2019/train_images/train_images/e03e70bc8bba.png,1.0,-0.4811625,0.43070015
data/raw/aptos2019/aptos2019/train_images/train_images/e04f3c6619a3.png,0.0,-2.6878748,0.1738583
data/raw/aptos2019/aptos2019/train_images/train_images/e067b06fd655.png,0.0,1.0011044,0.64117694
data/raw/aptos2019/aptos2019/train_images/train_images/e06cccc08c59.png,0.0,-0.969212,0.3630886
data/raw/aptos2019/aptos2019/train_images/train_images/e06d3d4733f0.png,1.0,9.827099,0.9966589
data/raw/aptos2019/aptos2019/train_images/train_images/e07045d7c5f7.png,0.0,7.975846,0.9902885
data/raw/aptos2019/aptos2019/train_images/train_images/e0863b353093.png,1.0,9.861618,0.9967249
data/raw/aptos2019/aptos2019/train_images/train_images/e087bd4b88f2.png,0.0,-3.272439,0.1303943
data/raw/aptos2019/aptos2019/train_images/train_images/e0b5a982a018.png,1.0,9.993686,0.9969656
data/raw/aptos2019/aptos2019/train_images/train_images/e0d229db881a.png,0.0,2.620285,0.82044053
data/raw/aptos2019/aptos2019/train_images/train_images/e10190a9d52f.png,1.0,9.909904,0.996815
data/raw/aptos2019/aptos2019/train_images/train_images/e12b67835e03.png,1.0,9.499074,0.99596184
data/raw/aptos2019/aptos2019/train_images/train_images/e12df54e0d1e.png,0.0,2.0525832,0.7667699
data/raw/aptos2019/aptos2019/train_images/train_images/e12f9f19d1be.png,0.0,1.8365742,0.743628
data/raw/aptos2019/aptos2019/train_images/train_images/e13412678eff.png,1.0,9.947567,0.9968836
data/raw/aptos2019/aptos2019/train_images/train_images/e135d7ba9a0e.png,0.0,0.2445846,0.53539544
data/raw/aptos2019/aptos2019/train_images/train_images/e1418d28d668.png,1.0,9.115802,0.99496186
data/raw/aptos2019/aptos2019/train_images/train_images/e150935f66a6.png,1.0,8.563922,0.993075
data/raw/aptos2019/aptos2019/train_images/train_images/e160a3b19911.png,0.0,-1.8708463,0.2526019
data/raw/aptos2019/aptos2019/train_images/train_images/e16af45285e5.png,0.0,-2.2668176,0.21175452
data/raw/aptos2019/aptos2019/train_images/train_images/e16fc934069f.png,1.0,9.340077,0.9955735
data/raw/aptos2019/aptos2019/train_images/train_images/e17507a4a1f5.png,1.0,9.525771,0.99602354
data/raw/aptos2019/aptos2019/train_images/train_images/e1900014dabf.png,1.0,9.029241,0.99470395
data/raw/aptos2019/aptos2019/train_images/train_images/e19936582c61.png,1.0,10.049983,0.99706274
data/raw/aptos2019/aptos2019/train_images/train_images/e1ab92228e60.png,0.0,-4.325746,0.075283796
data/raw/aptos2019/aptos2019/train_images/train_images/e1b8acb1cea1.png,0.0,-0.38406587,0.44455513
data/raw/aptos2019/aptos2019/train_images/train_images/e1c02f6c3362.png,0.0,1.7769648,0.7369833
data/raw/aptos2019/aptos2019/train_images/train_images/e1dc02a3dc2a.png,0.0,-1.490219,0.29648715
data/raw/aptos2019/aptos2019/train_images/train_images/e1e490773462.png,1.0,9.941634,0.99687296
data/raw/aptos2019/aptos2019/train_images/train_images/e1fb532f55df.png,1.0,7.841285,0.9895086
data/raw/aptos2019/aptos2019/train_images/train_images/e2161692a0b4.png,1.0,9.125123,0.99498886
data/raw/aptos2019/aptos2019/train_images/train_images/e2265c383348.png,0.0,-3.5391037,0.11384049
data/raw/aptos2019/aptos2019/train_images/train_images/e229aca862c7.png,1.0,9.805503,0.9966169
data/raw/aptos2019/aptos2019/train_images/train_images/e23add229074.png,1.0,9.873735,0.99674773
data/raw/aptos2019/aptos2019/train_images/train_images/e246cd89e1cc.png,0.0,-1.9636824,0.24257508
data/raw/aptos2019/aptos2019/train_images/train_images/e251bdf05b85.png,0.0,1.2787999,0.67732245
data/raw/aptos2019/aptos2019/train_images/train_images/e25ccfe38e44.png,0.0,5.1155267,0.95102197
data/raw/aptos2019/aptos2019/train_images/train_images/e265c870f9b3.png,1.0,9.798088,0.9966024
data/raw/aptos2019/aptos2019/train_images/train_images/e26bcae6c67b.png,0.0,-4.38369,0.072977945
data/raw/aptos2019/aptos2019/train_images/train_images/e26d8718ca58.png,0.0,4.358602,0.92603177
data/raw/aptos2019/aptos2019/train_images/train_images/e2856afe62c5.png,1.0,9.966642,0.9969177
data/raw/aptos2019/aptos2019/train_images/train_images/e29e54ff921e.png,0.0,-3.3141773,0.12767453
data/raw/aptos2019/aptos2019/train_images/train_images/e2a233493b90.png,0.0,7.676324,0.98846775
data/raw/aptos2019/aptos2019/train_images/train_images/e2a47a74e6e1.png,1.0,10.004233,0.99698406
data/raw/aptos2019/aptos2019/train_images/train_images/e2c39ed0c941.png,0.0,-2.7729757,0.1668845
data/raw/aptos2019/aptos2019/train_images/train_images/e2ec22b3d07e.png,0.0,-1.4412264,0.30244654
data/raw/aptos2019/aptos2019/train_images/train_images/e30a890600e1.png,0.0,3.9852593,0.9097672
data/raw/aptos2019/aptos2019/train_images/train_images/e31c42a8652b.png,1.0,10.036889,0.99704045
data/raw/aptos2019/aptos2019/train_images/train_images/e322acd46152.png,0.0,0.98948103,0.6396249
data/raw/aptos2019/aptos2019/train_images/train_images/e32a359be36d.png,1.0,9.37815,0.9956697
data/raw/aptos2019/aptos2019/train_images/train_images/e32dc722eca5.png,1.0,9.881333,0.9967619
data/raw/aptos2019/aptos2019/train_images/train_images/e33766353db2.png,0.0,-4.51691,0.067921415
data/raw/aptos2019/aptos2019/train_images/train_images/e34fa07bd64d.png,1.0,10.067721,0.9970927
data/raw/aptos2019/aptos2019/train_images/train_images/e387311a840e.png,1.0,9.772271,0.9965513
data/raw/aptos2019/aptos2019/train_images/train_images/e38f3a65b02b.png,0.0,9.089859,0.99488586
data/raw/aptos2019/aptos2019/train_images/train_images/e3a7671f787b.png,1.0,9.822531,0.99665004
data/raw/aptos2019/aptos2019/train_images/train_images/e3ab63dc9a60.png,1.0,6.905708,0.98208743
data/raw/aptos2019/aptos2019/train_images/train_images/e3b47ed5b511.png,0.0,-1.8365302,0.2563769
data/raw/aptos2019/aptos2019/train_images/train_images/e3cd96cb094c.png,0.0,3.230943,0.86685306
data/raw/aptos2019/aptos2019/train_images/train_images/e3e490babc0c.png,1.0,9.977582,0.99693716
data/raw/aptos2019/aptos2019/train_images/train_images/e3ec668f6fad.png,1.0,9.755292,0.9965173
data/raw/aptos2019/aptos2019/train_images/train_images/e4210e7fe587.png,1.0,9.322793,0.9955291
data/raw/aptos2019/aptos2019/train_images/train_images/e42d9a94a66d.png,0.0,-8.298226,0.00806913
data/raw/aptos2019/aptos2019/train_images/train_images/e4730ddde408.png,1.0,9.834199,0.9966725
data/raw/aptos2019/aptos2019/train_images/train_images/e47452069ea1.png,0.0,0.35651487,0.5514968
data/raw/aptos2019/aptos2019/train_images/train_images/e47770a2e5d1.png,0.0,-7.0966287,0.016065603
data/raw/aptos2019/aptos2019/train_images/train_images/e499434242cc.png,1.0,9.91687,0.9968278
data/raw/aptos2019/aptos2019/train_images/train_images/e4a44f9158dc.png,0.0,-0.42174512,0.43916714
data/raw/aptos2019/aptos2019/train_images/train_images/e4ae1ee6aada.png,0.0,-0.45005947,0.4351276
data/raw/aptos2019/aptos2019/train_images/train_images/e4b0df29b96f.png,0.0,-0.65582097,0.4060622
data/raw/aptos2019/aptos2019/train_images/train_images/e4c799738a19.png,0.0,-0.5453097,0.42160454
data/raw/aptos2019/aptos2019/train_images/train_images/e4d3d437b0a8.png,0.0,1.3796762,0.6899714
data/raw/aptos2019/aptos2019/val_images/val_images/000c1434d8d7.png,1.0,8.907718,0.99431944
data/raw/aptos2019/aptos2019/val_images/val_images/001639a390f0.png,1.0,9.763661,0.9965341
data/raw/aptos2019/aptos2019/val_images/val_images/0024cdab0c1e.png,0.0,-0.91958815,0.3697685
data/raw/aptos2019/aptos2019/val_images/val_images/002c21358ce6.png,0.0,-0.742811,0.3939572
data/raw/aptos2019/aptos2019/val_images/val_images/005b95c28852.png,0.0,4.343705,0.9254379
data/raw/aptos2019/aptos2019/val_images/val_images/0083ee8054ee.png,1.0,9.973988,0.9969309
data/raw/aptos2019/aptos2019/val_images/val_images/0097f532ac9f.png,0.0,-8.170565,0.008683708
data/raw/aptos2019/aptos2019/val_images/val_images/00a8624548a9.png,1.0,10.002922,0.9969817
data/raw/aptos2019/aptos2019/val_images/val_images/00b74780d31d.png,1.0,5.9266963,0.96882635
data/raw/aptos2019/aptos2019/val_images/val_images/00cc2b75cddd.png,0.0,0.9995934,0.6409753
data/raw/aptos2019/aptos2019/val_images/val_images/00e4ddff966a.png,1.0,9.446379,0.995837
data/raw/aptos2019/aptos2019/val_images/val_images/00f6c1be5a33.png,0.0,1.0750115,0.6509756
data/raw/aptos2019/aptos2019/val_images/val_images/0104b032c141.png,1.0,10.08221,0.9971169
data/raw/aptos2019/aptos2019/val_images/val_images/0124dffecf29.png,0.0,-5.269023,0.04499489
data/raw/aptos2019/aptos2019/val_images/val_images/0125fbd2e791.png,0.0,0.99888927,0.64088136
data/raw/aptos2019/aptos2019/val_images/val_images/014508ccb9cb.png,0.0,-1.7397763,0.26721781
data/raw/aptos2019/aptos2019/val_images/val_images/0151781fe50b.png,0.0,2.1792068,0.77964216
data/raw/aptos2019/aptos2019/val_images/val_images/0180bfa26c0b.png,1.0,9.862904,0.99672735
data/raw/aptos2019/aptos2019/val_images/val_images/0182152c50de.png,0.0,1.8533368,0.7454766
data/raw/aptos2019/aptos2019/val_images/val_images/01b3aed3ed4c.png,0.0,3.6274612,0.8912266
data/raw/aptos2019/aptos2019/val_images/val_images/01c7808d901d.png,1.0,9.940419,0.9968707
data/raw/aptos2019/aptos2019/val_images/val_images/01d9477b1171.png,0.0,-4.988935,0.05251249
data/raw/aptos2019/aptos2019/val_images/val_images/01eb826f6467.png,1.0,9.935264,0.99686134
data/raw/aptos2019/aptos2019/val_images/val_images/01f7bb8be950.png,0.0,-8.263448,0.0082321465
data/raw/aptos2019/aptos2019/val_images/val_images/0212dd31f623.png,0.0,-1.1320161,0.34155253
data/raw/aptos2019/aptos2019/val_images/val_images/022f820027b8.png,0.0,-5.3974795,0.0419006
data/raw/aptos2019/aptos2019/val_images/val_images/0231642cf1c2.png,0.0,-8.002429,0.009564425
data/raw/aptos2019/aptos2019/val_images/val_images/0232dfea7547.png,0.0,1.1350743,0.6588462
data/raw/aptos2019/aptos2019/val_images/val_images/02358b47ea89.png,0.0,-8.590539,0.0068196673
data/raw/aptos2019/aptos2019/val_images/val_images/0243404e8a00.png,1.0,7.5694003,0.98773915
data/raw/aptos2019/aptos2019/val_images/val_images/025a169a0bb0.png,1.0,6.3836303,0.97590727
data/raw/aptos2019/aptos2019/val_images/val_images/02685f13cefd.png,1.0,9.9670315,0.99691844
data/raw/aptos2019/aptos2019/val_images/val_images/02cd34a85b24.png,0.0,-1.5591118,0.2882233
data/raw/aptos2019/aptos2019/val_images/val_images/02da652c74b8.png,0.0,2.7404304,0.83047533
data/raw/aptos2019/aptos2019/val_images/val_images/02dda30d3acf.png,1.0,6.5690727,0.9783102
data/raw/aptos2019/aptos2019/val_images/val_images/0304bedad8fe.png,0.0,-2.3937945,0.19972605
data/raw/aptos2019/aptos2019/val_images/val_images/0318598cfd16.png,1.0,2.2352068,0.78516996
data/raw/aptos2019/aptos2019/val_images/val_images/032d7b0b4bf6.png,1.0,-1.3404697,0.31491238
data/raw/aptos2019/aptos2019/val_images/val_images/033f2b43de6d.png,1.0,9.285453,0.9954318
data/raw/aptos2019/aptos2019/val_images/val_images/03676c71ed1b.png,1.0,7.415784,0.9866122
data/raw/aptos2019/aptos2019/val_images/val_images/0369f3efe69b.png,0.0,8.207986,0.9915011
data/raw/aptos2019/aptos2019/val_images/val_images/03747397839f.png,1.0,9.753877,0.9965145
data/raw/aptos2019/aptos2019/val_images/val_images/03a7f4a5786f.png,1.0,7.0706553,0.98369455
data/raw/aptos2019/aptos2019/val_images/val_images/03b373718013.png,0.0,0.9368323,0.6325585
data/raw/aptos2019/aptos2019/val_images/val_images/03c85870824c.png,1.0,9.911866,0.99681854
data/raw/aptos2019/aptos2019/val_images/val_images/03e25101e8e8.png,0.0,1.8404285,0.74405384
data/raw/aptos2019/aptos2019/val_images/val_images/03fd50da928d.png,1.0,10.03213,0.9970323
data/raw/aptos2019/aptos2019/val_images/val_images/03ff7d159f10.png,1.0,9.192561,0.99518013
data/raw/aptos2019/aptos2019/val_images/val_images/0415fc68b176.png,1.0,9.819311,0.9966438
data/raw/aptos2019/aptos2019/val_images/val_images/041f09eec1e8.png,1.0,8.91239,0.9943348
data/raw/aptos2019/aptos2019/val_images/val_images/0423237770a7.png,0.0,0.29498827,0.5426572
data/raw/aptos2019/aptos2019/val_images/val_images/042470a92154.png,1.0,9.956867,0.9969003
data/raw/aptos2019/aptos2019/val_images/val_images/04579e31e4be.png,0.0,-0.5935452,0.41479966
data/raw/aptos2019/aptos2019/val_images/val_images/04a6fc58dabc.png,1.0,9.944873,0.99687874
data/raw/aptos2019/aptos2019/val_images/val_images/04aef84a2cc1.png,0.0,-5.070293,0.05021428
data/raw/aptos2019/aptos2019/val_images/val_images/04d029cfb612.png,1.0,1.1298156,0.65816045
data/raw/aptos2019/aptos2019/val_images/val_images/04efb1a284cc.png,0.0,0.38441357,0.5554946
data/raw/aptos2019/aptos2019/val_images/val_images/050bb1eafa76.png,0.0,1.7142577,0.72987485
data/raw/aptos2019/aptos2019/val_images/val_images/05113073b268.png,0.0,-8.14355,0.008819591
data/raw/aptos2019/aptos2019/val_images/val_images/05195a3db5e2.png,0.0,7.1592727,0.98449856
data/raw/aptos2019/aptos2019/val_images/val_images/0519b934f6b1.png,1.0,5.581553,0.96218073
data/raw/aptos2019/aptos2019/val_images/val_images/052d9a3fe55a.png,1.0,9.831436,0.9966672
data/raw/aptos2019/aptos2019/val_images/val_images/05339950962e.png,0.0,-1.0666662,0.3501247
data/raw/aptos2019/aptos2019/val_images/val_images/054b1b305160.png,0.0,-0.043271538,0.49372774
data/raw/aptos2019/aptos2019/val_images/val_images/0551676cc2aa.png,0.0,-5.5656962,0.038155254
data/raw/aptos2019/aptos2019/val_images/val_images/059bc89df7f4.png,0.0,9.839946,0.99668354
data/raw/aptos2019/aptos2019/val_images/val_images/05b1bb2bdb81.png,0.0,-7.8776984,0.010274415
data/raw/aptos2019/aptos2019/val_images/val_images/05cd0178ccfe.png,1.0,9.960921,0.99690753
data/raw/aptos2019/aptos2019/val_images/val_images/05e9126dfa5c.png,0.0,-0.040868405,0.49407604
data/raw/aptos2019/aptos2019/val_images/val_images/06024377d573.png,1.0,9.936135,0.996863
data/raw/aptos2019/aptos2019/val_images/val_images/060e00d1e2ab.png,0.0,0.40674144,0.55868906
data/raw/aptos2019/aptos2019/val_images/val_images/064af6592ba6.png,1.0,9.579851,0.99614584
data/raw/aptos2019/aptos2019/val_images/val_images/06586082a24d.png,0.0,0.3856224,0.55566764
data/raw/aptos2019/aptos2019/val_images/val_images/0684311afdfc.png,0.0,1.5920765,0.715682
data/raw/aptos2019/aptos2019/val_images/val_images/069f43616fab.png,1.0,3.9464643,0.9079035
data/raw/aptos2019/aptos2019/val_images/val_images/06b71823f9cd.png,0.0,9.859286,0.9967205
data/raw/aptos2019/aptos2019/val_images/val_images/06be1092a062.png,0.0,-1.739369,0.26726407
data/raw/aptos2019/aptos2019/val_images/val_images/07083738b75e.png,1.0,8.987885,0.9945761
data/raw/aptos2019/aptos2019/val_images/val_images/0709652336e2.png,0.0,-6.5606284,0.021793978
data/raw/aptos2019/aptos2019/val_images/val_images/070d4ce5fd90.png,0.0,1.1756309,0.664112
data/raw/aptos2019/aptos2019/val_images/val_images/070f67572d03.png,1.0,10.010846,0.99699557
data/raw/aptos2019/aptos2019/val_images/val_images/07122e268a1d.png,1.0,9.705183,0.996415
data/raw/aptos2019/aptos2019/val_images/val_images/071435a218ec.png,1.0,9.575556,0.99613625
data/raw/aptos2019/aptos2019/val_images/val_images/07596907347b.png,0.0,-0.65204567,0.40659025
data/raw/aptos2019/aptos2019/val_images/val_images/0773a1c326ad.png,0.0,-5.244499,0.04560989
data/raw/aptos2019/aptos2019/val_images/val_images/07751b94a88a.png,0.0,0.76442134,0.6090305
data/raw/aptos2019/aptos2019/val_images/val_images/0790515cf5af.png,0.0,1.747531,0.7336617
data/raw/aptos2019/aptos2019/val_images/val_images/07929d32b5b3.png,0.0,5.8107457,0.9667304
data/raw/aptos2019/aptos2019/val_images/val_images/07a0be6b347f.png,0.0,-3.4480984,0.11927322
data/raw/aptos2019/aptos2019/val_images/val_images/07a0e34c8d20.png,1.0,9.873009,0.9967463
data/raw/aptos2019/aptos2019/val_images/val_images/07a1c7073982.png,0.0,3.3225384,0.8728645
data/raw/aptos2019/aptos2019/val_images/val_images/07a2b8cabf6b.png,0.0,3.353943,0.87487155
data/raw/aptos2019/aptos2019/val_images/val_images/07a3be30563b.png,1.0,10.006209,0.9969875
data/raw/aptos2019/aptos2019/val_images/val_images/07d8db76b301.png,1.0,8.67857,0.9935175
data/raw/aptos2019/aptos2019/val_images/val_images/07e827469099.png,0.0,-1.1021024,0.34546393
data/raw/aptos2019/aptos2019/val_images/val_images/07f5d7baf907.png,0.0,-8.236097,0.008362641
data/raw/aptos2019/aptos2019/val_images/val_images/08037e4490e5.png,0.0,-3.4239192,0.120753855
data/raw/aptos2019/aptos2019/val_images/val_images/080ee76c958c.png,1.0,10.0164,0.99700516
data/raw/aptos2019/aptos2019/val_images/val_images/080f66eedfb9.png,1.0,8.639274,0.99336916
data/raw/aptos2019/aptos2019/val_images/val_images/084c02cf077f.png,0.0,-4.504402,0.06838199
data/raw/aptos2019/aptos2019/val_images/val_images/0851d6a69589.png,0.0,1.8249873,0.74234504
data/raw/aptos2019/aptos2019/val_images/val_images/086d41d17da8.png,0.0,6.158661,0.97264206
data/raw/aptos2019/aptos2019/val_images/val_images/08752092140d.png,1.0,10.064949,0.997088
data/raw/aptos2019/aptos2019/val_images/val_images/08a3875063c3.png,1.0,9.7233515,0.99645245
data/raw/aptos2019/aptos2019/val_images/val_images/08b6e3240858.png,0.0,-7.574687,0.012223766
data/raw/aptos2019/aptos2019/val_images/val_images/08bef347f40d.png,0.0,1.1360856,0.658978
data/raw/aptos2019/aptos2019/val_images/val_images/08c17a2d95b7.png,1.0,9.801555,0.9966092
data/raw/aptos2019/aptos2019/val_images/val_images/08c60c647673.png,0.0,-5.8980823,0.03167872
data/raw/aptos2019/aptos2019/val_images/val_images/08ee569d4721.png,0.0,-1.0132474,0.35720477
data/raw/aptos2019/aptos2019/val_images/val_images/08f8838d69bb.png,0.0,0.13351099,0.519344
data/raw/aptos2019/aptos2019/val_images/val_images/09237bf783a4.png,0.0,-0.5691975,0.41823065
data/raw/aptos2019/aptos2019/val_images/val_images/0924cec998fa.png,0.0,-7.5357065,0.012499701
data/raw/aptos2019/aptos2019/val_images/val_images/093a42649c29.png,1.0,9.9872265,0.9969542
data/raw/aptos2019/aptos2019/val_images/val_images/093cf723fede.png,0.0,-3.4019978,0.12210991
data/raw/aptos2019/aptos2019/val_images/val_images/094858f005ab.png,1.0,8.44976,0.9926046
data/raw/aptos2019/aptos2019/val_images/val_images/0953c0ac1735.png,1.0,10.066268,0.9970902
data/raw/aptos2019/aptos2019/val_images/val_images/096436d68d06.png,0.0,-7.5969234,0.012069064
data/raw/aptos2019/aptos2019/val_images/val_images/09662e462531.png,0.0,-7.626016,0.011869575
data/raw/aptos2019/aptos2019/val_images/val_images/0981195eb9fb.png,1.0,9.640412,0.99627835
data/raw/aptos2019/aptos2019/val_images/val_images/099021fac3c9.png,0.0,-1.3243386,0.31693384
data/raw/aptos2019/aptos2019/val_images/val_images/09934421c79e.png,0.0,2.3708227,0.7981365
data/raw/aptos2019/aptos2019/val_images/val_images/09935d72892b.png,0.0,-6.5889854,0.021446181
data/raw/aptos2019/aptos2019/val_images/val_images/09c8323c612e.png,0.0,0.38600725,0.5557228
data/raw/aptos2019/aptos2019/val_images/val_images/09eeafa9656a.png,1.0,9.785235,0.9965771
data/raw/aptos2019/aptos2019/val_images/val_images/09f1111a388a.png,0.0,-0.13646147,0.48022902
data/raw/aptos2019/aptos2019/val_images/val_images/09f6ab477654.png,1.0,9.721806,0.99644923
data/raw/aptos2019/aptos2019/val_images/val_images/0a09aa7356c0.png,1.0,8.176685,0.9913468
data/raw/aptos2019/aptos2019/val_images/val_images/0a1076183736.png,1.0,9.945794,0.9968804
data/raw/aptos2019/aptos2019/val_images/val_images/0a3202889f4d.png,0.0,7.0768533,0.98375213
data/raw/aptos2019/aptos2019/val_images/val_images/0a38b552372d.png,0.0,-0.3176414,0.45408478
data/raw/aptos2019/aptos2019/val_images/val_images/0a4e1a29ffff.png,0.0,1.2949356,0.6793639
data/raw/aptos2019/aptos2019/val_images/val_images/0a61bddab956.png,0.0,5.3608117,0.9572375
data/raw/aptos2019/aptos2019/val_images/val_images/0a74c92e287c.png,0.0,-0.98341066,0.36118686
data/raw/aptos2019/aptos2019/val_images/val_images/0a85a1e8f9e9.png,0.0,-8.533313,0.007048133
data/raw/aptos2019/aptos2019/val_images/val_images/0a902c80d5da.png,0.0,0.07578131,0.5109834
data/raw/aptos2019/aptos2019/val_images/val_images/0a9ec1e99ce4.png,1.0,7.3625026,0.986198
data/raw/aptos2019/aptos2019/val_images/val_images/0abf0c485f66.png,0.0,-0.5728422,0.4177165
data/raw/aptos2019/aptos2019/val_images/val_images/0ad7f631dedb.png,0.0,0.051248793,0.5074284
data/raw/aptos2019/aptos2019/val_images/val_images/0ada12c0e78f.png,1.0,9.804183,0.9966144
data/raw/aptos2019/aptos2019/val_images/val_images/0ae2dd2e09ea.png,0.0,2.153001,0.7770205
data/raw/aptos2019/aptos2019/val_images/val_images/0af296d2f04a.png,1.0,6.814079,0.98112845
data/raw/aptos2019/aptos2019/val_images/val_images/0afbeeef0ff7.png,0.0,0.28778797,0.5416209
data/raw/aptos2019/aptos2019/val_images/val_images/0afdfe5f422c.png,1.0,9.369424,0.99564785
data/raw/aptos2019/aptos2019/val_images/val_images/0b00f8a77510.png,0.0,-1.8287046,0.25724292
data/raw/aptos2019/aptos2019/val_images/val_images/0b2ea8f268cf.png,0.0,4.40688,0.92792654
data/raw/aptos2019/aptos2019/val_images/val_images/0b3efe669365.png,0.0,-1.6249441,0.28045604
data/raw/aptos2019/aptos2019/val_images/val_images/0b64a0a06f9a.png,0.0,-3.6444654,0.107821316
data/raw/aptos2019/aptos2019/val_images/val_images/0b8bdec9d869.png,0.0,-4.5935063,0.06516308
data/raw/aptos2019/aptos2019/val_images/val_images/0babc12807b2.png,0.0,3.0208097,0.8521511
data/raw/aptos2019/aptos2019/val_images/val_images/0bf37ca3156a.png,1.0,8.66103,0.9934516
data/raw/aptos2019/aptos2019/val_images/val_images/0c2e2369dfff.png,1.0,1.4836576,0.7027186
data/raw/aptos2019/aptos2019/val_images/val_images/0c38940e1f80.png,0.0,1.6379315,0.7210611
data/raw/aptos2019/aptos2019/val_images/val_images/0c43c79e8cfb.png,0.0,-8.045805,0.00932909
data/raw/aptos2019/aptos2019/val_images/val_images/0c55d58bebaf.png,1.0,10.00557,0.9969863
data/raw/aptos2019/aptos2019/val_images/val_images/0c76fd494af6.png,1.0,9.896673,0.9967906
data/raw/aptos2019/aptos2019/val_images/val_images/0c917c372572.png,1.0,10.002101,0.99698025
data/raw/aptos2019/aptos2019/val_images/val_images/0ca0aee4d57e.png,1.0,9.460672,0.99587125
data/raw/aptos2019/aptos2019/val_images/val_images/0cae727cf119.png,0.0,-4.668817,0.06255295
data/raw/aptos2019/aptos2019/val_images/val_images/0cb6b898389f.png,0.0,-0.20903896,0.46973497
data/raw/aptos2019/aptos2019/val_images/val_images/0cbcc7b23613.png,0.0,0.3107092,0.5449186
data/raw/aptos2019/aptos2019/val_images/val_images/0cd31078cd08.png,0.0,-0.78775114,0.38775325
data/raw/aptos2019/aptos2019/val_images/val_images/0ce062f26edc.png,0.0,-6.2456326,0.026047496
data/raw/aptos2019/aptos2019/val_images/val_images/0ceb222f6629.png,1.0,9.644475,0.9962871
data/raw/aptos2019/aptos2019/val_images/val_images/0cecc2864b7f.png,0.0,1.4877261,0.7032112
data/raw/aptos2019/aptos2019/val_images/val_images/0d0a21fd354f.png,1.0,4.3311796,0.9249353
data/raw/aptos2019/aptos2019/val_images/val_images/0d0b8fc9ab5c.png,0.0,-6.564049,0.021751737
data/raw/aptos2019/aptos2019/val_images/val_images/0d310aba6373.png,0.0,7.403497,0.98651785
data/raw/aptos2019/aptos2019/val_images/val_images/0d744aed4d64.png,0.0,-4.4046016,0.07216188
data/raw/aptos2019/aptos2019/val_images/val_images/0d8f60ed9280.png,0.0,1.6601774,0.7236481
data/raw/aptos2019/aptos2019/val_images/val_images/0d9a9896f801.png,0.0,0.59036964,0.58475333
data/raw/aptos2019/aptos2019/val_images/val_images/0da09e3ce8f1.png,1.0,9.573897,0.9961326
data/raw/aptos2019/aptos2019/val_images/val_images/0da321efbce6.png,0.0,0.7923548,0.6128803
data/raw/aptos2019/aptos2019/val_images/val_images/0da632ca45e0.png,0.0,-0.12520932,0.48185778
data/raw/aptos2019/aptos2019/val_images/val_images/0daddc45d832.png,0.0,1.1238736,0.65738493
data/raw/aptos2019/aptos2019/val_images/val_images/0db1d8dcf219.png,0.0,-2.7020986,0.17267686
data/raw/aptos2019/aptos2019/val_images/val_images/0dbaa09a458c.png,1.0,9.926825,0.996846
data/raw/aptos2019/aptos2019/val_images/val_images/0dbe6c26cedc.png,0.0,-5.5892196,0.03765783
data/raw/aptos2019/aptos2019/val_images/val_images/0dc031c94225.png,0.0,2.0461454,0.76610166
data/raw/aptos2019/aptos2019/val_images/val_images/0dc8d25b3f69.png,1.0,10.093638,0.997136
data/raw/aptos2019/aptos2019/val_images/val_images/0e0003ddd8df.png,0.0,0.061020527,0.50884455
data/raw/aptos2019/aptos2019/val_images/val_images/0e0fc1d9810c.png,1.0,9.967896,0.99692
data/raw/aptos2019/aptos2019/val_images/val_images/0e3572b5884a.png,0.0,-2.1324058,0.22505538
data/raw/aptos2019/aptos2019/val_images/val_images/0e43c8298fc0.png,0.0,-4.29573,0.0765044
data/raw/aptos2019/aptos2019/val_images/val_images/0e75d51152fc.png,1.0,2.532619,0.8128298
data/raw/aptos2019/aptos2019/val_images/val_images/0e82bcacc475.png,1.0,9.5086355,0.9959841
data/raw/aptos2019/aptos2019/val_images/val_images/0e94cd271c00.png,0.0,0.26042455,0.5376793
data/raw/aptos2019/aptos2019/val_images/val_images/0eb52045349f.png,0.0,9.75648,0.9965197
data/raw/aptos2019/aptos2019/val_images/val_images/0eced86c9db8.png,0.0,-7.5211997,0.01260396
data/raw/aptos2019/aptos2019/val_images/val_images/0edadb2aa127.png,1.0,10.033231,0.9970342
data/raw/aptos2019/aptos2019/val_images/val_images/0ef4c61dc056.png,0.0,0.48493063,0.56983554
data/raw/aptos2019/aptos2019/val_images/val_images/0efc93ec838b.png,1.0,9.905738,0.99680734
data/raw/aptos2019/aptos2019/val_images/val_images/0eff8eacb2f7.png,1.0,9.938552,0.99686736
data/raw/aptos2019/aptos2019/val_images/val_images/0f364b7d4384.png,0.0,-8.298313,0.008068725
data/raw/aptos2019/aptos2019/val_images/val_images/0f495d87656a.png,0.0,9.986009,0.99695206
data/raw/aptos2019/aptos2019/val_images/val_images/0f6e645466a2.png,0.0,-1.2863009,0.32172772
data/raw/aptos2019/aptos2019/val_images/val_images/0f882877bf13.png,1.0,9.499705,0.9959632
data/raw/aptos2019/aptos2019/val_images/val_images/0f96c358a250.png,1.0,9.890136,0.9967784
data/raw/aptos2019/aptos2019/val_images/val_images/0fb1053285cf.png,0.0,9.053918,0.99477875
data/raw/aptos2019/aptos2019/val_images/val_images/0fb560f9adb2.png,1.0,9.560637,0.9961028
data/raw/aptos2019/aptos2019/val_images/val_images/0fbbd665431f.png,0.0,6.14232,0.97238886
data/raw/aptos2019/aptos2019/val_images/val_images/0fc6829da85b.png,0.0,-7.972264,0.009731544
data/raw/aptos2019/aptos2019/val_images/val_images/0fcfc6301f3d.png,1.0,6.3731685,0.9757642
data/raw/aptos2019/aptos2019/val_images/val_images/0fd16b64697e.png,1.0,10.028738,0.9970265
data/raw/aptos2019/aptos2019/val_images/val_images/0fe31196e0e8.png,0.0,0.38089824,0.55499125
data/raw/aptos2019/aptos2019/val_images/val_images/0fffa73e2402.png,1.0,9.833013,0.9966703
data/raw/aptos2019/aptos2019/val_images/val_images/1002b5151b8e.png,0.0,1.0249541,0.6443523
data/raw/aptos2019/aptos2019/val_images/val_images/1002f3fe38f0.png,0.0,2.111545,0.77282804
data/raw/aptos2019/aptos2019/val_images/val_images/101b9ebfc720.png,0.0,4.204773,0.91968524
data/raw/aptos2019/aptos2019/val_images/val_images/103abbd8b63e.png,0.0,-6.234781,0.026207604
data/raw/aptos2019/aptos2019/val_images/val_images/103f97a2ab15.png,0.0,0.0877694,0.5127202
data/raw/aptos2019/aptos2019/val_images/val_images/107aea0d9289.png,0.0,4.312359,0.9241741
data/raw/aptos2019/aptos2019/val_images/val_images/10a5026eb8e6.png,0.0,-5.5014076,0.0395471
data/raw/aptos2019/aptos2019/val_images/val_images/10bf25731c08.png,0.0,-1.1366603,0.34094712
data/raw/aptos2019/aptos2019/val_images/val_images/10de500cf0c5.png,0.0,1.2746047,0.6767906
data/raw/aptos2019/aptos2019/val_images/val_images/10ecc5292ab1.png,1.0,9.770706,0.99654824
data/raw/aptos2019/aptos2019/val_images/val_images/10eefba568dd.png,1.0,-4.3135533,0.07577744
data/raw/aptos2019/aptos2019/val_images/val_images/10f10fd30718.png,0.0,0.16879155,0.52444834
data/raw/aptos2019/aptos2019/val_images/val_images/10f36b0239fb.png,0.0,9.18,0.995145
data/raw/aptos2019/aptos2019/val_images/val_images/10f6ef37fe43.png,0.0,-0.7303194,0.39568785
data/raw/aptos2019/aptos2019/val_images/val_images/10fca1abf338.png,1.0,9.865547,0.99673235
data/raw/aptos2019/aptos2019/val_images/val_images/1116271db4ea.png,0.0,9.293323,0.99545246
data/raw/aptos2019/aptos2019/val_images/val_images/1120f6d08d95.png,1.0,1.5050458,0.7053029
data/raw/aptos2019/aptos2019/val_images/val_images/1124ffcd76c2.png,1.0,9.925373,0.99684334
data/raw/aptos2019/aptos2019/val_images/val_images/115e42dd6a81.png,1.0,9.9313755,0.99685436
data/raw/aptos2019/aptos2019/val_images/val_images/1177d583c807.png,1.0,10.045703,0.99705553
data/raw/aptos2019/aptos2019/val_images/val_images/11b220a397b8.png,0.0,0.08474208,0.51228166
data/raw/aptos2019/aptos2019/val_images/val_images/11b5c77fbf79.png,1.0,1.6205059,0.7190243
data/raw/aptos2019/aptos2019/val_images/val_images/11d8e5eaee5b.png,0.0,0.119000286,0.5172433
data/raw/aptos2019/aptos2019/val_images/val_images/12025b34deb8.png,1.0,9.091115,0.9948896
data/raw/aptos2019/aptos2019/val_images/val_images/12058bbb8299.png,0.0,-1.97243,0.24164437
data/raw/aptos2019/aptos2019/val_images/val_images/1269ab57c2e6.png,1.0,6.292957,0.9746397
data/raw/aptos2019/aptos2019/val_images/val_images/12a82fc7d73e.png,1.0,10.021112,0.99701333
data/raw/aptos2019/aptos2019/val_images/val_images/12ab2f6397f0.png,0.0,-0.27914315,0.4596238
data/raw/aptos2019/aptos2019/val_images/val_images/12ae44be0d38.png,0.0,-0.5360529,0.42291394
data/raw/aptos2019/aptos2019/val_images/val_images/12b57dac703e.png,0.0,-7.028443,0.016702684
data/raw/aptos2019/aptos2019/val_images/val_images/12bc439d373a.png,0.0,-2.0399926,0.23453826
data/raw/aptos2019/aptos2019/val_images/val_images/12ce6a1a1f31.png,0.0,5.2712355,0.9550602
data/raw/aptos2019/aptos2019/val_images/val_images/12e6e66c80a7.png,1.0,9.854133,0.99671066
data/raw/aptos2019/aptos2019/val_images/val_images/12ef75375322.png,0.0,2.1227198,0.7739636
data/raw/aptos2019/aptos2019/val_images/val_images/13063d1bc4ea.png,1.0,4.2343645,0.9209435
data/raw/aptos2019/aptos2019/val_images/val_images/13073f075a56.png,0.0,-2.3862333,0.2004277
data/raw/aptos2019/aptos2019/val_images/val_images/13ab8db8c700.png,0.0,9.899348,0.9967955
data/raw/aptos2019/aptos2019/val_images/val_images/13c191b59ed0.png,0.0,-6.0652194,0.028837115
data/raw/aptos2019/aptos2019/val_images/val_images/13d014ccd136.png,0.0,-0.57549024,0.4173431
data/raw/aptos2019/aptos2019/val_images/val_images/13d411c85ffd.png,0.0,-0.66016537,0.40545478
data/raw/aptos2019/aptos2019/val_images/val_images/13d71389563f.png,1.0,9.979369,0.9969404
data/raw/aptos2019/aptos2019/val_images/val_images/1409ab48175a.png,0.0,1.0447041,0.64697224
data/raw/aptos2019/aptos2019/val_images/val_images/1414128bead0.png,1.0,9.960849,0.9969074
data/raw/aptos2019/aptos2019/val_images/val_images/141735b57ec0.png,1.0,5.6224475,0.9630343
data/raw/aptos2019/aptos2019/val_images/val_images/1438288bb2e1.png,1.0,-3.0314205,0.1470754
data/raw/aptos2019/aptos2019/val_images/val_images/143db89c11c8.png,0.0,0.5356619,0.5770307
data/raw/aptos2019/aptos2019/val_images/val_images/144a1a426137.png,1.0,6.6899323,0.9797484
data/raw/aptos2019/aptos2019/val_images/val_images/14c3b41d289c.png,0.0,-8.26685,0.008216056
data/raw/aptos2019/aptos2019/val_images/val_images/14ee87d6cc42.png,1.0,7.585551,0.9878521
data/raw/aptos2019/aptos2019/val_images/val_images/1509d097b69a.png,0.0,1.9935877,0.76059663
data/raw/aptos2019/aptos2019/val_images/val_images/150f92b45349.png,0.0,1.6716616,0.7249778
data/raw/aptos2019/aptos2019/val_images/val_images/150fc7127582.png,0.0,-0.31868723,0.4539344
data/raw/aptos2019/aptos2019/val_images/val_images/152db3de8120.png,0.0,-4.3236814,0.07536718
data/raw/aptos2019/aptos2019/val_images/val_images/1541226c5d72.png,1.0,3.2367015,0.8672379
data/raw/aptos2019/aptos2019/val_images/val_images/15528e740543.png,1.0,4.291959,0.923341
data/raw/aptos2019/aptos2019/val_images/val_images/155e2df6bfcf.png,0.0,0.5349718,0.5769331
data/raw/aptos2019/aptos2019/val_images/val_images/157d17349cc6.png,1.0,6.0182633,0.97039056
data/raw/aptos2019/aptos2019/val_images/val_images/1594ca6c30d3.png,1.0,9.991042,0.99696094
data/raw/aptos2019/aptos2019/val_images/val_images/15b21c80cc31.png,0.0,0.94750446,0.6339957
data/raw/aptos2019/aptos2019/val_images/val_images/15bed5adde74.png,1.0,8.646588,0.993397
data/raw/aptos2019/aptos2019/val_images/val_images/15c24478ac72.png,0.0,-1.6805347,0.27399758
data/raw/aptos2019/aptos2019/val_images/val_images/15cc2aef772a.png,0.0,6.868966,0.98170877
data/raw/aptos2019/aptos2019/val_images/val_images/15cd5f52d300.png,1.0,9.7295475,0.9964651
data/raw/aptos2019/aptos2019/val_images/val_images/15e24b73d4a7.png,0.0,3.0236914,0.8523615
data/raw/aptos2019/aptos2019/val_images/val_images/15e96e848b46.png,1.0,9.854763,0.99671185
data/raw/aptos2019/aptos2019/val_images/val_images/15f440753916.png,1.0,9.620294,0.99623483
data/raw/aptos2019/aptos2019/val_images/val_images/15f8d769935c.png,0.0,-2.6976767,0.17304346
data/raw/aptos2019/aptos2019/val_images/val_images/1601c939412f.png,0.0,0.7619529,0.6086896
data/raw/aptos2019/aptos2019/val_images/val_images/16060f05d047.png,0.0,2.207017,0.78239995
data/raw/aptos2019/aptos2019/val_images/val_images/1608c82a263f.png,0.0,-7.771464,0.010920077
data/raw/aptos2019/aptos2019/val_images/val_images/1623e8e3adc4.png,1.0,8.725858,0.9936917
data/raw/aptos2019/aptos2019/val_images/val_images/1633f8291a80.png,0.0,-0.29037708,0.4580064
data/raw/aptos2019/aptos2019/val_images/val_images/164cd5a3a6cd.png,0.0,-8.137906,0.008848245
data/raw/aptos2019/aptos2019/val_images/val_images/165634a6167e.png,0.0,-8.169481,0.008689115
data/raw/aptos2019/aptos2019/val_images/val_images/165c548185f8.png,0.0,2.786575,0.834209
data/raw/aptos2019/aptos2019/val_images/val_images/165cd2070ebd.png,1.0,9.766528,0.99653995
data/raw/aptos2019/aptos2019/val_images/val_images/166068a24416.png,1.0,9.61349,0.99622005
data/raw/aptos2019/aptos2019/val_images/val_images/16ce555748d8.png,1.0,9.96912,0.9969222
data/raw/aptos2019/aptos2019/val_images/val_images/17188c13e635.png,1.0,8.372754,0.9922695
data/raw/aptos2019/aptos2019/val_images/val_images/172df1330a60.png,0.0,9.3614025,0.99562764
data/raw/aptos2019/aptos2019/val_images/val_images/174db0854291.png,0.0,-3.6284041,0.10872045
data/raw/aptos2019/aptos2019/val_images/val_images/175dd560810a.png,1.0,10.04602,0.997056
data/raw/aptos2019/aptos2019/val_images/val_images/1782142e17d9.png,0.0,-0.18745787,0.472853
data/raw/aptos2019/aptos2019/val_images/val_images/178412895d5e.png,0.0,-3.414647,0.121325836
data/raw/aptos2019/aptos2019/val_images/val_images/17d7d6b092f4.png,0.0,-0.19432382,0.4718608
data/raw/aptos2019/aptos2019/val_images/val_images/17d997fe1090.png,0.0,-6.9210677,0.017756589
data/raw/aptos2019/aptos2019/val_images/val_images/17e6116b89b3.png,0.0,1.3813254,0.69017595
data/raw/aptos2019/aptos2019/val_images/val_images/17eb5d4ad740.png,1.0,9.9248495,0.9968424
data/raw/aptos2019/aptos2019/val_images/val_images/17eff993386f.png,0.0,9.80243,0.99661094
data/raw/aptos2019/aptos2019/val_images/val_images/17f6c7072f61.png,0.0,0.5723931,0.58222014
data/raw/aptos2019/aptos2019/val_images/val_images/180afe1d5ef7.png,1.0,9.551547,0.99608237
data/raw/aptos2019/aptos2019/val_images/val_images/18323d8f2470.png,1.0,10.027676,0.9970246
data/raw/aptos2019/aptos2019/val_images/val_images/1844a039b4ea.png,1.0,9.989251,0.9969578
data/raw/aptos2019/aptos2019/val_images/val_images/184a185e7447.png,0.0,1.5035049,0.70511717
data/raw/aptos2019/aptos2019/val_images/val_images/18621b9ca978.png,0.0,2.7026312,0.82736725
data/raw/aptos2019/aptos2019/val_images/val_images/1864d3411143.png,0.0,1.4617144,0.7000539
data/raw/aptos2019/aptos2019/val_images/val_images/186c1835eec5.png,0.0,1.8157176,0.74131566
data/raw/aptos2019/aptos2019/val_images/val_images/187f6ccda87a.png,1.0,10.070102,0.9970968
data/raw/aptos2019/aptos2019/val_images/val_images/188219f2d9c6.png,0.0,-4.7658253,0.059334546
data/raw/aptos2019/aptos2019/val_images/val_images/188a9323be03.png,1.0,9.904186,0.9968045
data/raw/aptos2019/aptos2019/val_images/val_images/1891698febce.png,0.0,-7.184496,0.015279778
data/raw/aptos2019/aptos2019/val_images/val_images/189cbbc9e5e3.png,0.0,-0.80471975,0.38542008
data/raw/aptos2019/aptos2019/val_images/val_images/18af532e7e1e.png,1.0,8.188243,0.99140406
data/raw/aptos2019/aptos2019/val_images/val_images/18b06f56ab27.png,0.0,7.9266253,0.9900101
data/raw/aptos2019/aptos2019/val_images/val_images/18b7e34eab8f.png,0.0,2.86107,0.84009707
data/raw/aptos2019/aptos2019/val_images/val_images/18b99159a14f.png,0.0,-0.62485,0.41040045
data/raw/aptos2019/aptos2019/val_images/val_images/18cde9649e90.png,0.0,-0.8170569,0.38372698
data/raw/aptos2019/aptos2019/val_images/val_images/18ce0cdc473d.png,0.0,-7.9611564,0.00979381
data/raw/aptos2019/aptos2019/val_images/val_images/18d8fdb140b7.png,1.0,9.951201,0.9968901
data/raw/aptos2019/aptos2019/val_images/val_images/18f1f979d30d.png,1.0,9.944784,0.9968786
data/raw/aptos2019/aptos2019/val_images/val_images/190a309f2cc5.png,0.0,-1.4070712,0.306641
data/raw/aptos2019/aptos2019/val_images/val_images/19113e5f45ec.png,1.0,9.050455,0.9947684
data/raw/aptos2019/aptos2019/val_images/val_images/191348830ddf.png,1.0,8.966903,0.99451005
data/raw/aptos2019/aptos2019/val_images/val_images/191a711852bd.png,1.0,9.07318,0.99483645
data/raw/aptos2019/aptos2019/val_images/val_images/191cf5668f33.png,0.0,-0.4419897,0.43627802
data/raw/aptos2019/aptos2019/val_images/val_images/19244004583f.png,1.0,9.971473,0.99692637
data/raw/aptos2019/aptos2019/val_images/val_images/1943983492e5.png,1.0,9.569272,0.9961222
data/raw/aptos2019/aptos2019/val_images/val_images/194814669fee.png,0.0,8.791248,0.99392503
data/raw/aptos2019/aptos2019/val_images/val_images/19545647508e.png,0.0,-1.6798096,0.27408126
data/raw/aptos2019/aptos2019/val_images/val_images/1968183f0e61.png,1.0,9.988823,0.99695706
data/raw/aptos2019/aptos2019/val_images/val_images/196e6a186452.png,1.0,9.600678,0.99619186
data/raw/aptos2019/aptos2019/val_images/val_images/19722bff5a09.png,0.0,6.7637057,0.9805799
data/raw/aptos2019/aptos2019/val_images/val_images/197af0de76e2.png,0.0,-1.7122751,0.27035183
data/raw/aptos2019/aptos2019/val_images/val_images/19b0e3c734f5.png,0.0,0.66190666,0.5947886
data/raw/aptos2019/aptos2019/val_images/val_images/19ef4d292196.png,1.0,9.567186,0.9961176
data/raw/aptos2019/aptos2019/val_images/val_images/1a03a7970337.png,0.0,4.8403444,0.94303167
data/raw/aptos2019/aptos2019/val_images/val_images/1a0dbc6c0cda.png,0.0,1.2496156,0.6736129
data/raw/aptos2019/aptos2019/val_images/val_images/1a19f2ef4472.png,0.0,-6.8007092,0.019015653
data/raw/aptos2019/aptos2019/val_images/val_images/1a1e974a7dbf.png,0.0,-3.2936728,0.12900455
data/raw/aptos2019/aptos2019/val_images/val_images/1a369baf9ee6.png,1.0,4.9746213,0.947073
data/raw/aptos2019/aptos2019/val_images/val_images/1a7e3356b39c.png,1.0,9.766674,0.9965402
data/raw/aptos2019/aptos2019/val_images/val_images/1a90fad9ffa2.png,1.0,9.57195,0.9961282
data/raw/aptos2019/aptos2019/val_images/val_images/1ab3f1c71a5f.png,1.0,9.842855,0.99668914
data/raw/aptos2019/aptos2019/val_images/val_images/1ab8d3431ffc.png,0.0,-8.108783,0.008997576
data/raw/aptos2019/aptos2019/val_images/val_images/1ade1e949383.png,1.0,8.62971,0.99333245
data/raw/aptos2019/aptos2019/val_images/val_images/1ae3c58759fb.png,0.0,3.0416915,0.8536701
data/raw/aptos2019/aptos2019/test_images/test_images/e4dcca36ceb4.png,0.0,-2.060247,0.23243636
data/raw/aptos2019/aptos2019/test_images/test_images/e4e343eaae2a.png,1.0,8.099404,0.99095374
data/raw/aptos2019/aptos2019/test_images/test_images/e4f12411fd85.png,1.0,9.558625,0.9960983
data/raw/aptos2019/aptos2019/test_images/test_images/e50b0174690d.png,0.0,1.1066276,0.6551291
data/raw/aptos2019/aptos2019/test_images/test_images/e5197d77ec68.png,0.0,7.751943,0.988957
data/raw/aptos2019/aptos2019/test_images/test_images/e529c5757d64.png,0.0,2.371271,0.7981783
data/raw/aptos2019/aptos2019/test_images/test_images/e52ed5c29c5e.png,1.0,9.846579,0.99669635
data/raw/aptos2019/aptos2019/test_images/test_images/e540d2e35d15.png,1.0,9.857086,0.99671626
data/raw/aptos2019/aptos2019/test_images/test_images/e55188915f9d.png,0.0,4.4220376,0.9285121
data/raw/aptos2019/aptos2019/test_images/test_images/e580676516b0.png,0.0,9.587105,0.99616194
data/raw/aptos2019/aptos2019/test_images/test_images/e582e56e7942.png,0.0,2.7180784,0.8286428
data/raw/aptos2019/aptos2019/test_images/test_images/e594c19e2e1d.png,0.0,3.407904,0.87825674
data/raw/aptos2019/aptos2019/test_images/test_images/e599151ca14b.png,1.0,9.98883,0.99695706
data/raw/aptos2019/aptos2019/test_images/test_images/e59c5f345bb0.png,0.0,2.313476,0.792726
data/raw/aptos2019/aptos2019/test_images/test_images/e5d56f4f359b.png,1.0,9.815163,0.99663574
data/raw/aptos2019/aptos2019/test_images/test_images/e5de79795c1d.png,0.0,-2.2035642,0.2179411
data/raw/aptos2019/aptos2019/test_images/test_images/e5f332efcbc7.png,0.0,-1.9549559,0.24350597
data/raw/aptos2019/aptos2019/test_images/test_images/e5f73f2855c0.png,0.0,-4.978372,0.052818064
data/raw/aptos2019/aptos2019/test_images/test_images/e60e4edb3ca9.png,0.0,-2.2254636,0.21578458
data/raw/aptos2019/aptos2019/test_images/test_images/e62490b7d0e9.png,1.0,9.908408,0.9968123
data/raw/aptos2019/aptos2019/test_images/test_images/e632e38fd2d4.png,0.0,-8.201545,0.0085304305
data/raw/aptos2019/aptos2019/test_images/test_images/e6552b7432b3.png,0.0,-0.3766578,0.4456161
data/raw/aptos2019/aptos2019/test_images/test_images/e65a2ff90494.png,1.0,9.7076235,0.99642015
data/raw/aptos2019/aptos2019/test_images/test_images/e65f94ad9be3.png,1.0,7.2582192,0.98535025
data/raw/aptos2019/aptos2019/test_images/test_images/e663c6627a95.png,1.0,10.0500555,0.99706286
data/raw/aptos2019/aptos2019/test_images/test_images/e66855a5c583.png,0.0,0.7573006,0.60804695
data/raw/aptos2019/aptos2019/test_images/test_images/e66ad813a508.png,0.0,0.5787022,0.5831097
data/raw/aptos2019/aptos2019/test_images/test_images/e68746d426b2.png,0.0,-2.4757373,0.19223994
data/raw/aptos2019/aptos2019/test_images/test_images/e68bdd36e589.png,0.0,-8.306479,0.008030917
data/raw/aptos2019/aptos2019/test_images/test_images/e69b48516577.png,0.0,-0.74713844,0.3933583
data/raw/aptos2019/aptos2019/test_images/test_images/e6a58edc5b42.png,1.0,8.721839,0.9936771
data/raw/aptos2019/aptos2019/test_images/test_images/e6a5e4718873.png,0.0,-1.3514985,0.31353435
data/raw/aptos2019/aptos2019/test_images/test_images/e6a6acf7fca1.png,1.0,9.376231,0.9956649
data/raw/aptos2019/aptos2019/test_images/test_images/e6f0ce5bf282.png,1.0,9.934516,0.99686
data/raw/aptos2019/aptos2019/test_images/test_images/e724866f5084.png,1.0,9.865442,0.9967321
data/raw/aptos2019/aptos2019/test_images/test_images/e7291472109b.png,0.0,1.8063105,0.7402683
data/raw/aptos2019/aptos2019/test_images/test_images/e740af6ac6ea.png,1.0,9.962252,0.9969099
data/raw/aptos2019/aptos2019/test_images/test_images/e756495c11cb.png,1.0,9.97691,0.99693596
data/raw/aptos2019/aptos2019/test_images/test_images/e7578d8dba72.png,0.0,-6.690186,0.020248689
data/raw/aptos2019/aptos2019/test_images/test_images/e76a9cbb2a8c.png,1.0,10.01274,0.9969988
data/raw/aptos2019/aptos2019/test_images/test_images/e77a93c3d9a9.png,0.0,-8.515014,0.0071227774
data/raw/aptos2019/aptos2019/test_images/test_images/e79e10907295.png,0.0,-1.9456891,0.24449712
data/raw/aptos2019/aptos2019/test_images/test_images/e7a372a1c3a4.png,1.0,8.518087,0.99288976
data/raw/aptos2019/aptos2019/test_images/test_images/e7a7187066ad.png,1.0,9.650221,0.99629945
data/raw/aptos2019/aptos2019/test_images/test_images/e7b5dd5bab1f.png,0.0,-0.8022854,0.38575447
data/raw/aptos2019/aptos2019/test_images/test_images/e7d2c2c3b30f.png,1.0,9.865989,0.9967332
data/raw/aptos2019/aptos2019/test_images/test_images/e7defafeb957.png,1.0,8.753142,0.9937901
data/raw/aptos2019/aptos2019/test_images/test_images/e7fc93ac5b6d.png,1.0,9.382996,0.99568176
data/raw/aptos2019/aptos2019/test_images/test_images/e811f39a1243.png,1.0,9.077155,0.99484825
data/raw/aptos2019/aptos2019/test_images/test_images/e81f4a2fbbdc.png,0.0,-7.903754,0.010121915
data/raw/aptos2019/aptos2019/test_images/test_images/e821c1b6417a.png,1.0,9.331374,0.9955512
data/raw/aptos2019/aptos2019/test_images/test_images/e82232a3c28b.png,0.0,3.253472,0.86835355
data/raw/aptos2019/aptos2019/test_images/test_images/e83d315d8f98.png,1.0,9.96696,0.9969183
data/raw/aptos2019/aptos2019/test_images/test_images/e85d410d6836.png,1.0,10.001687,0.9969796
data/raw/aptos2019/aptos2019/test_images/test_images/e868c3da340b.png,1.0,9.960071,0.996906
data/raw/aptos2019/aptos2019/test_images/test_images/e893e86dde94.png,0.0,1.9983019,0.76109403
data/raw/aptos2019/aptos2019/test_images/test_images/e8d1c6c07cf2.png,1.0,9.742875,0.9964922
data/raw/aptos2019/aptos2019/test_images/test_images/e8ddfc9709ce.png,0.0,0.2740366,0.5396407
data/raw/aptos2019/aptos2019/test_images/test_images/e8e44b3160e3.png,0.0,-2.6736958,0.17504233
data/raw/aptos2019/aptos2019/test_images/test_images/e907d23cce3d.png,0.0,-6.56229,0.021773446
data/raw/aptos2019/aptos2019/test_images/test_images/e9129ce55fd7.png,1.0,-3.4879174,0.11686906
data/raw/aptos2019/aptos2019/test_images/test_images/e9286ddf6ffe.png,0.0,3.3023682,0.8715609
data/raw/aptos2019/aptos2019/test_images/test_images/e933923aab15.png,0.0,-0.10872549,0.4842445
data/raw/aptos2019/aptos2019/test_images/test_images/e93394175a19.png,1.0,9.996356,0.9969702
data/raw/aptos2019/aptos2019/test_images/test_images/e96099b961b4.png,1.0,9.518164,0.9960061
data/raw/aptos2019/aptos2019/test_images/test_images/e966850247f4.png,0.0,-0.03722151,0.49460462
data/raw/aptos2019/aptos2019/test_images/test_images/e9678824215d.png,0.0,1.9667338,0.7577499
data/raw/aptos2019/aptos2019/test_images/test_images/e96bd80a8a53.png,0.0,9.554759,0.9960896
data/raw/aptos2019/aptos2019/test_images/test_images/e97ecf4355cb.png,0.0,2.7779949,0.83351976
data/raw/aptos2019/aptos2019/test_images/test_images/e9ab8413e771.png,1.0,-0.03395949,0.49507743
data/raw/aptos2019/aptos2019/test_images/test_images/e9ce5bf645ab.png,0.0,-4.245209,0.0785999
data/raw/aptos2019/aptos2019/test_images/test_images/e9f3c85a2a02.png,0.0,0.784234,0.6117625
data/raw/aptos2019/aptos2019/test_images/test_images/e9f82b5bbaf4.png,1.0,9.638397,0.996274
data/raw/aptos2019/aptos2019/test_images/test_images/e9faf0296643.png,0.0,2.477834,0.80794877
data/raw/aptos2019/aptos2019/test_images/test_images/e9ff9352ccb3.png,0.0,3.4011114,0.87783504
data/raw/aptos2019/aptos2019/test_images/test_images/ea05c22d92e9.png,1.0,9.920632,0.9968347
data/raw/aptos2019/aptos2019/test_images/test_images/ea15a290eb96.png,0.0,-2.5622666,0.18456896
data/raw/aptos2019/aptos2019/test_images/test_images/ea1d045f9fea.png,1.0,9.961317,0.99690825
data/raw/aptos2019/aptos2019/test_images/test_images/ea4ce9516144.png,0.0,-5.575713,0.03794267
data/raw/aptos2019/aptos2019/test_images/test_images/ea4dcb055139.png,1.0,9.798783,0.9966037
data/raw/aptos2019/aptos2019/test_images/test_images/ea588d1e5d96.png,1.0,9.717601,0.9964406
data/raw/aptos2019/aptos2019/test_images/test_images/ea5c42a78979.png,0.0,-1.2427794,0.32725915
data/raw/aptos2019/aptos2019/test_images/test_images/ea68b58a6e8f.png,0.0,0.6760687,0.5967661
data/raw/aptos2019/aptos2019/test_images/test_images/ea6a53e54d0f.png,0.0,2.639726,0.82209516
data/raw/aptos2019/aptos2019/test_images/test_images/ea7e21bab610.png,0.0,0.7209888,0.60301775
data/raw/aptos2019/aptos2019/test_images/test_images/ea9c41e1ced0.png,0.0,0.22053646,0.5319252
data/raw/aptos2019/aptos2019/test_images/test_images/ea9e0fb6fb0b.png,1.0,4.537524,0.93283147
data/raw/aptos2019/aptos2019/test_images/test_images/eaa0dfbd5024.png,1.0,5.3828807,0.95775825
data/raw/aptos2019/aptos2019/test_images/test_images/eabc7c716255.png,0.0,0.8737218,0.62401265
data/raw/aptos2019/aptos2019/test_images/test_images/eabf421f94d0.png,0.0,-3.071305,0.14419793
data/raw/aptos2019/aptos2019/test_images/test_images/ead23cc922ed.png,0.0,5.24448,0.9543897
data/raw/aptos2019/aptos2019/test_images/test_images/eadc57064154.png,1.0,6.452596,0.9768298
data/raw/aptos2019/aptos2019/test_images/test_images/eadfc8809ec8.png,1.0,9.914849,0.99682415
data/raw/aptos2019/aptos2019/test_images/test_images/eae70f527755.png,0.0,-3.549632,0.11322609
data/raw/aptos2019/aptos2019/test_images/test_images/eae901557a84.png,1.0,5.862349,0.96767944
data/raw/aptos2019/aptos2019/test_images/test_images/eb050765b323.png,0.0,-0.52934766,0.4238631
data/raw/aptos2019/aptos2019/test_images/test_images/eb175669d789.png,0.0,0.0619927,0.5089854
data/raw/aptos2019/aptos2019/test_images/test_images/eb1ad14dd281.png,1.0,9.773156,0.99655306
data/raw/aptos2019/aptos2019/test_images/test_images/eb1d37b71fd1.png,1.0,9.4704485,0.99589443
data/raw/aptos2019/aptos2019/test_images/test_images/eb32a815f78c.png,1.0,8.133817,0.99113095
data/raw/aptos2019/aptos2019/test_images/test_images/eb6b1f1c09db.png,0.0,-1.1610862,0.33777192
data/raw/aptos2019/aptos2019/test_images/test_images/eba3acc42197.png,0.0,-1.8183454,0.25839224
data/raw/aptos2019/aptos2019/test_images/test_images/ebd96d853918.png,0.0,-0.29539663,0.457284
data/raw/aptos2019/aptos2019/test_images/test_images/ebe0175e530c.png,1.0,10.085071,0.99712175
data/raw/aptos2019/aptos2019/test_images/test_images/ebf4b22240f4.png,0.0,-0.5397491,0.42239097
data/raw/aptos2019/aptos2019/test_images/test_images/ec01f0862669.png,0.0,-0.9524508,0.3653391
data/raw/aptos2019/aptos2019/test_images/test_images/ec0c9f817b03.png,0.0,-0.102152444,0.48519644
data/raw/aptos2019/aptos2019/test_images/test_images/ec363f48867b.png,0.0,-8.475792,0.007285428
data/raw/aptos2019/aptos2019/test_images/test_images/ec4649213ccf.png,0.0,9.212494,0.99523526
data/raw/aptos2019/aptos2019/test_images/test_images/ec57cc20d776.png,0.0,-1.4690251,0.29905683
data/raw/aptos2019/aptos2019/test_images/test_images/ec6659926105.png,0.0,-0.21993951,0.46816096
data/raw/aptos2019/aptos2019/test_images/test_images/ec6f1797a25a.png,0.0,0.18373397,0.5266087
data/raw/aptos2019/aptos2019/test_images/test_images/ecad6845f630.png,0.0,-8.104079,0.009021925
data/raw/aptos2019/aptos2019/test_images/test_images/ecb4500285ed.png,0.0,-3.3260658,0.12690875
data/raw/aptos2019/aptos2019/test_images/test_images/ed246ae1ed08.png,1.0,9.945781,0.9968804
data/raw/aptos2019/aptos2019/test_images/test_images/ed2c06fcc573.png,1.0,9.39858,0.99572057
data/raw/aptos2019/aptos2019/test_images/test_images/ed2c52c14493.png,0.0,-0.95807666,0.36458305
data/raw/aptos2019/aptos2019/test_images/test_images/ed2ef440d22c.png,0.0,1.133654,0.658661
data/raw/aptos2019/aptos2019/test_images/test_images/ed3a0fc5b546.png,1.0,6.6857066,0.9796997
data/raw/aptos2019/aptos2019/test_images/test_images/ed3ce1674761.png,0.0,3.922167,0.90671873
data/raw/aptos2019/aptos2019/test_images/test_images/ed648b9bcd95.png,0.0,0.8602324,0.62217575
data/raw/aptos2019/aptos2019/test_images/test_images/ed6704e3b72e.png,1.0,10.035184,0.99703753
data/raw/aptos2019/aptos2019/test_images/test_images/ed6bd9293a89.png,0.0,0.06523571,0.5094554
data/raw/aptos2019/aptos2019/test_images/test_images/ed88faaa325a.png,1.0,-0.27180856,0.46068028
data/raw/aptos2019/aptos2019/test_images/test_images/eda1d75cbcf0.png,0.0,2.926696,0.8451429
data/raw/aptos2019/aptos2019/test_images/test_images/eda29a9d78f3.png,0.0,1.5779027,0.7140068
data/raw/aptos2019/aptos2019/test_images/test_images/edceb0657d77.png,0.0,-4.8601513,0.056354456
data/raw/aptos2019/aptos2019/test_images/test_images/ee02294cc3d9.png,1.0,9.934121,0.9968593
data/raw/aptos2019/aptos2019/test_images/test_images/ee059945b08a.png,1.0,9.736839,0.99648005
data/raw/aptos2019/aptos2019/test_images/test_images/ee1ec90b980f.png,1.0,9.501641,0.99596775
data/raw/aptos2019/aptos2019/test_images/test_images/ee2c2a5f7d0e.png,1.0,8.002212,0.9904344
data/raw/aptos2019/aptos2019/test_images/test_images/ee36ca728641.png,0.0,0.4521192,0.56516594
data/raw/aptos2019/aptos2019/test_images/test_images/ee3f5cf52188.png,0.0,-2.8274026,0.16254278
data/raw/aptos2019/aptos2019/test_images/test_images/ee3fe7809e6a.png,0.0,-6.08403,0.028533218
data/raw/aptos2019/aptos2019/test_images/test_images/ee6e39319b39.png,1.0,9.836676,0.9966773
data/raw/aptos2019/aptos2019/test_images/test_images/ee74c3b177e0.png,1.0,9.8576765,0.9967174
data/raw/aptos2019/aptos2019/test_images/test_images/ee77763a6afb.png,0.0,-0.6287138,0.4098584
data/raw/aptos2019/aptos2019/test_images/test_images/ee78ce914066.png,0.0,6.8848453,0.9818733
data/raw/aptos2019/aptos2019/test_images/test_images/eeaea2c5ff34.png,0.0,-2.2959964,0.20894428
data/raw/aptos2019/aptos2019/test_images/test_images/eeb231c3ef1f.png,0.0,5.897263,0.9683068
data/raw/aptos2019/aptos2019/test_images/test_images/eebd1e195952.png,0.0,-1.2618363,0.32483107
data/raw/aptos2019/aptos2019/test_images/test_images/eed4afc8ec83.png,0.0,0.27133954,0.53925216
data/raw/aptos2019/aptos2019/test_images/test_images/eedae6b28f96.png,0.0,-8.398919,0.007614984
data/raw/aptos2019/aptos2019/test_images/test_images/ef247f28004f.png,0.0,-1.2523583,0.3260375
data/raw/aptos2019/aptos2019/test_images/test_images/ef26625121b3.png,1.0,8.820375,0.99402606
data/raw/aptos2019/aptos2019/test_images/test_images/ef4121e9bb67.png,0.0,-1.3261858,0.31670198
data/raw/aptos2019/aptos2019/test_images/test_images/ef476be214d4.png,0.0,-1.6570851,0.27671063
data/raw/aptos2019/aptos2019/test_images/test_images/ef48780f5d5f.png,0.0,-4.8998685,0.055142216
data/raw/aptos2019/aptos2019/test_images/test_images/ef5155990874.png,0.0,-3.1657333,0.13757189
data/raw/aptos2019/aptos2019/test_images/test_images/ef7a4ed8d5d1.png,1.0,9.829065,0.9966627
data/raw/aptos2019/aptos2019/test_images/test_images/ef7eb85b75fc.png,0.0,-0.1264202,0.48168245
data/raw/aptos2019/aptos2019/test_images/test_images/ef8109305128.png,0.0,9.895682,0.99678874
data/raw/aptos2019/aptos2019/test_images/test_images/ef81cd8854cb.png,0.0,-2.86142,0.15987568
data/raw/aptos2019/aptos2019/test_images/test_images/ef8c39eb9157.png,0.0,0.6132869,0.5879763
data/raw/aptos2019/aptos2019/test_images/test_images/ef99c499d665.png,0.0,-1.3557466,0.31300446
data/raw/aptos2019/aptos2019/test_images/test_images/efff2f1a35f5.png,1.0,9.784522,0.99657565
data/raw/aptos2019/aptos2019/test_images/test_images/f002ce614c59.png,0.0,-8.138887,0.008843253
data/raw/aptos2019/aptos2019/test_images/test_images/f0098e9d4aee.png,1.0,9.484686,0.9959281
data/raw/aptos2019/aptos2019/test_images/test_images/f00ce9b9d6f4.png,0.0,-1.020399,0.3562532
data/raw/aptos2019/aptos2019/test_images/test_images/f02057c41256.png,0.0,-7.8101707,0.010680309
data/raw/aptos2019/aptos2019/test_images/test_images/f025f33b2c9b.png,1.0,9.878363,0.9967564
data/raw/aptos2019/aptos2019/test_images/test_images/f0267c42907c.png,0.0,-4.023488,0.08842961
data/raw/aptos2019/aptos2019/test_images/test_images/f02956bd7c50.png,0.0,0.10006984,0.514502
data/raw/aptos2019/aptos2019/test_images/test_images/f02babb3a023.png,0.0,0.16952126,0.5245539
data/raw/aptos2019/aptos2019/test_images/test_images/f03d3c4ce7fb.png,1.0,7.932307,0.99004257
data/raw/aptos2019/aptos2019/test_images/test_images/f0546a45ef10.png,0.0,-2.432555,0.19615799
data/raw/aptos2019/aptos2019/test_images/test_images/f066db7a2efe.png,0.0,-0.8977124,0.37272933
data/raw/aptos2019/aptos2019/test_images/test_images/f06e7a9df795.png,0.0,-6.8093157,0.018922787
data/raw/aptos2019/aptos2019/test_images/test_images/f0800723bc63.png,1.0,9.988583,0.9969566
data/raw/aptos2019/aptos2019/test_images/test_images/f080a22008be.png,1.0,10.093043,0.9971349
data/raw/aptos2019/aptos2019/test_images/test_images/f0860c21533b.png,0.0,-7.919088,0.010033217
data/raw/aptos2019/aptos2019/test_images/test_images/f092febbf5c0.png,1.0,9.998401,0.9969739
data/raw/aptos2019/aptos2019/test_images/test_images/f09cfc6a4dbd.png,0.0,-0.33904818,0.45100963
data/raw/aptos2019/aptos2019/test_images/test_images/f09fd9433dff.png,0.0,0.57402515,0.58245033
data/raw/aptos2019/aptos2019/test_images/test_images/f0a2dc580009.png,0.0,-0.8226169,0.38296488
data/raw/aptos2019/aptos2019/test_images/test_images/f0c0f7b5e820.png,1.0,9.06536,0.9948131
data/raw/aptos2019/aptos2019/test_images/test_images/f0c13be90519.png,0.0,-6.1270046,0.027850568
data/raw/aptos2019/aptos2019/test_images/test_images/f0e1201b5c1f.png,0.0,-6.424308,0.02354436
data/raw/aptos2019/aptos2019/test_images/test_images/f0f89314e860.png,1.0,9.979117,0.9969399
data/raw/aptos2019/aptos2019/test_images/test_images/f18abfa690ab.png,1.0,9.630187,0.99625623
data/raw/aptos2019/aptos2019/test_images/test_images/f1979147aad4.png,0.0,-8.015334,0.009493804
data/raw/aptos2019/aptos2019/test_images/test_images/f1a761c68559.png,1.0,9.967217,0.9969188
data/raw/aptos2019/aptos2019/test_images/test_images/f1d719c97838.png,0.0,-6.603287,0.021272838
data/raw/aptos2019/aptos2019/test_images/test_images/f1dc26c4bfa3.png,1.0,9.795226,0.99659675
data/raw/aptos2019/aptos2019/test_images/test_images/f2094a20b275.png,1.0,4.4677787,0.93025273
data/raw/aptos2019/aptos2019/test_images/test_images/f233638e0e90.png,0.0,4.3988285,0.9276137
data/raw/aptos2019/aptos2019/test_images/test_images/f252046c0fe6.png,0.0,-7.655332,0.011671847
data/raw/aptos2019/aptos2019/test_images/test_images/f26b02ead915.png,0.0,-7.6727343,0.011556019
data/raw/aptos2019/aptos2019/test_images/test_images/f298b7d05958.png,0.0,-1.4935417,0.29608545
data/raw/aptos2019/aptos2019/test_images/test_images/f2c0b41acd05.png,0.0,-1.1611053,0.33776945
data/raw/aptos2019/aptos2019/test_images/test_images/f2d2a0c92034.png,1.0,10.01983,0.99701107
data/raw/aptos2019/aptos2019/test_images/test_images/f2ee81781411.png,1.0,9.857205,0.99671644
data/raw/aptos2019/aptos2019/test_images/test_images/f2f569a64949.png,0.0,0.47784197,0.5688277
data/raw/aptos2019/aptos2019/test_images/test_images/f30f203ef51e.png,1.0,8.1719265,0.9913231
data/raw/aptos2019/aptos2019/test_images/test_images/f35d80bb1a22.png,0.0,-6.334945,0.024765473
data/raw/aptos2019/aptos2019/test_images/test_images/f361060eda3e.png,0.0,-0.18929501,0.47258753
data/raw/aptos2019/aptos2019/test_images/test_images/f366fb1cc475.png,0.0,0.73508877,0.6049732
data/raw/aptos2019/aptos2019/test_images/test_images/f36cb007a1ef.png,0.0,-0.8208768,0.38320336
data/raw/aptos2019/aptos2019/test_images/test_images/f3a268d2726d.png,1.0,7.276566,0.9855031
data/raw/aptos2019/aptos2019/test_images/test_images/f3a4751af42e.png,0.0,2.3911316,0.8000271
data/raw/aptos2019/aptos2019/test_images/test_images/f3a88d3026dc.png,1.0,9.741163,0.9964888
data/raw/aptos2019/aptos2019/test_images/test_images/f3b27ac2d371.png,0.0,-0.15036464,0.4782171
data/raw/aptos2019/aptos2019/test_images/test_images/f3b6b7ca1eb1.png,1.0,9.984157,0.9969489
data/raw/aptos2019/aptos2019/test_images/test_images/f3bb996b45ce.png,0.0,1.679092,0.72583604
data/raw/aptos2019/aptos2019/test_images/test_images/f3cd489acbee.png,1.0,10.0003805,0.9969773
data/raw/aptos2019/aptos2019/test_images/test_images/f42b693a9414.png,0.0,-2.1676097,0.22151533
data/raw/aptos2019/aptos2019/test_images/test_images/f431f2e119d7.png,0.0,-0.29832706,0.45686233
data/raw/aptos2019/aptos2019/test_images/test_images/f451eee2b66b.png,0.0,-0.33007425,0.45229828
data/raw/aptos2019/aptos2019/test_images/test_images/f45f1485c940.png,1.0,9.862015,0.99672556
data/raw/aptos2019/aptos2019/test_images/test_images/f460608cf4cc.png,1.0,0.27229303,0.53938955
data/raw/aptos2019/aptos2019/test_images/test_images/f47a2a4a0411.png,0.0,1.4485375,0.6984471
data/raw/aptos2019/aptos2019/test_images/test_images/f481f76a6b75.png,0.0,8.087596,0.9908922
data/raw/aptos2019/aptos2019/test_images/test_images/f48241b0c995.png,0.0,-4.300608,0.076304816
data/raw/aptos2019/aptos2019/test_images/test_images/f4874247ede6.png,0.0,-4.1849947,0.08116597
data/raw/aptos2019/aptos2019/test_images/test_images/f4c7ae514c54.png,0.0,-5.4722743,0.040193744
data/raw/aptos2019/aptos2019/test_images/test_images/f4d3169b468a.png,0.0,-3.7304456,0.103118435
data/raw/aptos2019/aptos2019/test_images/test_images/f4d3777f2710.png,1.0,9.924613,0.996842
data/raw/aptos2019/aptos2019/test_images/test_images/f4de9620e3f2.png,0.0,-7.4808917,0.012898161
data/raw/aptos2019/aptos2019/test_images/test_images/f4df3d86688d.png,0.0,-3.276038,0.13015786
data/raw/aptos2019/aptos2019/test_images/test_images/f4e68b61f480.png,0.0,-7.4591856,0.013059391
data/raw/aptos2019/aptos2019/test_images/test_images/f4ea2a2cfbb9.png,0.0,0.08819854,0.5127824
data/raw/aptos2019/aptos2019/test_images/test_images/f531232ecb55.png,0.0,-0.1591761,0.4769424
data/raw/aptos2019/aptos2019/test_images/test_images/f549294e12e1.png,1.0,5.816259,0.9668332
data/raw/aptos2019/aptos2019/test_images/test_images/f55e1d2a19e4.png,0.0,9.86386,0.99672914
data/raw/aptos2019/aptos2019/test_images/test_images/f5650eb52640.png,0.0,8.785946,0.99390644
data/raw/aptos2019/aptos2019/test_images/test_images/f56ff0440ed1.png,0.0,-8.054244,0.009283973
data/raw/aptos2019/aptos2019/test_images/test_images/f5733f77273d.png,0.0,2.162703,0.7779937
data/raw/aptos2019/aptos2019/test_images/test_images/f576e45d1da2.png,1.0,10.039084,0.99704415
data/raw/aptos2019/aptos2019/test_images/test_images/f57cf3b6f48e.png,0.0,2.8328114,0.83788365
data/raw/aptos2019/aptos2019/test_images/test_images/f580566e27f5.png,0.0,0.45231217,0.5651935
data/raw/aptos2019/aptos2019/test_images/test_images/f583a722434c.png,1.0,-1.297332,0.32033354
data/raw/aptos2019/aptos2019/test_images/test_images/f58cdfa968be.png,0.0,-6.131303,0.02778317
data/raw/aptos2019/aptos2019/test_images/test_images/f58d37d48e42.png,1.0,9.853793,0.99671006
data/raw/aptos2019/aptos2019/test_images/test_images/f58f0b2fd718.png,0.0,1.2463311,0.67319405
data/raw/aptos2019/aptos2019/test_images/test_images/f5a8c6426a71.png,1.0,9.6447,0.9962876
data/raw/aptos2019/aptos2019/test_images/test_images/f5c953bee7cd.png,0.0,-0.2766613,0.45998123
data/raw/aptos2019/aptos2019/test_images/test_images/f5e6226bd2e0.png,1.0,9.996581,0.99697065
data/raw/aptos2019/aptos2019/test_images/test_images/f5e9a307288c.png,1.0,6.0758233,0.97133464
data/raw/aptos2019/aptos2019/test_images/test_images/f61bf44c677c.png,1.0,10.014259,0.99700147
data/raw/aptos2019/aptos2019/test_images/test_images/f62b8a076833.png,0.0,0.8591812,0.62203246
data/raw/aptos2019/aptos2019/test_images/test_images/f633c474e8b8.png,0.0,-0.030229373,0.4956181
data/raw/aptos2019/aptos2019/test_images/test_images/f64214bed40e.png,1.0,9.807788,0.9966214
data/raw/aptos2019/aptos2019/test_images/test_images/f64b6e85f1c9.png,0.0,1.1946089,0.6665621
data/raw/aptos2019/aptos2019/test_images/test_images/f66c4ee86629.png,0.0,-2.9372842,0.15405531
data/raw/aptos2019/aptos2019/test_images/test_images/f68690db78d3.png,0.0,-7.893719,0.010180382
data/raw/aptos2019/aptos2019/test_images/test_images/f69400b316a7.png,1.0,9.531801,0.99603736
data/raw/aptos2019/aptos2019/test_images/test_images/f69835dc7c50.png,1.0,10.073187,0.99710184
data/raw/aptos2019/aptos2019/test_images/test_images/f6d760566a51.png,0.0,-4.4504194,0.07040321
data/raw/aptos2019/aptos2019/test_images/test_images/f6f3ea0d2693.png,1.0,10.034849,0.99703693
data/raw/aptos2019/aptos2019/test_images/test_images/f6f433f3306f.png,1.0,9.763191,0.99653316
data/raw/aptos2019/aptos2019/test_images/test_images/f6f7dba7104d.png,0.0,7.98517,0.9903403
data/raw/aptos2019/aptos2019/test_images/test_images/f7116e7b2f4e.png,0.0,-1.5452421,0.28987595
data/raw/aptos2019/aptos2019/test_images/test_images/f71333204618.png,0.0,-3.8185427,0.09848899
data/raw/aptos2019/aptos2019/test_images/test_images/f71aca5a7dc3.png,0.0,-0.577949,0.41699648
data/raw/aptos2019/aptos2019/test_images/test_images/f71bea807c96.png,0.0,0.47601306,0.56856763
data/raw/aptos2019/aptos2019/test_images/test_images/f72adcac5638.png,1.0,6.8151736,0.98114014
data/raw/aptos2019/aptos2019/test_images/test_images/f72ef9ceeaa8.png,0.0,-5.2430677,0.045646034
data/raw/aptos2019/aptos2019/test_images/test_images/f7508f14dd7b.png,0.0,-1.0490206,0.3524563
data/raw/aptos2019/aptos2019/test_images/test_images/f762c272c522.png,0.0,9.829787,0.9966641
data/raw/aptos2019/aptos2019/test_images/test_images/f7735b6d47f7.png,0.0,0.8064144,0.6148127
data/raw/aptos2019/aptos2019/test_images/test_images/f7defe70afc3.png,0.0,-8.013247,0.009505191
data/raw/aptos2019/aptos2019/test_images/test_images/f7e9fa75c7c1.png,0.0,3.801017,0.900605
data/raw/aptos2019/aptos2019/test_images/test_images/f7edc074f06b.png,1.0,9.965679,0.99691606
data/raw/aptos2019/aptos2019/test_images/test_images/f7fec8935126.png,0.0,8.895986,0.99428093
data/raw/aptos2019/aptos2019/test_images/test_images/f80118bbda18.png,1.0,9.780802,0.9965683
data/raw/aptos2019/aptos2019/test_images/test_images/f819c65b803c.png,0.0,-0.84070027,0.38049024
data/raw/aptos2019/aptos2019/test_images/test_images/f8372e80f731.png,1.0,10.000006,0.9969766
data/raw/aptos2019/aptos2019/test_images/test_images/f850cb51fdba.png,1.0,3.8481472,0.9030247
data/raw/aptos2019/aptos2019/test_images/test_images/f85c78201a50.png,0.0,0.53585404,0.5770579
data/raw/aptos2019/aptos2019/test_images/test_images/f85fd4fac887.png,0.0,-8.206386,0.008506721
data/raw/aptos2019/aptos2019/test_images/test_images/f86d1c404acb.png,0.0,-7.0663753,0.016345264
data/raw/aptos2019/aptos2019/test_images/test_images/f8cf7ed8ef00.png,1.0,9.3848095,0.9956864
data/raw/aptos2019/aptos2019/test_images/test_images/f8d62557ad0c.png,0.0,5.007483,0.94802
data/raw/aptos2019/aptos2019/test_images/test_images/f8f5942b690e.png,0.0,0.8385251,0.61921245
data/raw/aptos2019/aptos2019/test_images/test_images/f8fc411092c7.png,1.0,10.048701,0.9970606
data/raw/aptos2019/aptos2019/test_images/test_images/f901d460517c.png,1.0,9.44884,0.9958429
data/raw/aptos2019/aptos2019/test_images/test_images/f90f8931a9bc.png,0.0,3.2587147,0.8687007
data/raw/aptos2019/aptos2019/test_images/test_images/f9156aeffc5e.png,1.0,9.964356,0.9969137
data/raw/aptos2019/aptos2019/test_images/test_images/f91cfa82b9d4.png,0.0,-3.5500324,0.11320277
data/raw/aptos2019/aptos2019/test_images/test_images/f920ccd926db.png,1.0,9.060037,0.99479717
data/raw/aptos2019/aptos2019/test_images/test_images/f952ad2e4356.png,0.0,2.824958,0.83726424
data/raw/aptos2019/aptos2019/test_images/test_images/f994a3b07935.png,0.0,-1.6402448,0.27866918
data/raw/aptos2019/aptos2019/test_images/test_images/f999c6921e6d.png,1.0,9.975574,0.9969336
data/raw/aptos2019/aptos2019/test_images/test_images/f9aa35187bf3.png,1.0,4.26255,0.9221252
data/raw/aptos2019/aptos2019/test_images/test_images/f9d52509c571.png,0.0,-0.42742875,0.43835562
data/raw/aptos2019/aptos2019/test_images/test_images/f9d8ff3e6592.png,0.0,0.829984,0.618044
data/raw/aptos2019/aptos2019/test_images/test_images/f9e1c439d4c8.png,0.0,1.5722983,0.7133427
data/raw/aptos2019/aptos2019/test_images/test_images/f9e779a13204.png,1.0,8.30658,0.9919695
data/raw/aptos2019/aptos2019/test_images/test_images/f9ecf1795804.png,1.0,5.8905187,0.9681865
data/raw/aptos2019/aptos2019/test_images/test_images/fa0c87bd75ce.png,0.0,-7.662913,0.01162125
data/raw/aptos2019/aptos2019/test_images/test_images/fa3e544a7401.png,1.0,8.739011,0.99373937
data/raw/aptos2019/aptos2019/test_images/test_images/fa573163dd8b.png,0.0,2.5945165,0.81822884
data/raw/aptos2019/aptos2019/test_images/test_images/fa59221cf464.png,1.0,4.2461095,0.92143786
data/raw/aptos2019/aptos2019/test_images/test_images/fa6f3d8bb1d5.png,0.0,-0.14097114,0.47957638
data/raw/aptos2019/aptos2019/test_images/test_images/fa748b57262b.png,1.0,9.816919,0.99663913
data/raw/aptos2019/aptos2019/test_images/test_images/fa7fa797c650.png,0.0,-3.1575887,0.13813315
data/raw/aptos2019/aptos2019/test_images/test_images/fa9bece586fc.png,0.0,4.3823214,0.9269683
data/raw/aptos2019/aptos2019/test_images/test_images/fa9f1bc03f21.png,0.0,0.9615195,0.63587934
data/raw/aptos2019/aptos2019/test_images/test_images/fac399455195.png,1.0,9.784364,0.9965753
data/raw/aptos2019/aptos2019/test_images/test_images/fb1b8771c70a.png,0.0,-4.204535,0.080325
data/raw/aptos2019/aptos2019/test_images/test_images/fb61230b99dd.png,1.0,9.956967,0.99690056
data/raw/aptos2019/aptos2019/test_images/test_images/fb696a8e055a.png,1.0,9.875159,0.9967505
data/raw/aptos2019/aptos2019/test_images/test_images/fb6b8200b7f8.png,0.0,9.303107,0.9954781
data/raw/aptos2019/aptos2019/test_images/test_images/fb767cea406c.png,0.0,1.6074988,0.7174981
data/raw/aptos2019/aptos2019/test_images/test_images/fb88783de055.png,0.0,-2.667401,0.17556998
data/raw/aptos2019/aptos2019/test_images/test_images/fb88d23fc5fe.png,0.0,0.1363708,0.51975787
data/raw/aptos2019/aptos2019/test_images/test_images/fba493e17448.png,1.0,9.941982,0.99687356
data/raw/aptos2019/aptos2019/test_images/test_images/fbcbc81cf9be.png,0.0,-6.106809,0.028169377
data/raw/aptos2019/aptos2019/test_images/test_images/fbdc796290d4.png,0.0,-5.3929915,0.042005192
data/raw/aptos2019/aptos2019/test_images/test_images/fbfa925506f6.png,0.0,-0.9786646,0.36182204
data/raw/aptos2019/aptos2019/test_images/test_images/fc1b1841eadf.png,1.0,9.619893,0.996234
data/raw/aptos2019/aptos2019/test_images/test_images/fc4c2d35c6f8.png,1.0,9.874005,0.9967482
data/raw/aptos2019/aptos2019/test_images/test_images/fc4d69128e7c.png,1.0,9.545648,0.99606895
data/raw/aptos2019/aptos2019/test_images/test_images/fc603cbedb41.png,1.0,9.677176,0.9963566
data/raw/aptos2019/aptos2019/test_images/test_images/fc782722a50c.png,0.0,1.596074,0.7161535
data/raw/aptos2019/aptos2019/test_images/test_images/fc898dfeb24f.png,0.0,-2.7596178,0.16796416
data/raw/aptos2019/aptos2019/test_images/test_images/fc8fce67fbf8.png,0.0,-3.4457595,0.11941575
data/raw/aptos2019/aptos2019/test_images/test_images/fca1a8738b8a.png,0.0,-2.9526417,0.15289839
data/raw/aptos2019/aptos2019/test_images/test_images/fca931da5c5e.png,0.0,6.02465,0.9704968
data/raw/aptos2019/aptos2019/test_images/test_images/fcc32dffd24d.png,0.0,-8.455556,0.0073707816
data/raw/aptos2019/aptos2019/test_images/test_images/fcc55ae641ae.png,1.0,9.932738,0.9968568
data/raw/aptos2019/aptos2019/test_images/test_images/fcc6aa6755e6.png,1.0,9.883359,0.99676573
data/raw/aptos2019/aptos2019/test_images/test_images/fce73678f650.png,0.0,0.43124717,0.5621894
data/raw/aptos2019/aptos2019/test_images/test_images/fce93caa4758.png,1.0,8.848755,0.99412304
data/raw/aptos2019/aptos2019/test_images/test_images/fd079d2e93a2.png,0.0,-2.1899793,0.21928667
data/raw/aptos2019/aptos2019/test_images/test_images/fd0a70082e7c.png,0.0,-2.3568664,0.2031705
data/raw/aptos2019/aptos2019/test_images/test_images/fd48cf452e9d.png,1.0,8.784663,0.99390197
data/raw/aptos2019/aptos2019/test_images/test_images/fd4c946c52bf.png,0.0,-0.7146075,0.39786834
data/raw/aptos2019/aptos2019/test_images/test_images/fd62bd0db4f1.png,0.0,-4.854044,0.05654307
data/raw/aptos2019/aptos2019/test_images/test_images/fd87b6b2e664.png,0.0,-6.2600527,0.025836216
data/raw/aptos2019/aptos2019/test_images/test_images/fda39982a810.png,1.0,10.027011,0.9970235
data/raw/aptos2019/aptos2019/test_images/test_images/fdbc252813b1.png,0.0,-5.7114854,0.035171196
data/raw/aptos2019/aptos2019/test_images/test_images/fdc685055659.png,0.0,1.0784816,0.6514326
data/raw/aptos2019/aptos2019/test_images/test_images/fdd18ccbbdc5.png,0.0,9.511695,0.9959912
data/raw/aptos2019/aptos2019/test_images/test_images/fdd534271f3d.png,1.0,10.059736,0.99707925
data/raw/aptos2019/aptos2019/test_images/test_images/fe06dad6851c.png,0.0,-6.769057,0.019361055
data/raw/aptos2019/aptos2019/test_images/test_images/fe0e2dee1834.png,0.0,-6.9891267,0.01708125
data/raw/aptos2019/aptos2019/test_images/test_images/fe0fc67c7980.png,1.0,10.046565,0.99705696
data/raw/aptos2019/aptos2019/test_images/test_images/fe2df69676cf.png,0.0,1.9796463,0.7591216
data/raw/aptos2019/aptos2019/test_images/test_images/fe37f4492920.png,1.0,7.625135,0.98812443
data/raw/aptos2019/aptos2019/test_images/test_images/fe3b0e50be78.png,0.0,-1.3464991,0.31415865
data/raw/aptos2019/aptos2019/test_images/test_images/fe3f62695b2d.png,0.0,-5.4046245,0.0417346
data/raw/aptos2019/aptos2019/test_images/test_images/fe674c2f73f5.png,0.0,2.7802079,0.83369774
data/raw/aptos2019/aptos2019/test_images/test_images/fea14b3d44b0.png,0.0,6.6993365,0.9798564
data/raw/aptos2019/aptos2019/test_images/test_images/febfb20dc311.png,0.0,0.5901598,0.58472383
data/raw/aptos2019/aptos2019/test_images/test_images/fecf4c5ae84b.png,0.0,7.7112474,0.98869634
data/raw/aptos2019/aptos2019/test_images/test_images/fed5bb685832.png,0.0,-1.0623505,0.35069433
data/raw/aptos2019/aptos2019/test_images/test_images/fefded6bf135.png,0.0,-6.317221,0.0250149
data/raw/aptos2019/aptos2019/test_images/test_images/ff03f74667df.png,0.0,-3.5254247,0.114643075
data/raw/aptos2019/aptos2019/test_images/test_images/ff0740cb484a.png,1.0,9.868251,0.9967374
data/raw/aptos2019/aptos2019/test_images/test_images/ff1e940105f9.png,0.0,0.23009597,0.5333051
data/raw/aptos2019/aptos2019/test_images/test_images/ff344e5c9341.png,1.0,9.51237,0.9959927
data/raw/aptos2019/aptos2019/test_images/test_images/ff4832d55461.png,0.0,-0.6323725,0.4093454
data/raw/aptos2019/aptos2019/test_images/test_images/ff4955e76894.png,0.0,1.2564348,0.6744817
data/raw/aptos2019/aptos2019/test_images/test_images/ff4cd992667b.png,0.0,-7.977612,0.009701707
data/raw/aptos2019/aptos2019/test_images/test_images/ff59d44a70a7.png,0.0,0.41682687,0.5601303
data/raw/aptos2019/aptos2019/test_images/test_images/ff631653374e.png,0.0,-0.94498324,0.36634362
data/raw/aptos2019/aptos2019/test_images/test_images/ff77e8e5b5f3.png,1.0,8.693742,0.99357384
data/raw/aptos2019/aptos2019/test_images/test_images/ff8a0b45c789.png,1.0,9.9013815,0.99679923
data/raw/aptos2019/aptos2019/test_images/test_images/ffa47f6a7bf4.png,1.0,9.94692,0.99688244
data/raw/aptos2019/aptos2019/test_images/test_images/ffc04fed30e6.png,0.0,-1.3120385,0.3184798
data/raw/aptos2019/aptos2019/test_images/test_images/ffcf7b45f213.png,1.0,10.014922,0.99700254
data/raw/aptos2019/aptos2019/test_images/test_images/ffd97f8cd5aa.png,0.0,0.6112549,0.58769083
data/raw/aptos2019/aptos2019/test_images/test_images/ffec9a18a3ce.png,1.0,9.60497,0.99620134
