image_path,target,raw_logit,cal_prob,overall_quality
data/raw/deepdrid/deepdrid/regular-fundus-training/Images/1/1_l1.jpg,0.0,-1.578342,0.2859412,0
data/raw/deepdrid/deepdrid/regular-fundus-training/Images/1/1_l2.jpg,0.0,4.3985596,0.9276032,0
data/raw/deepdrid/deepdrid/regular-fundus-training/Images/1/1_r1.jpg,0.0,0.8321675,0.6183429,0
data/raw/deepdrid/deepdrid/regular-fundus-training/Images/1/1_r2.jpg,0.0,0.7860468,0.61201215,0
data/raw/deepdrid/deepdrid/regular-fundus-training/Images/2/2_l1.jpg,1.0,7.5210567,0.98739505,0
data/raw/deepdrid/deepdrid/regular-fundus-training/Images/2/2_l2.jpg,1.0,5.6940017,0.9644832,0
data/raw/deepdrid/deepdrid/regular-fundus-training/Images/2/2_r1.jpg,1.0,8.326342,0.9920603,0
data/raw/deepdrid/deepdrid/regular-fundus-training/Images/2/2_r2.jpg,1.0,4.505635,0.9316635,0
data/raw/deepdrid/deepdrid/regular-fundus-training/Images/3/3_l1.jpg,0.0,0.16917498,0.5245038,0
data/raw/deepdrid/deepdrid/regular-fundus-training/Images/3/3_l2.jpg,0.0,0.7553535,0.60777783,0
data/raw/deepdrid/deepdrid/regular-fundus-training/Images/3/3_r1.jpg,0.0,-1.0003833,0.35891926,0
data/raw/deepdrid/deepdrid/regular-fundus-training/Images/3/3_r2.jpg,0.0,-1.3420925,0.31470942,0
data/raw/deepdrid/deepdrid/regular-fundus-training/Images/4/4_l1.jpg,1.0,9.645921,0.9962902,0
data/raw/deepdrid/deepdrid/regular-fundus-training/Images/4/4_l2.jpg,1.0,9.774293,0.9965553,0
data/raw/deepdrid/deepdrid/regular-fundus-training/Images/4/4_r1.jpg,1.0,9.555619,0.99609154,0
data/raw/deepdrid/deepdrid/regular-fundus-training/Images/4/4_r2.jpg,1.0,9.359822,0.99562365,0
data/raw/deepdrid/deepdrid/regular-fundus-training/Images/5/5_l1.jpg,0.0,6.292285,0.97463006,1
data/raw/deepdrid/deepdrid/regular-fundus-training/Images/5/5_l2.jpg,0.0,7.1964593,0.98482424,1
data/raw/deepdrid/deepdrid/regular-fundus-training/Images/5/5_r1.jpg,0.0,-2.5739493,0.18355162,0
data/raw/deepdrid/deepdrid/regular-fundus-training/Images/5/5_r2.jpg,0.0,1.7065222,0.72898966,0
data/raw/deepdrid/deepdrid/regular-fundus-training/Images/6/6_l1.jpg,1.0,9.98563,0.99695134,0
data/raw/deepdrid/deepdrid/regular-fundus-training/Images/6/6_l2.jpg,1.0,9.546877,0.9960717,0
data/raw/deepdrid/deepdrid/regular-fundus-training/Images/6/6_r1.jpg,1.0,5.500379,0.9604302,0
data/raw/deepdrid/deepdrid/regular-fundus-training/Images/6/6_r2.jpg,1.0,-2.5824459,0.18281446,0
data/raw/deepdrid/deepdrid/regular-fundus-training/Images/7/7_l1.jpg,0.0,1.1864902,0.665515,1
data/raw/deepdrid/deepdrid/regular-fundus-training/Images/7/7_l2.jpg,0.0,1.5022312,0.70496356,1
data/raw/deepdrid/deepdrid/regular-fundus-training/Images/7/7_r1.jpg,0.0,0.5693283,0.5817878,1
data/raw/deepdrid/deepdrid/regular-fundus-training/Images/7/7_r2.jpg,0.0,-6.21757,0.026463496,1
data/raw/deepdrid/deepdrid/regular-fundus-training/Images/8/8_l1.jpg,1.0,9.74903,0.99650466,0
data/raw/deepdrid/deepdrid/regular-fundus-training/Images/8/8_l2.jpg,1.0,9.737695,0.99648166,0
data/raw/deepdrid/deepdrid/regular-fundus-training/Images/8/8_r1.jpg,1.0,9.29671,0.9954613,0
data/raw/deepdrid/deepdrid/regular-fundus-training/Images/8/8_r2.jpg,1.0,8.183804,0.9913822,0
data/raw/deepdrid/deepdrid/regular-fundus-training/Images/9/9_l1.jpg,0.0,5.919463,0.96869934,0
data/raw/deepdrid/deepdrid/regular-fundus-training/Images/9/9_l2.jpg,0.0,5.283878,0.95537376,0
data/raw/deepdrid/deepdrid/regular-fundus-training/Images/9/9_r1.jpg,0.0,-1.3470379,0.31409132,0
data/raw/deepdrid/deepdrid/regular-fundus-training/Images/9/9_r2.jpg,0.0,-6.815719,0.018853981,0
data/raw/deepdrid/deepdrid/regular-fundus-training/Images/10/10_l1.jpg,0.0,-2.4416897,0.19532417,0
data/raw/deepdrid/deepdrid/regular-fundus-training/Images/10/10_l2.jpg,0.0,3.4007754,0.87781405,0
data/raw/deepdrid/deepdrid/regular-fundus-training/Images/10/10_r1.jpg,0.0,1.2661425,0.67571634,0
data/raw/deepdrid/deepdrid/regular-fundus-training/Images/10/10_r2.jpg,0.0,6.835125,0.98135304,0
data/raw/deepdrid/deepdrid/regular-fundus-training/Images/11/11_l1.jpg,1.0,9.507924,0.9959824,0
data/raw/deepdrid/deepdrid/regular-fundus-training/Images/11/11_l2.jpg,1.0,9.496208,0.9959551,0
data/raw/deepdrid/deepdrid/regular-fundus-training/Images/11/11_r1.jpg,1.0,9.462513,0.99587566,0
data/raw/deepdrid/deepdrid/regular-fundus-training/Images/11/11_r2.jpg,1.0,9.678722,0.99635977,0
data/raw/deepdrid/deepdrid/regular-fundus-training/Images/12/12_l1.jpg,1.0,9.67718,0.9963566,1
data/raw/deepdrid/deepdrid/regular-fundus-training/Images/12/12_l2.jpg,1.0,9.624869,0.9962447,1
data/raw/deepdrid/deepdrid/regular-fundus-training/Images/12/12_r1.jpg,1.0,9.819751,0.99664474,1
data/raw/deepdrid/deepdrid/regular-fundus-training/Images/12/12_r2.jpg,1.0,9.737163,0.99648064,1
data/raw/deepdrid/deepdrid/regular-fundus-training/Images/13/13_l1.jpg,1.0,9.527234,0.9960269,0
data/raw/deepdrid/deepdrid/regular-fundus-training/Images/13/13_l2.jpg,1.0,9.387267,0.99569243,0
data/raw/deepdrid/deepdrid/regular-fundus-training/Images/13/13_r1.jpg,1.0,9.726235,0.99645835,0
data/raw/deepdrid/deepdrid/regular-fundus-training/Images/13/13_r2.jpg,1.0,9.890384,0.9967789,0
data/raw/deepdrid/deepdrid/regular-fundus-training/Images/14/14_l1.jpg,0.0,3.276787,0.8698913,0
data/raw/deepdrid/deepdrid/regular-fundus-training/Images/14/14_l2.jpg,0.0,-1.9387358,0.24524267,0
data/raw/deepdrid/deepdrid/regular-fundus-training/Images/14/14_r1.jpg,0.0,-3.3780606,0.12360562,0
data/raw/deepdrid/deepdrid/regular-fundus-training/Images/14/14_r2.jpg,0.0,1.4519771,0.6988669,0
data/raw/deepdrid/deepdrid/regular-fundus-training/Images/15/15_l1.jpg,1.0,9.099197,0.99491334,1
data/raw/deepdrid/deepdrid/regular-fundus-training/Images/15/15_l2.jpg,1.0,7.397969,0.98647517,1
data/raw/deepdrid/deepdrid/regular-fundus-training/Images/15/15_r1.jpg,1.0,2.3552105,0.796674,0
data/raw/deepdrid/deepdrid/regular-fundus-training/Images/15/15_r2.jpg,1.0,9.395469,0.9957129,0
data/raw/deepdrid/deepdrid/regular-fundus-training/Images/16/16_l1.jpg,1.0,6.6774187,0.97960395,0
data/raw/deepdrid/deepdrid/regular-fundus-training/Images/16/16_l2.jpg,1.0,3.4868007,0.8830641,0
data/raw/deepdrid/deepdrid/regular-fundus-training/Images/16/16_r1.jpg,0.0,1.2499235,0.6736522,0
data/raw/deepdrid/deepdrid/regular-fundus-training/Images/16/16_r2.jpg,0.0,8.845281,0.99411124,0
data/raw/deepdrid/deepdrid/regular-fundus-training/Images/17/17_l1.jpg,0.0,4.2278857,0.92066956,0
data/raw/deepdrid/deepdrid/regular-fundus-training/Images/17/17_l2.jpg,0.0,-4.5532594,0.066599175,0
data/raw/deepdrid/deepdrid/regular-fundus-training/Images/17/17_r1.jpg,0.0,6.178881,0.9729524,0
data/raw/deepdrid/deepdrid/regular-fundus-training/Images/17/17_r2.jpg,0.0,-2.0673199,0.23170549,0
data/raw/deepdrid/deepdrid/regular-fundus-training/Images/18/18_l1.jpg,0.0,-5.887506,0.03186738,1
data/raw/deepdrid/deepdrid/regular-fundus-training/Images/18/18_l2.jpg,0.0,2.3649557,0.7975878,1
data/raw/deepdrid/deepdrid/regular-fundus-training/Images/18/18_r1.jpg,0.0,2.074908,0.7690768,0
data/raw/deepdrid/deepdrid/regular-fundus-training/Images/18/18_r2.jpg,0.0,8.631748,0.9933403,0
data/raw/deepdrid/deepdrid/regular-fundus-training/Images/19/19_l1.jpg,1.0,9.818862,0.99664295,0
data/raw/deepdrid/deepdrid/regular-fundus-training/Images/19/19_l2.jpg,1.0,9.910091,0.9968154,0
data/raw/deepdrid/deepdrid/regular-fundus-training/Images/19/19_r1.jpg,1.0,9.927285,0.99684685,0
data/raw/deepdrid/deepdrid/regular-fundus-training/Images/19/19_r2.jpg,1.0,9.692237,0.9963881,0
data/raw/deepdrid/deepdrid/regular-fundus-training/Images/20/20_l1.jpg,0.0,2.78986,0.83447224,1
data/raw/deepdrid/deepdrid/regular-fundus-training/Images/20/20_l2.jpg,0.0,2.0838666,0.769998,1
data/raw/deepdrid/deepdrid/regular-fundus-training/Images/20/20_r1.jpg,0.0,0.50075936,0.57208383,1
data/raw/deepdrid/deepdrid/regular-fundus-training/Images/20/20_r2.jpg,0.0,-0.2869084,0.45850572,1
data/raw/deepdrid/deepdrid/regular-fundus-training/Images/21/21_l1.jpg,1.0,8.743545,0.9937557,0
data/raw/deepdrid/deepdrid/regular-fundus-training/Images/21/21_l2.jpg,1.0,-1.9587022,0.24310607,0
data/raw/deepdrid/deepdrid/regular-fundus-training/Images/21/21_r1.jpg,1.0,8.688289,0.99355376,1
data/raw/deepdrid/deepdrid/regular-fundus-training/Images/21/21_r2.jpg,1.0,1.9175051,0.7524716,1
data/raw/deepdrid/deepdrid/regular-fundus-training/Images/22/22_l1.jpg,0.0,-2.0121434,0.2374497,1
data/raw/deepdrid/deepdrid/regular-fundus-training/Images/22/22_l2.jpg,0.0,5.44324,0.95915174,1
data/raw/deepdrid/deepdrid/regular-fundus-training/Images/22/22_r1.jpg,0.0,-5.797179,0.03352346,0
data/raw/deepdrid/deepdrid/regular-fundus-training/Images/22/22_r2.jpg,0.0,4.9561334,0.9465331,0
data/raw/deepdrid/deepdrid/regular-fundus-training/Images/23/23_l1.jpg,1.0,9.817225,0.9966397,1
data/raw/deepdrid/deepdrid/regular-fundus-training/Images/23/23_l2.jpg,1.0,9.727545,0.9964611,1
data/raw/deepdrid/deepdrid/regular-fundus-training/Images/23/23_r1.jpg,1.0,9.338935,0.9955706,1
data/raw/deepdrid/deepdrid/regular-fundus-training/Images/23/23_r2.jpg,1.0,9.779603,0.9965659,1
data/raw/deepdrid/deepdrid/regular-fundus-training/Images/24/24_l1.jpg,1.0,9.907444,0.9968105,1
data/raw/deepdrid/deepdrid/regular-fundus-training/Images/24/24_l2.jpg,1.0,9.782539,0.9965718,1
data/raw/deepdrid/deepdrid/regular-fundus-training/Images/24/24_r1.jpg,1.0,8.165795,0.9912924,1
data/raw/deepdrid/deepdrid/regular-fundus-training/Images/24/24_r2.jpg,1.0,7.0890994,0.9838652,1
data/raw/deepdrid/deepdrid/regular-fundus-training/Images/25/25_l1.jpg,1.0,3.5991328,0.889624,1
data/raw/deepdrid/deepdrid/regular-fundus-training/Images/25/25_l2.jpg,1.0,1.2412287,0.67254287,1
data/raw/deepdrid/deepdrid/regular-fundus-training/Images/25/25_r1.jpg,1.0,2.7718732,0.8330266,0
data/raw/deepdrid/deepdrid/regular-fundus-training/Images/25/25_r2.jpg,1.0,8.005359,0.9904516,0
data/raw/deepdrid/deepdrid/regular-fundus-training/Images/26/26_l1.jpg,1.0,7.770328,0.98907274,1
data/raw/deepdrid/deepdrid/regular-fundus-training/Images/26/26_l2.jpg,1.0,9.663413,0.99632746,1
data/raw/deepdrid/deepdrid/regular-fundus-training/Images/26/26_r1.jpg,0.0,6.862679,0.98164314,1
data/raw/deepdrid/deepdrid/regular-fundus-training/Images/26/26_r2.jpg,0.0,1.2906932,0.6788278,1
data/raw/deepdrid/deepdrid/regular-fundus-training/Images/27/27_l1.jpg,0.0,2.3913274,0.80004525,1
data/raw/deepdrid/deepdrid/regular-fundus-training/Images/27/27_l2.jpg,0.0,2.623923,0.8207511,1
data/raw/deepdrid/deepdrid/regular-fundus-training/Images/27/27_r1.jpg,0.0,7.1852603,0.9847269,1
data/raw/deepdrid/deepdrid/regular-fundus-training/Images/27/27_r2.jpg,0.0,7.1237817,0.9841814,1
data/raw/deepdrid/deepdrid/regular-fundus-training/Images/28/28_l1.jpg,0.0,4.818238,0.9423392,0
data/raw/deepdrid/deepdrid/regular-fundus-training/Images/28/28_l2.jpg,0.0,-6.3122516,0.025085274,0
data/raw/deepdrid/deepdrid/regular-fundus-training/Images/28/28_r1.jpg,0.0,-1.2354124,0.32820028,1
data/raw/deepdrid/deepdrid/regular-fundus-training/Images/28/28_r2.jpg,0.0,-7.144028,0.01563688,1
data/raw/deepdrid/deepdrid/regular-fundus-training/Images/29/29_l1.jpg,1.0,7.9444165,0.99011165,1
data/raw/deepdrid/deepdrid/regular-fundus-training/Images/29/29_l2.jpg,1.0,8.104732,0.9909814,1
data/raw/deepdrid/deepdrid/regular-fundus-training/Images/29/29_r1.jpg,1.0,4.7236133,0.9392845,1
data/raw/deepdrid/deepdrid/regular-fundus-training/Images/29/29_r2.jpg,1.0,5.1592116,0.95218843,1
data/raw/deepdrid/deepdrid/regular-fundus-training/Images/30/30_l1.jpg,1.0,10.014155,0.99700123,0
data/raw/deepdrid/deepdrid/regular-fundus-training/Images/30/30_l2.jpg,1.0,9.666166,0.99633324,0
data/raw/deepdrid/deepdrid/regular-fundus-training/Images/30/30_r1.jpg,1.0,8.84211,0.9941005,1
data/raw/deepdrid/deepdrid/regular-fundus-training/Images/30/30_r2.jpg,1.0,3.626496,0.89117235,1
data/raw/deepdrid/deepdrid/regular-fundus-training/Images/31/31_l1.jpg,0.0,1.0767773,0.65120816,0
data/raw/deepdrid/deepdrid/regular-fundus-training/Images/31/31_l2.jpg,0.0,1.2651057,0.67558455,0
data/raw/deepdrid/deepdrid/regular-fundus-training/Images/31/31_r1.jpg,0.0,0.1722848,0.5249534,0
data/raw/deepdrid/deepdrid/regular-fundus-training/Images/31/31_r2.jpg,0.0,-0.30162334,0.45638812,0
data/raw/deepdrid/deepdrid/regular-fundus-training/Images/32/32_l1.jpg,1.0,9.769755,0.9965463,0
data/raw/deepdrid/deepdrid/regular-fundus-training/Images/32/32_l2.jpg,1.0,9.031476,0.9947107,0
data/raw/deepdrid/deepdrid/regular-fundus-training/Images/32/32_r1.jpg,1.0,9.573146,0.9961308,0
data/raw/deepdrid/deepdrid/regular-fundus-training/Images/32/32_r2.jpg,1.0,9.484689,0.9959281,0
data/raw/deepdrid/deepdrid/regular-fundus-training/Images/33/33_l1.jpg,0.0,-1.9221687,0.24702507,0
data/raw/deepdrid/deepdrid/regular-fundus-training/Images/33/33_l2.jpg,0.0,-3.6593344,0.10699473,0
data/raw/deepdrid/deepdrid/regular-fundus-training/Images/33/33_r1.jpg,0.0,2.164899,0.7782135,0
data/raw/deepdrid/deepdrid/regular-fundus-training/Images/33/33_r2.jpg,0.0,-7.8524513,0.010424352,0
data/raw/deepdrid/deepdrid/regular-fundus-training/Images/34/34_l1.jpg,1.0,7.73576,0.98885405,1
data/raw/deepdrid/deepdrid/regular-fundus-training/Images/34/34_l2.jpg,1.0,7.7066913,0.9886668,1
data/raw/deepdrid/deepdrid/regular-fundus-training/Images/34/34_r1.jpg,1.0,8.889186,0.9942584,0
data/raw/deepdrid/deepdrid/regular-fundus-training/Images/34/34_r2.jpg,1.0,8.905776,0.9943131,0
data/raw/deepdrid/deepdrid/regular-fundus-training/Images/35/35_l1.jpg,1.0,6.312875,0.97492355,1
data/raw/deepdrid/deepdrid/regular-fundus-training/Images/35/35_l2.jpg,1.0,6.0397334,0.97074616,1
data/raw/deepdrid/deepdrid/regular-fundus-training/Images/35/35_r1.jpg,1.0,8.986248,0.9945709,0
data/raw/deepdrid/deepdrid/regular-fundus-training/Images/35/35_r2.jpg,1.0,6.5885844,0.97854894,0
data/raw/deepdrid/deepdrid/regular-fundus-training/Images/36/36_l1.jpg,0.0,2.4288852,0.80350626,1
data/raw/deepdrid/deepdrid/regular-fundus-training/Images/36/36_l2.jpg,0.0,1.5892607,0.71534973,1
data/raw/deepdrid/deepdrid/regular-fundus-training/Images/36/36_r1.jpg,0.0,2.8418062,0.8385909,1
data/raw/deepdrid/deepdrid/regular-fundus-training/Images/36/36_r2.jpg,0.0,0.4965825,0.5714908,1
data/raw/deepdrid/deepdrid/regular-fundus-training/Images/37/37_l1.jpg,1.0,9.725288,0.99645644,1
data/raw/deepdrid/deepdrid/regular-fundus-training/Images/37/37_l2.jpg,1.0,4.7101407,0.9388375,1
data/raw/deepdrid/deepdrid/regular-fundus-training/Images/37/37_r1.jpg,1.0,6.519294,0.97768915,1
data/raw/deepdrid/deepdrid/regular-fundus-training/Images/37/37_r2.jpg,1.0,0.102137245,0.5148014,1
data/raw/deepdrid/deepdrid/regular-fundus-training/Images/38/38_l1.jpg,0.0,5.752636,0.96562964,0
data/raw/deepdrid/deepdrid/regular-fundus-training/Images/38/38_l2.jpg,0.0,2.1745775,0.7791805,0
data/raw/deepdrid/deepdrid/regular-fundus-training/Images/38/38_r1.jpg,0.0,1.5278357,0.708042,1
data/raw/deepdrid/deepdrid/regular-fundus-training/Images/38/38_r2.jpg,0.0,4.573774,0.93413645,1
data/raw/deepdrid/deepdrid/regular-fundus-training/Images/39/39_l1.jpg,1.0,5.3394275,0.9567271,1
data/raw/deepdrid/deepdrid/regular-fundus-training/Images/39/39_l2.jpg,1.0,7.9883523,0.99035794,1
data/raw/deepdrid/deepdrid/regular-fundus-training/Images/39/39_r1.jpg,1.0,6.032667,0.9706296,1
data/raw/deepdrid/deepdrid/regular-fundus-training/Images/39/39_r2.jpg,1.0,2.341216,0.79535645,1
data/raw/deepdrid/deepdrid/regular-fundus-training/Images/40/40_l1.jpg,1.0,9.1651125,0.9951031,0
data/raw/deepdrid/deepdrid/regular-fundus-training/Images/40/40_l2.jpg,1.0,6.310066,0.9748837,0
data/raw/deepdrid/deepdrid/regular-fundus-training/Images/40/40_r1.jpg,1.0,8.863391,0.9941724,0
data/raw/deepdrid/deepdrid/regular-fundus-training/Images/40/40_r2.jpg,1.0,9.886937,0.99677247,0
data/raw/deepdrid/deepdrid/regular-fundus-training/Images/41/41_l1.jpg,0.0,9.124744,0.99498785,0
data/raw/deepdrid/deepdrid/regular-fundus-training/Images/41/41_l2.jpg,0.0,7.1288447,0.984227,0
data/raw/deepdrid/deepdrid/regular-fundus-training/Images/41/41_r1.jpg,1.0,8.5079775,0.9928483,1
data/raw/deepdrid/deepdrid/regular-fundus-training/Images/41/41_r2.jpg,1.0,2.6798866,0.8254754,1
data/raw/deepdrid/deepdrid/regular-fundus-training/Images/42/42_l1.jpg,1.0,10.007617,0.99698985,1
data/raw/deepdrid/deepdrid/regular-fundus-training/Images/42/42_l2.jpg,1.0,9.861612,0.9967249,1
data/raw/deepdrid/deepdrid/regular-fundus-training/Images/42/42_r1.jpg,1.0,9.982419,0.9969458,1
data/raw/deepdrid/deepdrid/regular-fundus-training/Images/42/42_r2.jpg,1.0,9.8729925,0.9967463,1
data/raw/deepdrid/deepdrid/regular-fundus-training/Images/43/43_l1.jpg,1.0,8.432391,0.9925303,0
data/raw/deepdrid/deepdrid/regular-fundus-training/Images/43/43_l2.jpg,1.0,8.754026,0.99379325,0
data/raw/deepdrid/deepdrid/regular-fundus-training/Images/43/43_r1.jpg,1.0,9.885659,0.99677014,1
data/raw/deepdrid/deepdrid/regular-fundus-training/Images/43/43_r2.jpg,1.0,8.718801,0.993666,1
data/raw/deepdrid/deepdrid/regular-fundus-training/Images/44/44_l1.jpg,0.0,-0.0990098,0.4856516,1
data/raw/deepdrid/deepdrid/regular-fundus-training/Images/44/44_l2.jpg,0.0,-5.4438953,0.04083338,1
data/raw/deepdrid/deepdrid/regular-fundus-training/Images/44/44_r1.jpg,0.0,1.5840764,0.7147372,0
data/raw/deepdrid/deepdrid/regular-fundus-training/Images/44/44_r2.jpg,0.0,-4.9824286,0.052700523,0
data/raw/deepdrid/deepdrid/regular-fundus-training/Images/45/45_l1.jpg,0.0,7.899359,0.9898525,0
data/raw/deepdrid/deepdrid/regular-fundus-training/Images/45/45_l2.jpg,0.0,7.255205,0.98532504,0
data/raw/deepdrid/deepdrid/regular-fundus-training/Images/45/45_r1.jpg,0.0,2.7003644,0.8271794,0
data/raw/deepdrid/deepdrid/regular-fundus-training/Images/45/45_r2.jpg,0.0,3.4491005,0.8807878,0
data/raw/deepdrid/deepdrid/regular-fundus-training/Images/46/46_l1.jpg,1.0,0.025276713,0.503664,0
data/raw/deepdrid/deepdrid/regular-fundus-training/Images/46/46_l2.jpg,1.0,1.3742534,0.68929833,0
data/raw/deepdrid/deepdrid/regular-fundus-training/Images/46/46_r1.jpg,1.0,0.21232705,0.53073984,0
data/raw/deepdrid/deepdrid/regular-fundus-training/Images/46/46_r2.jpg,1.0,9.973176,0.99692947,0
data/raw/deepdrid/deepdrid/regular-fundus-training/Images/47/47_l1.jpg,0.0,-5.7987027,0.033494852,0
data/raw/deepdrid/deepdrid/regular-fundus-training/Images/47/47_l2.jpg,0.0,-6.9641137,0.017326461,0
data/raw/deepdrid/deepdrid/regular-fundus-training/Images/47/47_r1.jpg,0.0,-6.9552717,0.01741397,1
data/raw/deepdrid/deepdrid/regular-fundus-training/Images/47/47_r2.jpg,0.0,-8.169745,0.008687797,1
data/raw/deepdrid/deepdrid/regular-fundus-training/Images/48/48_l1.jpg,1.0,2.4140832,0.8021476,1
data/raw/deepdrid/deepdrid/regular-fundus-training/Images/48/48_l2.jpg,1.0,-0.45268506,0.43475342,1
data/raw/deepdrid/deepdrid/regular-fundus-training/Images/48/48_r1.jpg,0.0,-1.7641271,0.2644621,1
data/raw/deepdrid/deepdrid/regular-fundus-training/Images/48/48_r2.jpg,0.0,4.004212,0.9106653,1
data/raw/deepdrid/deepdrid/regular-fundus-training/Images/49/49_l1.jpg,0.0,0.7505738,0.607117,0
data/raw/deepdrid/deepdrid/regular-fundus-training/Images/49/49_l2.jpg,0.0,1.2929943,0.67911863,0
data/raw/deepdrid/deepdrid/regular-fundus-training/Images/49/49_r1.jpg,0.0,-0.027549248,0.49600658,0
data/raw/deepdrid/deepdrid/regular-fundus-training/Images/49/49_r2.jpg,0.0,-0.5768168,0.41715607,0
data/raw/deepdrid/deepdrid/regular-fundus-training/Images/50/50_l1.jpg,0.0,-1.3875444,0.30905354,1
data/raw/deepdrid/deepdrid/regular-fundus-training/Images/50/50_l2.jpg,0.0,4.044907,0.9125664,1
data/raw/deepdrid/deepdrid/regular-fundus-training/Images/50/50_r1.jpg,0.0,1.4482846,0.6984162,1
data/raw/deepdrid/deepdrid/regular-fundus-training/Images/50/50_r2.jpg,0.0,-1.8160565,0.25864667,1
data/raw/deepdrid/deepdrid/regular-fundus-training/Images/51/51_l1.jpg,0.0,8.851869,0.99413365,0
data/raw/deepdrid/deepdrid/regular-fundus-training/Images/51/51_l2.jpg,0.0,7.7004485,0.98862606,0
data/raw/deepdrid/deepdrid/regular-fundus-training/Images/51/51_r1.jpg,1.0,9.801936,0.99660987,1
data/raw/deepdrid/deepdrid/regular-fundus-training/Images/51/51_r2.jpg,1.0,9.793021,0.99659246,1
data/raw/deepdrid/deepdrid/regular-fundus-training/Images/52/52_l1.jpg,1.0,8.835793,0.994079,0
data/raw/deepdrid/deepdrid/regular-fundus-training/Images/52/52_l2.jpg,1.0,8.144174,0.99118364,0
data/raw/deepdrid/deepdrid/regular-fundus-training/Images/52/52_r1.jpg,1.0,8.59979,0.9932166,1
data/raw/deepdrid/deepdrid/regular-fundus-training/Images/52/52_r2.jpg,1.0,9.257229,0.9953566,1
data/raw/deepdrid/deepdrid/regular-fundus-training/Images/53/53_l1.jpg,1.0,9.603123,0.99619734,1
data/raw/deepdrid/deepdrid/regular-fundus-training/Images/53/53_l2.jpg,1.0,8.018292,0.9905223,1
data/raw/deepdrid/deepdrid/regular-fundus-training/Images/53/53_r1.jpg,1.0,8.256749,0.9917361,1
data/raw/deepdrid/deepdrid/regular-fundus-training/Images/53/53_r2.jpg,1.0,6.1130195,0.9719291,1
data/raw/deepdrid/deepdrid/regular-fundus-training/Images/54/54_l1.jpg,0.0,1.1743442,0.6639455,1
data/raw/deepdrid/deepdrid/regular-fundus-training/Images/54/54_l2.jpg,0.0,1.269548,0.67614883,1
data/raw/deepdrid/deepdrid/regular-fundus-training/Images/54/54_r1.jpg,0.0,3.1869173,0.86387897,0
data/raw/deepdrid/deepdrid/regular-fundus-training/Images/54/54_r2.jpg,0.0,7.3171325,0.98583525,0
data/raw/deepdrid/deepdrid/regular-fundus-training/Images/55/55_l1.jpg,1.0,9.945058,0.9968791,1
data/raw/deepdrid/deepdrid/regular-fundus-training/Images/55/55_l2.jpg,1.0,9.826016,0.9966568,1
data/raw/deepdrid/deepdrid/regular-fundus-training/Images/55/55_r1.jpg,1.0,9.179908,0.9951448,0
data/raw/deepdrid/deepdrid/regular-fundus-training/Images/55/55_r2.jpg,1.0,9.523695,0.9960188,0
data/raw/deepdrid/deepdrid/regular-fundus-training/Images/56/56_l1.jpg,0.0,-4.5259547,0.06759015,0
data/raw/deepdrid/deepdrid/regular-fundus-training/Images/56/56_r2.jpg,0.0,-3.0542119,0.14542533,1
data/raw/deepdrid/deepdrid/regular-fundus-training/Images/57/57_l1.jpg,1.0,9.900939,0.99679846,1
data/raw/deepdrid/deepdrid/regular-fundus-training/Images/57/57_l2.jpg,1.0,9.678823,0.99636,1
data/raw/deepdrid/deepdrid/regular-fundus-training/Images/57/57_r1.jpg,1.0,9.325902,0.99553716,1
data/raw/deepdrid/deepdrid/regular-fundus-training/Images/57/57_r2.jpg,1.0,9.948957,0.9968861,1
data/raw/deepdrid/deepdrid/regular-fundus-training/Images/58/58_l1.jpg,0.0,8.741266,0.9937475,0
data/raw/deepdrid/deepdrid/regular-fundus-training/Images/58/58_l2.jpg,0.0,9.018289,0.99467033,0
data/raw/deepdrid/deepdrid/regular-fundus-training/Images/58/58_r1.jpg,1.0,8.6699,0.99348503,1
data/raw/deepdrid/deepdrid/regular-fundus-training/Images/58/58_r2.jpg,1.0,9.389274,0.9956975,1
data/raw/deepdrid/deepdrid/regular-fundus-training/Images/59/59_l1.jpg,0.0,6.9768786,0.9827991,1
data/raw/deepdrid/deepdrid/regular-fundus-training/Images/59/59_l2.jpg,0.0,-2.9343216,0.1542793,1
data/raw/deepdrid/deepdrid/regular-fundus-training/Images/59/59_r1.jpg,0.0,1.0055312,0.64176726,1
data/raw/deepdrid/deepdrid/regular-fundus-training/Images/59/59_r2.jpg,0.0,3.007095,0.8511464,1
data/raw/deepdrid/deepdrid/regular-fundus-training/Images/60/60_l1.jpg,0.0,3.240451,0.8674881,1
data/raw/deepdrid/deepdrid/regular-fundus-training/Images/60/60_l2.jpg,0.0,3.1546166,0.86166155,1
data/raw/deepdrid/deepdrid/regular-fundus-training/Images/60/60_r1.jpg,0.0,0.13666275,0.5198001,1
data/raw/deepdrid/deepdrid/regular-fundus-training/Images/60/60_r2.jpg,0.0,2.087547,0.7703758,1
data/raw/deepdrid/deepdrid/regular-fundus-training/Images/61/61_l1.jpg,0.0,3.9680471,0.9089446,0
data/raw/deepdrid/deepdrid/regular-fundus-training/Images/61/61_l2.jpg,0.0,-5.9293027,0.031128101,0
data/raw/deepdrid/deepdrid/regular-fundus-training/Images/61/61_r1.jpg,0.0,2.5618196,0.815392,1
data/raw/deepdrid/deepdrid/regular-fundus-training/Images/61/61_r2.jpg,0.0,2.7355888,0.83007973,1
data/raw/deepdrid/deepdrid/regular-fundus-training/Images/62/62_l1.jpg,0.0,2.7950027,0.83488375,1
data/raw/deepdrid/deepdrid/regular-fundus-training/Images/62/62_l2.jpg,0.0,-4.0875115,0.08548248,1
data/raw/deepdrid/deepdrid/regular-fundus-training/Images/62/62_r1.jpg,0.0,3.2781842,0.86998296,1
data/raw/deepdrid/deepdrid/regular-fundus-training/Images/62/62_r2.jpg,0.0,3.6326518,0.89151794,1
data/raw/deepdrid/deepdrid/regular-fundus-training/Images/63/63_l1.jpg,1.0,1.0864304,0.6524784,1
data/raw/deepdrid/deepdrid/regular-fundus-training/Images/63/63_l2.jpg,1.0,9.56956,0.9961229,1
data/raw/deepdrid/deepdrid/regular-fundus-training/Images/63/63_r1.jpg,1.0,8.918438,0.9943545,1
data/raw/deepdrid/deepdrid/regular-fundus-training/Images/63/63_r2.jpg,1.0,7.3206196,0.9858635,1
data/raw/deepdrid/deepdrid/regular-fundus-training/Images/64/64_l1.jpg,0.0,5.9586287,0.9693806,0
data/raw/deepdrid/deepdrid/regular-fundus-training/Images/64/64_l2.jpg,0.0,0.89523625,0.62693495,0
data/raw/deepdrid/deepdrid/regular-fundus-training/Images/64/64_r1.jpg,1.0,3.6704142,0.8936176,0
data/raw/deepdrid/deepdrid/regular-fundus-training/Images/64/64_r2.jpg,1.0,5.0162,0.94826853,0
data/raw/deepdrid/deepdrid/regular-fundus-training/Images/65/65_l1.jpg,0.0,8.949219,0.9944537,0
data/raw/deepdrid/deepdrid/regular-fundus-training/Images/65/65_l2.jpg,0.0,7.5145698,0.9873481,0
data/raw/deepdrid/deepdrid/regular-fundus-training/Images/65/65_r1.jpg,0.0,-0.5473174,0.4213207,1
data/raw/deepdrid/deepdrid/regular-fundus-training/Images/65/65_r2.jpg,0.0,2.280516,0.7895682,1
data/raw/deepdrid/deepdrid/regular-fundus-training/Images/66/66_l1.jpg,1.0,9.56326,0.9961087,1
data/raw/deepdrid/deepdrid/regular-fundus-training/Images/66/66_l2.jpg,1.0,4.1531997,0.9174484,1
data/raw/deepdrid/deepdrid/regular-fundus-training/Images/66/66_r1.jpg,0.0,9.799817,0.99660575,1
data/raw/deepdrid/deepdrid/regular-fundus-training/Images/66/66_r2.jpg,0.0,-0.70975775,0.39854226,1
data/raw/deepdrid/deepdrid/regular-fundus-training/Images/67/67_l1.jpg,0.0,-0.15206203,0.4779715,0
data/raw/deepdrid/deepdrid/regular-fundus-training/Images/67/67_l2.jpg,0.0,1.4851907,0.70290434,0
data/raw/deepdrid/deepdrid/regular-fundus-training/Images/67/67_r1.jpg,0.0,3.8795002,0.90460503,1
data/raw/deepdrid/deepdrid/regular-fundus-training/Images/67/67_r2.jpg,0.0,-0.2645251,0.46172974,1
data/raw/deepdrid/deepdrid/regular-fundus-training/Images/68/68_l1.jpg,0.0,-4.891353,0.055400044,1
data/raw/deepdrid/deepdrid/regular-fundus-training/Images/68/68_l2.jpg,0.0,3.5051205,0.88415647,1
data/raw/deepdrid/deepdrid/regular-fundus-training/Images/68/68_r1.jpg,0.0,-4.282628,0.07704286,1
data/raw/deepdrid/deepdrid/regular-fundus-training/Images/68/68_r2.jpg,0.0,-5.208395,0.046529874,1
data/raw/deepdrid/deepdrid/regular-fundus-training/Images/69/69_l1.jpg,1.0,8.668604,0.9934802,1
data/raw/deepdrid/deepdrid/regular-fundus-training/Images/69/69_l2.jpg,1.0,3.9754486,0.90929914,1
data/raw/deepdrid/deepdrid/regular-fundus-training/Images/69/69_r1.jpg,1.0,1.9871145,0.7599125,1
data/raw/deepdrid/deepdrid/regular-fundus-training/Images/69/69_r2.jpg,1.0,5.4600015,0.95953083,1
data/raw/deepdrid/deepdrid/regular-fundus-training/Images/70/70_l1.jpg,1.0,9.222073,0.9952615,0
data/raw/deepdrid/deepdrid/regular-fundus-training/Images/70/70_l2.jpg,1.0,8.688123,0.99355304,0
data/raw/deepdrid/deepdrid/regular-fundus-training/Images/70/70_r1.jpg,1.0,4.035245,0.91211843,1
data/raw/deepdrid/deepdrid/regular-fundus-training/Images/70/70_r2.jpg,1.0,4.7857513,0.941307,1
data/raw/deepdrid/deepdrid/regular-fundus-training/Images/71/71_l1.jpg,0.0,1.5106126,0.7059734,0
data/raw/deepdrid/deepdrid/regular-fundus-training/Images/71/71_l2.jpg,0.0,8.479177,0.9927288,0
data/raw/deepdrid/deepdrid/regular-fundus-training/Images/71/71_r1.jpg,0.0,7.7730403,0.9890898,0
data/raw/deepdrid/deepdrid/regular-fundus-training/Images/71/71_r2.jpg,0.0,2.8163192,0.8365805,0
data/raw/deepdrid/deepdrid/regular-fundus-training/Images/72/72_l1.jpg,0.0,6.8052344,0.9810332,0
data/raw/deepdrid/deepdrid/regular-fundus-training/Images/72/72_l2.jpg,0.0,3.188997,0.86402076,0
data/raw/deepdrid/deepdrid/regular-fundus-training/Images/72/72_r1.jpg,0.0,5.243761,0.95437145,0
data/raw/deepdrid/deepdrid/regular-fundus-training/Images/72/72_r2.jpg,0.0,0.8059856,0.6147538,0
data/raw/deepdrid/deepdrid/regular-fundus-training/Images/73/73_l1.jpg,1.0,9.956164,0.996899,0
data/raw/deepdrid/deepdrid/regular-fundus-training/Images/73/73_l2.jpg,1.0,9.414134,0.9957587,0
data/raw/deepdrid/deepdrid/regular-fundus-training/Images/73/73_r1.jpg,1.0,4.680456,0.93784165,0
data/raw/deepdrid/deepdrid/regular-fundus-training/Images/73/73_r2.jpg,1.0,7.9793878,0.9903081,0
data/raw/deepdrid/deepdrid/regular-fundus-training/Images/74/74_l1.jpg,0.0,1.5410703,0.70962584,1
data/raw/deepdrid/deepdrid/regular-fundus-training/Images/74/74_l2.jpg,0.0,4.6261544,0.9359807,1
data/raw/deepdrid/deepdrid/regular-fundus-training/Images/74/74_r1.jpg,0.0,3.0021703,0.8507843,0
data/raw/deepdrid/deepdrid/regular-fundus-training/Images/74/74_r2.jpg,0.0,1.7269343,0.73132163,0
data/raw/deepdrid/deepdrid/regular-fundus-training/Images/75/75_l1.jpg,0.0,4.459395,0.92993665,0
data/raw/deepdrid/deepdrid/regular-fundus-training/Images/75/75_l2.jpg,0.0,-0.94208544,0.36673376,0
data/raw/deepdrid/deepdrid/regular-fundus-training/Images/75/75_r1.jpg,0.0,-0.37190923,0.44629636,0
data/raw/deepdrid/deepdrid/regular-fundus-training/Images/75/75_r2.jpg,0.0,-8.014235,0.0094998,0
data/raw/deepdrid/deepdrid/regular-fundus-training/Images/76/76_l1.jpg,0.0,9.840669,0.99668497,0
data/raw/deepdrid/deepdrid/regular-fundus-training/Images/76/76_l2.jpg,0.0,9.376311,0.99566513,0
data/raw/deepdrid/deepdrid/regular-fundus-training/Images/76/76_r1.jpg,0.0,7.1658998,0.98455715,0
data/raw/deepdrid/deepdrid/regular-fundus-training/Images/76/76_r2.jpg,0.0,-1.4860345,0.29699352,0
data/raw/deepdrid/deepdrid/regular-fundus-training/Images/78/78_l1.jpg,0.0,4.6635947,0.9372692,0
data/raw/deepdrid/deepdrid/regular-fundus-training/Images/78/78_l2.jpg,0.0,-2.7289407,0.17046471,0
data/raw/deepdrid/deepdrid/regular-fundus-training/Images/78/78_r1.jpg,1.0,9.493714,0.99594927,1
data/raw/deepdrid/deepdrid/regular-fundus-training/Images/78/78_r2.jpg,1.0,9.752936,0.9965126,1
data/raw/deepdrid/deepdrid/regular-fundus-training/Images/79/79_l1.jpg,0.0,0.71720207,0.602492,1
data/raw/deepdrid/deepdrid/regular-fundus-training/Images/79/79_l2.jpg,0.0,-5.851913,0.032510288,1
data/raw/deepdrid/deepdrid/regular-fundus-training/Images/79/79_r1.jpg,0.0,-2.2318554,0.21515806,0
data/raw/deepdrid/deepdrid/regular-fundus-training/Images/79/79_r2.jpg,0.0,-1.9687473,0.2420359,0
data/raw/deepdrid/deepdrid/regular-fundus-training/Images/80/80_l1.jpg,1.0,7.005298,0.9830755,0
data/raw/deepdrid/deepdrid/regular-fundus-training/Images/80/80_l2.jpg,1.0,3.7239199,0.89653105,0
data/raw/deepdrid/deepdrid/regular-fundus-training/Images/80/80_r1.jpg,1.0,9.999085,0.99697506,0
data/raw/deepdrid/deepdrid/regular-fundus-training/Images/80/80_r2.jpg,1.0,5.665303,0.9639087,0
data/raw/deepdrid/deepdrid/regular-fundus-training/Images/81/81_l1.jpg,0.0,-1.7585353,0.26509333,1
data/raw/deepdrid/deepdrid/regular-fundus-training/Images/81/81_l2.jpg,0.0,6.799421,0.98097044,1
data/raw/deepdrid/deepdrid/regular-fundus-training/Images/81/81_r1.jpg,0.0,-6.035376,0.029325705,0
data/raw/deepdrid/deepdrid/regular-fundus-training/Images/81/81_r2.jpg,0.0,-0.4256865,0.43860433,0
data/raw/deepdrid/deepdrid/regular-fundus-training/Images/82/82_l1.jpg,0.0,2.623433,0.8207092,1
data/raw/deepdrid/deepdrid/regular-fundus-training/Images/82/82_l2.jpg,0.0,-3.8172948,0.098553255,1
data/raw/deepdrid/deepdrid/regular-fundus-training/Images/82/82_r1.jpg,0.0,2.1275122,0.7744494,0
data/raw/deepdrid/deepdrid/regular-fundus-training/Images/82/82_r2.jpg,0.0,-7.7131114,0.01129163,0
data/raw/deepdrid/deepdrid/regular-fundus-training/Images/83/83_l1.jpg,0.0,2.8804624,0.8416018,1
data/raw/deepdrid/deepdrid/regular-fundus-training/Images/83/83_l2.jpg,0.0,2.020573,0.7634342,1
data/raw/deepdrid/deepdrid/regular-fundus-training/Images/83/83_r1.jpg,0.0,3.5663185,0.88774174,0
data/raw/deepdrid/deepdrid/regular-fundus-training/Images/83/83_r2.jpg,0.0,1.8347346,0.74342453,0
data/raw/deepdrid/deepdrid/regular-fundus-training/Images/84/84_l1.jpg,1.0,9.398139,0.9957195,0
data/raw/deepdrid/deepdrid/regular-fundus-training/Images/84/84_l2.jpg,1.0,9.410564,0.99574995,0
data/raw/deepdrid/deepdrid/regular-fundus-training/Images/84/84_r1.jpg,1.0,9.8043375,0.99661463,1
data/raw/deepdrid/deepdrid/regular-fundus-training/Images/84/84_r2.jpg,1.0,9.831819,0.99666804,1
data/raw/deepdrid/deepdrid/regular-fundus-training/Images/85/85_l1.jpg,0.0,6.150707,0.97251916,1
data/raw/deepdrid/deepdrid/regular-fundus-training/Images/85/85_l2.jpg,0.0,-5.606049,0.037305783,1
data/raw/deepdrid/deepdrid/regular-fundus-training/Images/85/85_r1.jpg,0.0,-1.8210739,0.2580892,0
data/raw/deepdrid/deepdrid/regular-fundus-training/Images/85/85_r2.jpg,0.0,3.5195234,0.88500917,0
data/raw/deepdrid/deepdrid/regular-fundus-training/Images/86/86_l1.jpg,1.0,9.437221,0.995815,0
data/raw/deepdrid/deepdrid/regular-fundus-training/Images/86/86_l2.jpg,1.0,9.878117,0.9967559,0
data/raw/deepdrid/deepdrid/regular-fundus-training/Images/86/86_r1.jpg,1.0,9.386472,0.9956905,1
data/raw/deepdrid/deepdrid/regular-fundus-training/Images/86/86_r2.jpg,1.0,9.795091,0.9965965,1
data/raw/deepdrid/deepdrid/regular-fundus-training/Images/87/87_l1.jpg,1.0,9.125024,0.9949886,1
data/raw/deepdrid/deepdrid/regular-fundus-training/Images/87/87_l2.jpg,1.0,9.644126,0.9962863,1
data/raw/deepdrid/deepdrid/regular-fundus-training/Images/87/87_r1.jpg,1.0,9.375569,0.9956632,0
data/raw/deepdrid/deepdrid/regular-fundus-training/Images/87/87_r2.jpg,1.0,9.139873,0.99503136,0
data/raw/deepdrid/deepdrid/regular-fundus-training/Images/88/88_l1.jpg,1.0,6.2171407,0.9735301,0
data/raw/deepdrid/deepdrid/regular-fundus-training/Images/88/88_l2.jpg,1.0,-7.2266135,0.014916645,0
data/raw/deepdrid/deepdrid/regular-fundus-training/Images/88/88_r1.jpg,0.0,3.6135395,0.8904416,1
data/raw/deepdrid/deepdrid/regular-fundus-training/Images/88/88_r2.jpg,0.0,-4.904101,0.05501449,1
data/raw/deepdrid/deepdrid/regular-fundus-training/Images/89/89_l1.jpg,1.0,9.102312,0.99492246,1
data/raw/deepdrid/deepdrid/regular-fundus-training/Images/89/89_l2.jpg,1.0,6.6461816,0.9792389,1
data/raw/deepdrid/deepdrid/regular-fundus-training/Images/89/89_r1.jpg,1.0,9.039602,0.9947354,0
data/raw/deepdrid/deepdrid/regular-fundus-training/Images/89/89_r2.jpg,1.0,9.780868,0.99656844,0
data/raw/deepdrid/deepdrid/regular-fundus-training/Images/90/90_l1.jpg,0.0,2.321819,0.79351974,0
data/raw/deepdrid/deepdrid/regular-fundus-training/Images/90/90_l2.jpg,0.0,6.871061,0.9817306,0
data/raw/deepdrid/deepdrid/regular-fundus-training/Images/90/90_r1.jpg,0.0,4.6985455,0.9384503,0
data/raw/deepdrid/deepdrid/regular-fundus-training/Images/90/90_r2.jpg,0.0,8.625556,0.9933164,0
data/raw/deepdrid/deepdrid/regular-fundus-training/Images/91/91_l1.jpg,1.0,9.584025,0.9961551,0
data/raw/deepdrid/deepdrid/regular-fundus-training/Images/91/91_l2.jpg,1.0,5.361812,0.95726126,0
data/raw/deepdrid/deepdrid/regular-fundus-training/Images/91/91_r1.jpg,1.0,7.796348,0.9892347,0
data/raw/deepdrid/deepdrid/regular-fundus-training/Images/91/91_r2.jpg,1.0,9.109794,0.9949444,0
data/raw/deepdrid/deepdrid/regular-fundus-training/Images/92/92_l1.jpg,0.0,1.7420503,0.73304033,0
data/raw/deepdrid/deepdrid/regular-fundus-training/Images/92/92_l2.jpg,0.0,2.270512,0.7886028,0
data/raw/deepdrid/deepdrid/regular-fundus-training/Images/92/92_r1.jpg,0.0,6.8921576,0.9819487,0
data/raw/deepdrid/deepdrid/regular-fundus-training/Images/92/92_r2.jpg,0.0,7.6144705,0.98805165,0
data/raw/deepdrid/deepdrid/regular-fundus-training/Images/93/93_l1.jpg,0.0,2.5101693,0.81084126,1
data/raw/deepdrid/deepdrid/regular-fundus-training/Images/93/93_l2.jpg,0.0,-8.061176,0.009247073,1
data/raw/deepdrid/deepdrid/regular-fundus-training/Images/93/93_r1.jpg,0.0,4.7676573,0.94072473,0
data/raw/deepdrid/deepdrid/regular-fundus-training/Images/93/93_r2.jpg,0.0,-0.0013213982,0.49980843,0
data/raw/deepdrid/deepdrid/regular-fundus-training/Images/94/94_l1.jpg,0.0,0.44099516,0.5635801,0
data/raw/deepdrid/deepdrid/regular-fundus-training/Images/94/94_l2.jpg,0.0,-2.4949958,0.19051185,0
data/raw/deepdrid/deepdrid/regular-fundus-training/Images/94/94_r1.jpg,1.0,7.5491858,0.9875964,0
data/raw/deepdrid/deepdrid/regular-fundus-training/Images/94/94_r2.jpg,1.0,7.698956,0.9886164,0
data/raw/deepdrid/deepdrid/regular-fundus-training/Images/95/95_l1.jpg,0.0,-1.1677312,0.33691058,1
data/raw/deepdrid/deepdrid/regular-fundus-training/Images/95/95_l2.jpg,0.0,-1.3924323,0.30844867,1
data/raw/deepdrid/deepdrid/regular-fundus-training/Images/95/95_r1.jpg,0.0,4.1764593,0.9184642,1
data/raw/deepdrid/deepdrid/regular-fundus-training/Images/95/95_r2.jpg,0.0,-3.127146,0.14024809,1
data/raw/deepdrid/deepdrid/regular-fundus-training/Images/96/96_l1.jpg,0.0,-7.239692,0.01480562,1
data/raw/deepdrid/deepdrid/regular-fundus-training/Images/96/96_l2.jpg,0.0,-7.234815,0.014846929,1
data/raw/deepdrid/deepdrid/regular-fundus-training/Images/96/96_r1.jpg,0.0,0.817926,0.6163922,1
data/raw/deepdrid/deepdrid/regular-fundus-training/Images/96/96_r2.jpg,0.0,0.76703626,0.60939145,1
data/raw/deepdrid/deepdrid/regular-fundus-training/Images/97/97_l1.jpg,1.0,8.230346,0.99160963,1
data/raw/deepdrid/deepdrid/regular-fundus-training/Images/97/97_l2.jpg,1.0,9.918401,0.99683064,1
data/raw/deepdrid/deepdrid/regular-fundus-training/Images/97/97_r1.jpg,1.0,9.207846,0.9952225,0
data/raw/deepdrid/deepdrid/regular-fundus-training/Images/97/97_r2.jpg,1.0,8.456637,0.99263376,0
data/raw/deepdrid/deepdrid/regular-fundus-training/Images/98/98_l1.jpg,0.0,-3.925162,0.093134515,0
data/raw/deepdrid/deepdrid/regular-fundus-training/Images/98/98_l2.jpg,0.0,-0.7583488,0.39180824,0
data/raw/deepdrid/deepdrid/regular-fundus-training/Images/98/98_r1.jpg,0.0,-1.5482426,0.28951797,0
data/raw/deepdrid/deepdrid/regular-fundus-training/Images/98/98_r2.jpg,0.0,0.6378554,0.59142303,0
data/raw/deepdrid/deepdrid/regular-fundus-training/Images/99/99_l1.jpg,1.0,8.590236,0.9931792,1
data/raw/deepdrid/deepdrid/regular-fundus-training/Images/99/99_l2.jpg,1.0,9.3082,0.9954913,1
data/raw/deepdrid/deepdrid/regular-fundus-training/Images/99/99_r1.jpg,1.0,9.447969,0.99584085,0
data/raw/deepdrid/deepdrid/regular-fundus-training/Images/99/99_r2.jpg,1.0,9.167724,0.9951106,0
data/raw/deepdrid/deepdrid/regular-fundus-training/Images/100/100_l1.jpg,0.0,-2.8595645,0.1600202,1
data/raw/deepdrid/deepdrid/regular-fundus-training/Images/100/100_l2.jpg,0.0,-1.9658731,0.24234177,1
data/raw/deepdrid/deepdrid/regular-fundus-training/Images/100/100_r1.jpg,0.0,-2.926821,0.1548476,1
data/raw/deepdrid/deepdrid/regular-fundus-training/Images/100/100_r2.jpg,0.0,0.11795737,0.51709235,1
data/raw/deepdrid/deepdrid/regular-fundus-training/Images/101/101_l1.jpg,1.0,9.967796,0.9969199,0
data/raw/deepdrid/deepdrid/regular-fundus-training/Images/101/101_l2.jpg,1.0,10.043231,0.99705124,0
data/raw/deepdrid/deepdrid/regular-fundus-training/Images/101/101_r1.jpg,0.0,5.0582433,0.9494515,0
data/raw/deepdrid/deepdrid/regular-fundus-training/Images/101/101_r2.jpg,0.0,7.8462243,0.9895383,0
data/raw/deepdrid/deepdrid/regular-fundus-training/Images/102/102_l1.jpg,0.0,3.591182,0.8891704,0
data/raw/deepdrid/deepdrid/regular-fundus-training/Images/102/102_l2.jpg,0.0,-4.595799,0.06508214,0
data/raw/deepdrid/deepdrid/regular-fundus-training/Images/102/102_r1.jpg,1.0,0.91656226,0.6298225,0
data/raw/deepdrid/deepdrid/regular-fundus-training/Images/102/102_r2.jpg,1.0,7.914793,0.98994195,0
data/raw/deepdrid/deepdrid/regular-fundus-training/Images/103/103_l1.jpg,1.0,5.741889,0.96542215,0
data/raw/deepdrid/deepdrid/regular-fundus-training/Images/103/103_l2.jpg,1.0,6.40054,0.97613674,0
data/raw/deepdrid/deepdrid/regular-fundus-training/Images/103/103_r1.jpg,1.0,8.745483,0.9937627,0
data/raw/deepdrid/deepdrid/regular-fundus-training/Images/103/103_r2.jpg,1.0,6.466471,0.97701114,0
data/raw/deepdrid/deepdrid/regular-fundus-training/Images/104/104_l1.jpg,0.0,-1.5642322,0.28761458,1
data/raw/deepdrid/deepdrid/regular-fundus-training/Images/104/104_l2.jpg,0.0,-1.4550933,0.30075294,1
data/raw/deepdrid/deepdrid/regular-fundus-training/Images/104/104_r1.jpg,0.0,1.5994674,0.7165533,1
data/raw/deepdrid/deepdrid/regular-fundus-training/Images/104/104_r2.jpg,0.0,1.6790701,0.7258334,1
data/raw/deepdrid/deepdrid/regular-fundus-training/Images/105/105_l1.jpg,0.0,-1.9847041,0.24034259,1
data/raw/deepdrid/deepdrid/regular-fundus-training/Images/105/105_l2.jpg,0.0,-2.6793592,0.17456864,1
data/raw/deepdrid/deepdrid/regular-fundus-training/Images/105/105_r1.jpg,0.0,-3.26818,0.13067457,1
data/raw/deepdrid/deepdrid/regular-fundus-training/Images/105/105_r2.jpg,0.0,3.4744155,0.88232046,1
data/raw/deepdrid/deepdrid/regular-fundus-training/Images/106/106_l1.jpg,0.0,4.463304,0.9300842,0
data/raw/deepdrid/deepdrid/regular-fundus-training/Images/106/106_l2.jpg,0.0,4.599127,0.93503517,0
data/raw/deepdrid/deepdrid/regular-fundus-training/Images/106/106_r1.jpg,0.0,3.4036272,0.8779913,0
data/raw/deepdrid/deepdrid/regular-fundus-training/Images/106/106_r2.jpg,0.0,3.5743911,0.8882074,0
data/raw/deepdrid/deepdrid/regular-fundus-training/Images/107/107_l1.jpg,0.0,1.8514957,0.745274,1
data/raw/deepdrid/deepdrid/regular-fundus-training/Images/107/107_l2.jpg,0.0,2.7713516,0.8329845,1
data/raw/deepdrid/deepdrid/regular-fundus-training/Images/107/107_r1.jpg,0.0,3.5943754,0.88935286,0
data/raw/deepdrid/deepdrid/regular-fundus-training/Images/107/107_r2.jpg,0.0,0.91586393,0.6297281,0
data/raw/deepdrid/deepdrid/regular-fundus-training/Images/108/108_l1.jpg,1.0,5.4803624,0.95998675,1
data/raw/deepdrid/deepdrid/regular-fundus-training/Images/108/108_l2.jpg,1.0,-4.5896163,0.06530062,1
data/raw/deepdrid/deepdrid/regular-fundus-training/Images/108/108_r1.jpg,1.0,8.483297,0.99274594,0
data/raw/deepdrid/deepdrid/regular-fundus-training/Images/108/108_r2.jpg,1.0,9.025088,0.9946912,0
data/raw/deepdrid/deepdrid/regular-fundus-training/Images/109/109_l1.jpg,1.0,5.2030244,0.9533317,1
data/raw/deepdrid/deepdrid/regular-fundus-training/Images/109/109_l2.jpg,1.0,7.8565836,0.9896003,1
data/raw/deepdrid/deepdrid/regular-fundus-training/Images/109/109_r1.jpg,1.0,7.143191,0.9843556,0
data/raw/deepdrid/deepdrid/regular-fundus-training/Images/109/109_r2.jpg,1.0,9.0940695,0.99489826,0
data/raw/deepdrid/deepdrid/regular-fundus-training/Images/110/110_l1.jpg,1.0,9.186165,0.9951623,1
data/raw/deepdrid/deepdrid/regular-fundus-training/Images/110/110_l2.jpg,1.0,7.9824,0.990325,1
data/raw/deepdrid/deepdrid/regular-fundus-training/Images/110/110_r1.jpg,1.0,9.947278,0.9968831,0
data/raw/deepdrid/deepdrid/regular-fundus-training/Images/110/110_r2.jpg,1.0,9.746185,0.99649894,0
data/raw/deepdrid/deepdrid/regular-fundus-training/Images/111/111_l1.jpg,0.0,0.34999073,0.5505609,1
data/raw/deepdrid/deepdrid/regular-fundus-training/Images/111/111_l2.jpg,0.0,5.792027,0.96637964,1
data/raw/deepdrid/deepdrid/regular-fundus-training/Images/111/111_r1.jpg,0.0,-3.1775138,0.13676344,0
data/raw/deepdrid/deepdrid/regular-fundus-training/Images/111/111_r2.jpg,0.0,-4.379051,0.073160134,0
data/raw/deepdrid/deepdrid/regular-fundus-training/Images/112/112_l1.jpg,0.0,-2.7037,0.17254427,1
data/raw/deepdrid/deepdrid/regular-fundus-training/Images/112/112_l2.jpg,0.0,0.98056465,0.63843226,1
data/raw/deepdrid/deepdrid/regular-fundus-training/Images/112/112_r1.jpg,0.0,-2.9144952,0.15578526,0
data/raw/deepdrid/deepdrid/regular-fundus-training/Images/112/112_r2.jpg,0.0,0.35917658,0.55187845,0
data/raw/deepdrid/deepdrid/regular-fundus-training/Images/113/113_l1.jpg,0.0,2.7384915,0.8303169,1
data/raw/deepdrid/deepdrid/regular-fundus-training/Images/113/113_l2.jpg,0.0,-3.9369197,0.09256031,1
data/raw/deepdrid/deepdrid/regular-fundus-training/Images/113/113_r1.jpg,0.0,1.8863903,0.749096,1
data/raw/deepdrid/deepdrid/regular-fundus-training/Images/113/113_r2.jpg,0.0,-7.067427,0.01633546,1
data/raw/deepdrid/deepdrid/regular-fundus-training/Images/114/114_l1.jpg,0.0,6.1768684,0.9729216,0
data/raw/deepdrid/deepdrid/regular-fundus-training/Images/114/114_l2.jpg,0.0,4.3868823,0.9271472,0
data/raw/deepdrid/deepdrid/regular-fundus-training/Images/114/114_r1.jpg,0.0,2.9178853,0.84447306,0
data/raw/deepdrid/deepdrid/regular-fundus-training/Images/114/114_r2.jpg,0.0,-2.0222266,0.23639274,0
data/raw/deepdrid/deepdrid/regular-fundus-training/Images/115/115_l1.jpg,0.0,6.4588413,0.9769116,0
data/raw/deepdrid/deepdrid/regular-fundus-training/Images/115/115_l2.jpg,0.0,4.5731354,0.9341137,0
data/raw/deepdrid/deepdrid/regular-fundus-training/Images/115/115_r1.jpg,0.0,-7.3438663,0.013949885,0
data/raw/deepdrid/deepdrid/regular-fundus-training/Images/115/115_r2.jpg,0.0,5.839343,0.9672597,0
data/raw/deepdrid/deepdrid/regular-fundus-training/Images/116/116_l1.jpg,0.0,0.09680582,0.5140292,0
data/raw/deepdrid/deepdrid/regular-fundus-training/Images/116/116_l2.jpg,0.0,6.972229,0.9827535,0
data/raw/deepdrid/deepdrid/regular-fundus-training/Images/116/116_r1.jpg,0.0,-6.3615556,0.024395537,1
data/raw/deepdrid/deepdrid/regular-fundus-training/Images/116/116_r2.jpg,0.0,-1.6823469,0.2737886,1
data/raw/deepdrid/deepdrid/regular-fundus-training/Images/117/117_l1.jpg,1.0,9.804658,0.99661523,0
data/raw/deepdrid/deepdrid/regular-fundus-training/Images/117/117_l2.jpg,1.0,5.1059504,0.95076275,0
data/raw/deepdrid/deepdrid/regular-fundus-training/Images/117/117_r1.jpg,1.0,9.860784,0.99672335,0
data/raw/deepdrid/deepdrid/regular-fundus-training/Images/117/117_r2.jpg,1.0,9.852635,0.9967078,0
data/raw/deepdrid/deepdrid/regular-fundus-training/Images/118/118_l1.jpg,1.0,8.932539,0.9944002,0
data/raw/deepdrid/deepdrid/regular-fundus-training/Images/118/118_l2.jpg,1.0,9.885787,0.9967704,0
data/raw/deepdrid/deepdrid/regular-fundus-training/Images/118/118_r1.jpg,1.0,8.314926,0.992008,0
data/raw/deepdrid/deepdrid/regular-fundus-training/Images/118/118_r2.jpg,1.0,8.386783,0.9923316,0
data/raw/deepdrid/deepdrid/regular-fundus-training/Images/119/119_l1.jpg,1.0,9.132445,0.99501,1
data/raw/deepdrid/deepdrid/regular-fundus-training/Images/119/119_l2.jpg,1.0,7.431846,0.98673475,1
data/raw/deepdrid/deepdrid/regular-fundus-training/Images/119/119_r1.jpg,1.0,8.411907,0.9924418,0
data/raw/deepdrid/deepdrid/regular-fundus-training/Images/119/119_r2.jpg,1.0,8.834949,0.99407613,0
data/raw/deepdrid/deepdrid/regular-fundus-training/Images/120/120_l1.jpg,0.0,-1.004966,0.35830805,1
data/raw/deepdrid/deepdrid/regular-fundus-training/Images/120/120_l2.jpg,0.0,-0.97540164,0.362259,1
data/raw/deepdrid/deepdrid/regular-fundus-training/Images/120/120_r1.jpg,0.0,9.313371,0.9955048,0
data/raw/deepdrid/deepdrid/regular-fundus-training/Images/120/120_r2.jpg,0.0,9.304463,0.9954816,0
data/raw/deepdrid/deepdrid/regular-fundus-training/Images/121/121_l1.jpg,0.0,4.86871,0.9439089,1
data/raw/deepdrid/deepdrid/regular-fundus-training/Images/121/121_l2.jpg,0.0,3.481638,0.8827546,1
data/raw/deepdrid/deepdrid/regular-fundus-training/Images/121/121_r1.jpg,0.0,2.4489138,0.8053333,1
data/raw/deepdrid/deepdrid/regular-fundus-training/Images/121/121_r2.jpg,0.0,-1.7499251,0.2660671,1
data/raw/deepdrid/deepdrid/regular-fundus-training/Images/122/122_l1.jpg,0.0,6.5605836,0.9782055,1
data/raw/deepdrid/deepdrid/regular-fundus-training/Images/122/122_l2.jpg,0.0,-0.8626757,0.37749127,1
data/raw/deepdrid/deepdrid/regular-fundus-training/Images/122/122_r1.jpg,1.0,2.2185142,0.78353274,1
data/raw/deepdrid/deepdrid/regular-fundus-training/Images/122/122_r2.jpg,1.0,8.0699,0.9907991,1
data/raw/deepdrid/deepdrid/regular-fundus-training/Images/123/123_l1.jpg,1.0,9.001302,0.9946179,1
data/raw/deepdrid/deepdrid/regular-fundus-training/Images/123/123_l2.jpg,1.0,-6.2996063,0.02526522,1
data/raw/deepdrid/deepdrid/regular-fundus-training/Images/123/123_r1.jpg,1.0,-1.6377074,0.27896503,1
data/raw/deepdrid/deepdrid/regular-fundus-training/Images/123/123_r2.jpg,1.0,6.7270265,0.9801707,1
data/raw/deepdrid/deepdrid/regular-fundus-training/Images/124/124_l1.jpg,1.0,0.36062083,0.5520856,0
data/raw/deepdrid/deepdrid/regular-fundus-training/Images/124/124_l2.jpg,1.0,2.8711226,0.84087855,0
data/raw/deepdrid/deepdrid/regular-fundus-training/Images/124/124_r1.jpg,0.0,0.7133087,0.60195124,0
data/raw/deepdrid/deepdrid/regular-fundus-training/Images/124/124_r2.jpg,0.0,0.6921186,0.5990036,0
data/raw/deepdrid/deepdrid/regular-fundus-training/Images/125/125_l1.jpg,0.0,6.8253016,0.9812485,0
data/raw/deepdrid/deepdrid/regular-fundus-training/Images/125/125_l2.jpg,0.0,3.119295,0.8592021,0
data/raw/deepdrid/deepdrid/regular-fundus-training/Images/125/125_r1.jpg,1.0,6.999457,0.98301905,0
data/raw/deepdrid/deepdrid/regular-fundus-training/Images/125/125_r2.jpg,1.0,8.406072,0.99241626,0
data/raw/deepdrid/deepdrid/regular-fundus-training/Images/126/126_l1.jpg,1.0,6.9227753,0.98226064,1
data/raw/deepdrid/deepdrid/regular-fundus-training/Images/126/126_l2.jpg,1.0,9.771797,0.9965503,1
data/raw/deepdrid/deepdrid/regular-fundus-training/Images/126/126_r1.jpg,1.0,9.760272,0.9965274,1
data/raw/deepdrid/deepdrid/regular-fundus-training/Images/126/126_r2.jpg,1.0,9.811025,0.9966276,1
data/raw/deepdrid/deepdrid/regular-fundus-training/Images/127/127_l1.jpg,0.0,9.709341,0.99642366,0
data/raw/deepdrid/deepdrid/regular-fundus-training/Images/127/127_l2.jpg,0.0,9.632816,0.9962619,0
data/raw/deepdrid/deepdrid/regular-fundus-training/Images/127/127_r1.jpg,1.0,8.881877,0.99423426,1
data/raw/deepdrid/deepdrid/regular-fundus-training/Images/127/127_r2.jpg,1.0,9.683733,0.9963703,1
data/raw/deepdrid/deepdrid/regular-fundus-training/Images/128/128_l1.jpg,0.0,2.6534321,0.8232545,0
data/raw/deepdrid/deepdrid/regular-fundus-training/Images/128/128_l2.jpg,0.0,0.32130712,0.5464421,0
data/raw/deepdrid/deepdrid/regular-fundus-training/Images/128/128_r1.jpg,0.0,1.7436068,0.7332169,1
data/raw/deepdrid/deepdrid/regular-fundus-training/Images/128/128_r2.jpg,0.0,-4.772306,0.059125163,1
data/raw/deepdrid/deepdrid/regular-fundus-training/Images/129/129_l1.jpg,0.0,-1.669071,0.27532184,0
data/raw/deepdrid/deepdrid/regular-fundus-training/Images/129/129_l2.jpg,0.0,-5.319821,0.043746054,0
data/raw/deepdrid/deepdrid/regular-fundus-training/Images/129/129_r1.jpg,0.0,0.52898246,0.5760852,1
data/raw/deepdrid/deepdrid/regular-fundus-training/Images/129/129_r2.jpg,0.0,-4.522347,0.067722104,1
data/raw/deepdrid/deepdrid/regular-fundus-training/Images/130/130_l1.jpg,1.0,2.22216,0.78389114,1
data/raw/deepdrid/deepdrid/regular-fundus-training/Images/130/130_l2.jpg,1.0,2.2789862,0.7894208,1
data/raw/deepdrid/deepdrid/regular-fundus-training/Images/130/130_r1.jpg,1.0,6.1517954,0.97253597,1
data/raw/deepdrid/deepdrid/regular-fundus-training/Images/130/130_r2.jpg,1.0,6.2190003,0.9735579,1
data/raw/deepdrid/deepdrid/regular-fundus-training/Images/131/131_l1.jpg,1.0,9.878343,0.9967564,1
data/raw/deepdrid/deepdrid/regular-fundus-training/Images/131/131_l2.jpg,1.0,9.680932,0.9963644,1
data/raw/deepdrid/deepdrid/regular-fundus-training/Images/131/131_r1.jpg,1.0,8.446288,0.99258983,1
data/raw/deepdrid/deepdrid/regular-fundus-training/Images/131/131_r2.jpg,1.0,9.661289,0.996323,1
data/raw/deepdrid/deepdrid/regular-fundus-training/Images/132/132_l1.jpg,0.0,1.2765228,0.6770338,1
data/raw/deepdrid/deepdrid/regular-fundus-training/Images/132/132_l2.jpg,0.0,2.8518538,0.83937794,1
data/raw/deepdrid/deepdrid/regular-fundus-training/Images/132/132_r1.jpg,0.0,2.036462,0.76509404,1
data/raw/deepdrid/deepdrid/regular-fundus-training/Images/132/132_r2.jpg,0.0,1.8824104,0.748662,1
data/raw/deepdrid/deepdrid/regular-fundus-training/Images/133/133_l1.jpg,0.0,5.6457725,0.96351266,1
data/raw/deepdrid/deepdrid/regular-fundus-training/Images/133/133_l2.jpg,0.0,-4.7349267,0.060342453,1
data/raw/deepdrid/deepdrid/regular-fundus-training/Images/133/133_r1.jpg,0.0,0.1892661,0.5274083,0
data/raw/deepdrid/deepdrid/regular-fundus-training/Images/133/133_r2.jpg,0.0,1.9779651,0.7589433,0
data/raw/deepdrid/deepdrid/regular-fundus-training/Images/134/134_l1.jpg,1.0,6.9890985,0.9829185,1
data/raw/deepdrid/deepdrid/regular-fundus-training/Images/134/134_l2.jpg,1.0,-0.020093974,0.49708727,1
data/raw/deepdrid/deepdrid/regular-fundus-training/Images/134/134_r1.jpg,1.0,4.2431026,0.92131156,1
data/raw/deepdrid/deepdrid/regular-fundus-training/Images/134/134_r2.jpg,1.0,9.592299,0.99617344,1
data/raw/deepdrid/deepdrid/regular-fundus-training/Images/135/135_l1.jpg,0.0,-4.1471605,0.08281713,1
data/raw/deepdrid/deepdrid/regular-fundus-training/Images/135/135_l2.jpg,0.0,7.955478,0.9901742,1
data/raw/deepdrid/deepdrid/regular-fundus-training/Images/135/135_r1.jpg,0.0,7.16467,0.9845463,0
data/raw/deepdrid/deepdrid/regular-fundus-training/Images/135/135_r2.jpg,0.0,7.07494,0.98373437,0
data/raw/deepdrid/deepdrid/regular-fundus-training/Images/136/136_l1.jpg,1.0,10.016433,0.9970053,1
data/raw/deepdrid/deepdrid/regular-fundus-training/Images/136/136_l2.jpg,1.0,9.970399,0.99692446,1
data/raw/deepdrid/deepdrid/regular-fundus-training/Images/136/136_r1.jpg,1.0,9.819417,0.996644,1
data/raw/deepdrid/deepdrid/regular-fundus-training/Images/136/136_r2.jpg,1.0,8.059373,0.99074334,1
data/raw/deepdrid/deepdrid/regular-fundus-training/Images/137/137_l1.jpg,0.0,-4.354524,0.07413034,0
data/raw/deepdrid/deepdrid/regular-fundus-training/Images/137/137_l2.jpg,0.0,8.078029,0.990842,0
data/raw/deepdrid/deepdrid/regular-fundus-training/Images/137/137_r1.jpg,0.0,8.543912,0.9929947,0
data/raw/deepdrid/deepdrid/regular-fundus-training/Images/137/137_r2.jpg,0.0,2.6424558,0.8223266,0
data/raw/deepdrid/deepdrid/regular-fundus-training/Images/138/138_l1.jpg,1.0,8.16764,0.9913017,1
data/raw/deepdrid/deepdrid/regular-fundus-training/Images/138/138_l2.jpg,1.0,1.3245654,0.6830947,1
data/raw/deepdrid/deepdrid/regular-fundus-training/Images/138/138_r1.jpg,1.0,7.093546,0.9839061,1
data/raw/deepdrid/deepdrid/regular-fundus-training/Images/138/138_r2.jpg,1.0,2.412388,0.80199164,1
data/raw/deepdrid/deepdrid/regular-fundus-training/Images/139/139_l1.jpg,1.0,2.5582895,0.81508374,0
data/raw/deepdrid/deepdrid/regular-fundus-training/Images/139/139_l2.jpg,1.0,3.2984667,0.87130743,0
data/raw/deepdrid/deepdrid/regular-fundus-training/Images/139/139_r1.jpg,0.0,3.190293,0.86410904,0
data/raw/deepdrid/deepdrid/regular-fundus-training/Images/139/139_r2.jpg,0.0,9.462876,0.99587643,0
data/raw/deepdrid/deepdrid/regular-fundus-training/Images/140/140_l1.jpg,1.0,8.8135605,0.99400264,1
data/raw/deepdrid/deepdrid/regular-fundus-training/Images/140/140_l2.jpg,1.0,2.1532004,0.77704054,1
data/raw/deepdrid/deepdrid/regular-fundus-training/Images/140/140_r1.jpg,0.0,9.099046,0.99491286,1
data/raw/deepdrid/deepdrid/regular-fundus-training/Images/140/140_r2.jpg,0.0,-6.606982,0.021228276,1
data/raw/deepdrid/deepdrid/regular-fundus-training/Images/141/141_l1.jpg,0.0,-4.4840226,0.069138646,1
data/raw/deepdrid/deepdrid/regular-fundus-training/Images/141/141_l2.jpg,0.0,-6.276209,0.02560148,1
data/raw/deepdrid/deepdrid/regular-fundus-training/Images/141/141_r1.jpg,1.0,4.4476595,0.92949206,1
data/raw/deepdrid/deepdrid/regular-fundus-training/Images/141/141_r2.jpg,1.0,0.9335329,0.6321138,1
data/raw/deepdrid/deepdrid/regular-fundus-training/Images/142/142_l1.jpg,1.0,5.171818,0.9525201,1
data/raw/deepdrid/deepdrid/regular-fundus-training/Images/142/142_l2.jpg,1.0,-7.526809,0.012563546,1
data/raw/deepdrid/deepdrid/regular-fundus-training/Images/142/142_r1.jpg,0.0,7.5046124,0.9872758,1
data/raw/deepdrid/deepdrid/regular-fundus-training/Images/142/142_r2.jpg,0.0,4.7736044,0.94091666,1
data/raw/deepdrid/deepdrid/regular-fundus-training/Images/143/143_l1.jpg,1.0,3.333955,0.8735972,0
data/raw/deepdrid/deepdrid/regular-fundus-training/Images/143/143_l2.jpg,1.0,-1.1735868,0.33615252,0
data/raw/deepdrid/deepdrid/regular-fundus-training/Images/143/143_r1.jpg,1.0,7.899738,0.98985475,0
data/raw/deepdrid/deepdrid/regular-fundus-training/Images/143/143_r2.jpg,1.0,9.514802,0.99599826,0
data/raw/deepdrid/deepdrid/regular-fundus-training/Images/144/144_l1.jpg,1.0,5.8636727,0.96770346,1
data/raw/deepdrid/deepdrid/regular-fundus-training/Images/144/144_l2.jpg,1.0,1.676188,0.7255008,1
data/raw/deepdrid/deepdrid/regular-fundus-training/Images/144/144_r1.jpg,1.0,4.3176723,0.92438966,1
data/raw/deepdrid/deepdrid/regular-fundus-training/Images/144/144_r2.jpg,1.0,0.7165426,0.6024004,1
data/raw/deepdrid/deepdrid/regular-fundus-training/Images/145/145_l1.jpg,1.0,8.674509,0.9935023,1
data/raw/deepdrid/deepdrid/regular-fundus-training/Images/145/145_l2.jpg,1.0,7.2964783,0.98566705,1
data/raw/deepdrid/deepdrid/regular-fundus-training/Images/145/145_r1.jpg,0.0,5.427515,0.9587929,1
data/raw/deepdrid/deepdrid/regular-fundus-training/Images/145/145_r2.jpg,0.0,3.2017744,0.86488885,1
data/raw/deepdrid/deepdrid/regular-fundus-training/Images/146/146_l1.jpg,0.0,1.552709,0.71101445,1
data/raw/deepdrid/deepdrid/regular-fundus-training/Images/146/146_l2.jpg,0.0,1.9375758,0.75463283,1
data/raw/deepdrid/deepdrid/regular-fundus-training/Images/146/146_r1.jpg,0.0,6.4032674,0.9761736,1
data/raw/deepdrid/deepdrid/regular-fundus-training/Images/146/146_r2.jpg,0.0,1.3815236,0.6902005,1
data/raw/deepdrid/deepdrid/regular-fundus-training/Images/147/147_l1.jpg,1.0,7.816215,0.9893567,0
data/raw/deepdrid/deepdrid/regular-fundus-training/Images/147/147_l2.jpg,1.0,9.820568,0.9966462,0
data/raw/deepdrid/deepdrid/regular-fundus-training/Images/147/147_r1.jpg,1.0,5.751684,0.9656113,0
data/raw/deepdrid/deepdrid/regular-fundus-training/Images/147/147_r2.jpg,1.0,8.684764,0.9935406,0
data/raw/deepdrid/deepdrid/regular-fundus-training/Images/148/148_l1.jpg,1.0,9.404315,0.99573463,0
data/raw/deepdrid/deepdrid/regular-fundus-training/Images/148/148_l2.jpg,1.0,9.454527,0.9958566,0
data/raw/deepdrid/deepdrid/regular-fundus-training/Images/148/148_r1.jpg,1.0,8.474712,0.99271,1
data/raw/deepdrid/deepdrid/regular-fundus-training/Images/148/148_r2.jpg,1.0,8.029725,0.9905844,1
data/raw/deepdrid/deepdrid/regular-fundus-training/Images/149/149_l1.jpg,0.0,9.7853,0.9965772,0
data/raw/deepdrid/deepdrid/regular-fundus-training/Images/149/149_l2.jpg,0.0,6.3811817,0.9758739,0
data/raw/deepdrid/deepdrid/regular-fundus-training/Images/149/149_r1.jpg,1.0,9.830882,0.99666613,1
data/raw/deepdrid/deepdrid/regular-fundus-training/Images/149/149_r2.jpg,1.0,4.524879,0.9323706,1
data/raw/deepdrid/deepdrid/regular-fundus-training/Images/150/150_l1.jpg,0.0,-1.8760568,0.2520319,0
data/raw/deepdrid/deepdrid/regular-fundus-training/Images/150/150_l2.jpg,0.0,-4.748508,0.059897475,0
data/raw/deepdrid/deepdrid/regular-fundus-training/Images/150/150_r1.jpg,0.0,0.16815265,0.52435595,0
data/raw/deepdrid/deepdrid/regular-fundus-training/Images/150/150_r2.jpg,0.0,-7.093617,0.01609323,0
data/raw/deepdrid/deepdrid/regular-fundus-training/Images/151/151_l1.jpg,1.0,10.02047,0.99701214,0
data/raw/deepdrid/deepdrid/regular-fundus-training/Images/151/151_l2.jpg,1.0,9.980647,0.9969426,0
data/raw/deepdrid/deepdrid/regular-fundus-training/Images/151/151_r1.jpg,1.0,9.775775,0.99655825,0
data/raw/deepdrid/deepdrid/regular-fundus-training/Images/151/151_r2.jpg,1.0,9.756931,0.99652064,0
data/raw/deepdrid/deepdrid/regular-fundus-training/Images/152/152_l1.jpg,1.0,8.465491,0.99267125,0
data/raw/deepdrid/deepdrid/regular-fundus-training/Images/152/152_l2.jpg,1.0,2.120121,0.7736999,0
data/raw/deepdrid/deepdrid/regular-fundus-training/Images/152/152_r1.jpg,1.0,4.5694394,0.9339817,0
data/raw/deepdrid/deepdrid/regular-fundus-training/Images/152/152_r2.jpg,1.0,8.642697,0.9933822,0
data/raw/deepdrid/deepdrid/regular-fundus-training/Images/153/153_l1.jpg,1.0,9.599269,0.9961888,0
data/raw/deepdrid/deepdrid/regular-fundus-training/Images/153/153_l2.jpg,1.0,8.997341,0.9946056,0
data/raw/deepdrid/deepdrid/regular-fundus-training/Images/153/153_r1.jpg,1.0,9.515081,0.995999,0
data/raw/deepdrid/deepdrid/regular-fundus-training/Images/153/153_r2.jpg,1.0,9.617947,0.9962297,0
data/raw/deepdrid/deepdrid/regular-fundus-training/Images/154/154_l1.jpg,1.0,8.993417,0.9945933,1
data/raw/deepdrid/deepdrid/regular-fundus-training/Images/154/154_l2.jpg,1.0,8.919728,0.9943587,1
data/raw/deepdrid/deepdrid/regular-fundus-training/Images/154/154_r1.jpg,1.0,5.7257323,0.96510804,0
data/raw/deepdrid/deepdrid/regular-fundus-training/Images/154/154_r2.jpg,1.0,0.3031438,0.54383063,0
data/raw/deepdrid/deepdrid/regular-fundus-training/Images/155/155_l1.jpg,1.0,8.601039,0.9932214,1
data/raw/deepdrid/deepdrid/regular-fundus-training/Images/155/155_l2.jpg,1.0,9.233217,0.99529195,1
data/raw/deepdrid/deepdrid/regular-fundus-training/Images/155/155_r1.jpg,1.0,6.7477636,0.9804032,1
data/raw/deepdrid/deepdrid/regular-fundus-training/Images/155/155_r2.jpg,1.0,-0.018365342,0.49733776,1
data/raw/deepdrid/deepdrid/regular-fundus-training/Images/156/156_l1.jpg,1.0,9.519667,0.99600947,0
data/raw/deepdrid/deepdrid/regular-fundus-training/Images/156/156_l2.jpg,1.0,9.358305,0.99561983,0
data/raw/deepdrid/deepdrid/regular-fundus-training/Images/156/156_r1.jpg,1.0,2.6335747,0.82157296,0
data/raw/deepdrid/deepdrid/regular-fundus-training/Images/156/156_r2.jpg,1.0,7.4686847,0.98701143,0
data/raw/deepdrid/deepdrid/regular-fundus-training/Images/157/157_l1.jpg,0.0,0.7857512,0.61197144,0
data/raw/deepdrid/deepdrid/regular-fundus-training/Images/157/157_l2.jpg,0.0,1.9312471,0.75395274,0
data/raw/deepdrid/deepdrid/regular-fundus-training/Images/157/157_r1.jpg,0.0,-5.6354365,0.03669861,1
data/raw/deepdrid/deepdrid/regular-fundus-training/Images/157/157_r2.jpg,0.0,4.2815394,0.92291224,1
data/raw/deepdrid/deepdrid/regular-fundus-training/Images/158/158_l1.jpg,1.0,9.279099,0.99541485,0
data/raw/deepdrid/deepdrid/regular-fundus-training/Images/158/158_l2.jpg,1.0,9.046321,0.99475586,0
data/raw/deepdrid/deepdrid/regular-fundus-training/Images/158/158_r1.jpg,1.0,9.163717,0.99509925,0
data/raw/deepdrid/deepdrid/regular-fundus-training/Images/158/158_r2.jpg,1.0,9.633825,0.99626416,0
data/raw/deepdrid/deepdrid/regular-fundus-training/Images/159/159_l1.jpg,0.0,3.8882883,0.90504384,1
data/raw/deepdrid/deepdrid/regular-fundus-training/Images/159/159_l2.jpg,0.0,-0.5083277,0.4268422,1
data/raw/deepdrid/deepdrid/regular-fundus-training/Images/159/159_r1.jpg,0.0,5.017795,0.94831383,0
data/raw/deepdrid/deepdrid/regular-fundus-training/Images/159/159_r2.jpg,0.0,1.170118,0.6633985,0
data/raw/deepdrid/deepdrid/regular-fundus-training/Images/160/160_l1.jpg,0.0,6.554257,0.9781271,0
data/raw/deepdrid/deepdrid/regular-fundus-training/Images/160/160_l2.jpg,0.0,3.2657876,0.86916775,0
data/raw/deepdrid/deepdrid/regular-fundus-training/Images/160/160_r1.jpg,0.0,0.40276834,0.55812097,0
data/raw/deepdrid/deepdrid/regular-fundus-training/Images/160/160_r2.jpg,0.0,7.075833,0.9837427,0
data/raw/deepdrid/deepdrid/regular-fundus-training/Images/161/161_l1.jpg,0.0,2.9078343,0.84370613,0
data/raw/deepdrid/deepdrid/regular-fundus-training/Images/161/161_l2.jpg,0.0,-7.573932,0.012229052,0
data/raw/deepdrid/deepdrid/regular-fundus-training/Images/161/161_r1.jpg,1.0,-7.9902387,0.009631619,1
data/raw/deepdrid/deepdrid/regular-fundus-training/Images/161/161_r2.jpg,1.0,-5.2471786,0.045542315,1
data/raw/deepdrid/deepdrid/regular-fundus-training/Images/162/162_l1.jpg,0.0,2.9643815,0.84798115,0
data/raw/deepdrid/deepdrid/regular-fundus-training/Images/162/162_l2.jpg,0.0,7.4868774,0.9871459,0
data/raw/deepdrid/deepdrid/regular-fundus-training/Images/162/162_r1.jpg,0.0,2.2743678,0.7889753,1
data/raw/deepdrid/deepdrid/regular-fundus-training/Images/162/162_r2.jpg,0.0,-1.5095576,0.29415363,1
data/raw/deepdrid/deepdrid/regular-fundus-training/Images/163/163_l1.jpg,0.0,0.04872765,0.50706303,0
data/raw/deepdrid/deepdrid/regular-fundus-training/Images/163/163_l2.jpg,0.0,7.0462728,0.9834662,0
data/raw/deepdrid/deepdrid/regular-fundus-training/Images/163/163_r1.jpg,0.0,-3.4894607,0.11677676,1
data/raw/deepdrid/deepdrid/regular-fundus-training/Images/163/163_r2.jpg,0.0,6.4281297,0.97650653,1
data/raw/deepdrid/deepdrid/regular-fundus-training/Images/164/164_r1.jpg,0.0,4.3720584,0.92656446,1
data/raw/deepdrid/deepdrid/regular-fundus-training/Images/165/165_l1.jpg,0.0,-3.9457335,0.09213194,1
data/raw/deepdrid/deepdrid/regular-fundus-training/Images/165/165_l2.jpg,0.0,1.1109405,0.6556939,1
data/raw/deepdrid/deepdrid/regular-fundus-training/Images/165/165_r1.jpg,0.0,-2.9281094,0.15474989,0
data/raw/deepdrid/deepdrid/regular-fundus-training/Images/165/165_r2.jpg,0.0,6.6935415,0.97978985,0
data/raw/deepdrid/deepdrid/regular-fundus-training/Images/166/166_l1.jpg,0.0,-0.85196763,0.37895143,0
data/raw/deepdrid/deepdrid/regular-fundus-training/Images/166/166_l2.jpg,0.0,4.7613378,0.94052,0
data/raw/deepdrid/deepdrid/regular-fundus-training/Images/166/166_r1.jpg,0.0,-3.2812545,0.12981577,0
data/raw/deepdrid/deepdrid/regular-fundus-training/Images/166/166_r2.jpg,0.0,0.086930566,0.5125987,0
data/raw/deepdrid/deepdrid/regular-fundus-training/Images/167/167_l2.jpg,1.0,-0.35752445,0.44835845,0
data/raw/deepdrid/deepdrid/regular-fundus-training/Images/167/167_r2.jpg,1.0,8.751187,0.9937831,1
data/raw/deepdrid/deepdrid/regular-fundus-training/Images/168/168_l1.jpg,1.0,5.09402,0.95043784,0
data/raw/deepdrid/deepdrid/regular-fundus-training/Images/168/168_l2.jpg,1.0,4.9053106,0.9450219,0
data/raw/deepdrid/deepdrid/regular-fundus-training/Images/168/168_r1.jpg,1.0,9.796984,0.9966002,1
data/raw/deepdrid/deepdrid/regular-fundus-training/Images/168/168_r2.jpg,1.0,9.615012,0.99622333,1
data/raw/deepdrid/deepdrid/regular-fundus-training/Images/169/169_l1.jpg,0.0,1.744677,0.73333824,0
data/raw/deepdrid/deepdrid/regular-fundus-training/Images/169/169_l2.jpg,0.0,3.4925544,0.8834081,0
data/raw/deepdrid/deepdrid/regular-fundus-training/Images/169/169_r1.jpg,0.0,-1.471252,0.29878622,0
data/raw/deepdrid/deepdrid/regular-fundus-training/Images/169/169_r2.jpg,0.0,-4.8025665,0.0581566,0
data/raw/deepdrid/deepdrid/regular-fundus-training/Images/170/170_l1.jpg,1.0,9.929498,0.9968509,0
data/raw/deepdrid/deepdrid/regular-fundus-training/Images/170/170_l2.jpg,1.0,6.1408086,0.9723653,0
data/raw/deepdrid/deepdrid/regular-fundus-training/Images/170/170_r1.jpg,0.0,9.487885,0.99593556,1
data/raw/deepdrid/deepdrid/regular-fundus-training/Images/170/170_r2.jpg,0.0,8.748887,0.9937749,1
data/raw/deepdrid/deepdrid/regular-fundus-training/Images/171/171_l1.jpg,1.0,0.33434534,0.5483151,1
data/raw/deepdrid/deepdrid/regular-fundus-training/Images/171/171_l2.jpg,1.0,4.2169566,0.9202055,1
data/raw/deepdrid/deepdrid/regular-fundus-training/Images/171/171_r1.jpg,0.0,1.7572306,0.7347592,1
data/raw/deepdrid/deepdrid/regular-fundus-training/Images/171/171_r2.jpg,0.0,1.649563,0.72241557,1
data/raw/deepdrid/deepdrid/regular-fundus-training/Images/172/172_l1.jpg,0.0,-0.78387636,0.38828677,1
data/raw/deepdrid/deepdrid/regular-fundus-training/Images/172/172_l2.jpg,0.0,2.6836474,0.8257894,1
data/raw/deepdrid/deepdrid/regular-fundus-training/Images/172/172_r1.jpg,0.0,6.4549074,0.97686005,1
data/raw/deepdrid/deepdrid/regular-fundus-training/Images/172/172_r2.jpg,0.0,4.791781,0.94149995,1
data/raw/deepdrid/deepdrid/regular-fundus-training/Images/173/173_l1.jpg,0.0,-0.45061785,0.435048,1
data/raw/deepdrid/deepdrid/regular-fundus-training/Images/173/173_l2.jpg,0.0,5.335722,0.95663804,1
data/raw/deepdrid/deepdrid/regular-fundus-training/Images/173/173_r1.jpg,0.0,3.8482094,0.9030278,0
data/raw/deepdrid/deepdrid/regular-fundus-training/Images/173/173_r2.jpg,0.0,-0.13199379,0.48087564,0
data/raw/deepdrid/deepdrid/regular-fundus-training/Images/174/174_l1.jpg,0.0,-6.3855033,0.024067225,0
data/raw/deepdrid/deepdrid/regular-fundus-training/Images/174/174_l2.jpg,0.0,-1.0808352,0.34825763,0
data/raw/deepdrid/deepdrid/regular-fundus-training/Images/174/174_r1.jpg,0.0,5.2346787,0.9541416,0
data/raw/deepdrid/deepdrid/regular-fundus-training/Images/174/174_r2.jpg,0.0,-0.24176227,0.4650117,0
data/raw/deepdrid/deepdrid/regular-fundus-training/Images/175/175_l1.jpg,1.0,5.250726,0.95454705,0
data/raw/deepdrid/deepdrid/regular-fundus-training/Images/175/175_l2.jpg,1.0,8.805812,0.9939758,0
data/raw/deepdrid/deepdrid/regular-fundus-training/Images/175/175_r1.jpg,1.0,4.244187,0.9213572,0
data/raw/deepdrid/deepdrid/regular-fundus-training/Images/175/175_r2.jpg,1.0,-0.37171128,0.44632477,0
data/raw/deepdrid/deepdrid/regular-fundus-training/Images/176/176_l1.jpg,0.0,5.2605996,0.95479476,0
data/raw/deepdrid/deepdrid/regular-fundus-training/Images/176/176_l2.jpg,0.0,-0.42500693,0.43870136,0
data/raw/deepdrid/deepdrid/regular-fundus-training/Images/176/176_r1.jpg,0.0,3.7933328,0.9002055,0
data/raw/deepdrid/deepdrid/regular-fundus-training/Images/176/176_r2.jpg,0.0,1.748597,0.7337825,0
data/raw/deepdrid/deepdrid/regular-fundus-training/Images/177/177_l1.jpg,1.0,3.249193,0.8680697,0
data/raw/deepdrid/deepdrid/regular-fundus-training/Images/177/177_l2.jpg,1.0,6.0770082,0.97135377,0
data/raw/deepdrid/deepdrid/regular-fundus-training/Images/177/177_r1.jpg,0.0,2.3818595,0.79916555,1
data/raw/deepdrid/deepdrid/regular-fundus-training/Images/177/177_r2.jpg,0.0,-5.505982,0.039446477,1
data/raw/deepdrid/deepdrid/regular-fundus-training/Images/178/178_l1.jpg,0.0,-7.8159432,0.010645001,0
data/raw/deepdrid/deepdrid/regular-fundus-training/Images/178/178_l2.jpg,0.0,-6.590338,0.021429729,0
data/raw/deepdrid/deepdrid/regular-fundus-training/Images/178/178_r1.jpg,0.0,-6.861515,0.018368993,0
data/raw/deepdrid/deepdrid/regular-fundus-training/Images/178/178_r2.jpg,0.0,-2.7025836,0.17263669,0
data/raw/deepdrid/deepdrid/regular-fundus-training/Images/179/179_l1.jpg,1.0,9.891421,0.99678075,0
data/raw/deepdrid/deepdrid/regular-fundus-training/Images/179/179_l2.jpg,1.0,9.538945,0.9960537,0
data/raw/deepdrid/deepdrid/regular-fundus-training/Images/179/179_r1.jpg,0.0,9.76789,0.99654263,0
data/raw/deepdrid/deepdrid/regular-fundus-training/Images/179/179_r2.jpg,0.0,9.869381,0.99673957,0
data/raw/deepdrid/deepdrid/regular-fundus-training/Images/180/180_l1.jpg,0.0,4.131674,0.9164982,1
data/raw/deepdrid/deepdrid/regular-fundus-training/Images/180/180_l2.jpg,0.0,2.350255,0.79620826,1
data/raw/deepdrid/deepdrid/regular-fundus-training/Images/180/180_r1.jpg,0.0,-1.9438041,0.24469906,0
data/raw/deepdrid/deepdrid/regular-fundus-training/Images/180/180_r2.jpg,0.0,6.2549505,0.9740892,0
data/raw/deepdrid/deepdrid/regular-fundus-training/Images/181/181_l1.jpg,1.0,3.3120573,0.8721885,1
data/raw/deepdrid/deepdrid/regular-fundus-training/Images/181/181_l2.jpg,1.0,9.581616,0.9961498,1
data/raw/deepdrid/deepdrid/regular-fundus-training/Images/181/181_r1.jpg,1.0,9.955898,0.99689853,1
data/raw/deepdrid/deepdrid/regular-fundus-training/Images/181/181_r2.jpg,1.0,9.561881,0.9961056,1
data/raw/deepdrid/deepdrid/regular-fundus-training/Images/182/182_l1.jpg,1.0,9.797984,0.9966022,0
data/raw/deepdrid/deepdrid/regular-fundus-training/Images/182/182_l2.jpg,1.0,5.7434783,0.9654529,0
data/raw/deepdrid/deepdrid/regular-fundus-training/Images/182/182_r1.jpg,1.0,7.626265,0.98813206,1
data/raw/deepdrid/deepdrid/regular-fundus-training/Images/182/182_r2.jpg,1.0,-2.2532454,0.21307106,1
data/raw/deepdrid/deepdrid/regular-fundus-training/Images/183/183_l1.jpg,0.0,-0.54410905,0.42177433,1
data/raw/deepdrid/deepdrid/regular-fundus-training/Images/183/183_l2.jpg,0.0,1.739027,0.73269707,1
data/raw/deepdrid/deepdrid/regular-fundus-training/Images/183/183_r1.jpg,0.0,-3.1979778,0.13536862,1
data/raw/deepdrid/deepdrid/regular-fundus-training/Images/183/183_r2.jpg,0.0,-0.6950299,0.40059102,1
data/raw/deepdrid/deepdrid/regular-fundus-training/Images/184/184_l1.jpg,0.0,-1.0461745,0.35283306,0
data/raw/deepdrid/deepdrid/regular-fundus-training/Images/184/184_l2.jpg,0.0,7.835187,0.98947185,0
data/raw/deepdrid/deepdrid/regular-fundus-training/Images/184/184_r1.jpg,0.0,-0.992048,0.36003208,0
data/raw/deepdrid/deepdrid/regular-fundus-training/Images/184/184_r2.jpg,0.0,5.900347,0.96836156,0
data/raw/deepdrid/deepdrid/regular-fundus-training/Images/185/185_l1.jpg,0.0,-6.0799747,0.02859847,0
data/raw/deepdrid/deepdrid/regular-fundus-training/Images/185/185_l2.jpg,0.0,-5.321105,0.043714914,0
data/raw/deepdrid/deepdrid/regular-fundus-training/Images/185/185_r1.jpg,0.0,5.2273564,0.9539554,0
data/raw/deepdrid/deepdrid/regular-fundus-training/Images/185/185_r2.jpg,0.0,-7.5981755,0.0120604085,0
data/raw/deepdrid/deepdrid/regular-fundus-training/Images/186/186_l1.jpg,0.0,-1.0424184,0.35333052,1
data/raw/deepdrid/deepdrid/regular-fundus-training/Images/186/186_l2.jpg,0.0,6.645245,0.97922784,1
data/raw/deepdrid/deepdrid/regular-fundus-training/Images/186/186_r1.jpg,0.0,-4.35568,0.074084364,1
data/raw/deepdrid/deepdrid/regular-fundus-training/Images/186/186_r2.jpg,0.0,0.7645975,0.6090548,1
data/raw/deepdrid/deepdrid/regular-fundus-training/Images/187/187_l1.jpg,1.0,9.594224,0.9961777,0
data/raw/deepdrid/deepdrid/regular-fundus-training/Images/187/187_l2.jpg,1.0,7.60173,0.98796415,0
data/raw/deepdrid/deepdrid/regular-fundus-training/Images/187/187_r1.jpg,1.0,9.024826,0.9946904,1
data/raw/deepdrid/deepdrid/regular-fundus-training/Images/187/187_r2.jpg,1.0,8.282164,0.991856,1
data/raw/deepdrid/deepdrid/regular-fundus-training/Images/188/188_l1.jpg,0.0,2.50326,0.810226,1
data/raw/deepdrid/deepdrid/regular-fundus-training/Images/188/188_l2.jpg,0.0,-0.96812785,0.36323395,1
data/raw/deepdrid/deepdrid/regular-fundus-training/Images/188/188_r1.jpg,0.0,3.3367033,0.8737731,1
data/raw/deepdrid/deepdrid/regular-fundus-training/Images/188/188_r2.jpg,0.0,-0.07226117,0.4895266,1
data/raw/deepdrid/deepdrid/regular-fundus-training/Images/189/189_l1.jpg,0.0,-2.4211147,0.19720608,1
data/raw/deepdrid/deepdrid/regular-fundus-training/Images/189/189_l2.jpg,0.0,0.16070557,0.52327883,1
data/raw/deepdrid/deepdrid/regular-fundus-training/Images/189/189_r1.jpg,0.0,7.3893733,0.9864085,0
data/raw/deepdrid/deepdrid/regular-fundus-training/Images/189/189_r2.jpg,0.0,-4.8945556,0.055302937,0
data/raw/deepdrid/deepdrid/regular-fundus-training/Images/190/190_l1.jpg,1.0,9.12095,0.9949768,1
data/raw/deepdrid/deepdrid/regular-fundus-training/Images/190/190_l2.jpg,1.0,-0.017021019,0.4975327,1
data/raw/deepdrid/deepdrid/regular-fundus-training/Images/190/190_r1.jpg,1.0,9.132075,0.99500895,0
data/raw/deepdrid/deepdrid/regular-fundus-training/Images/190/190_r2.jpg,1.0,8.863239,0.9941719,0
data/raw/deepdrid/deepdrid/regular-fundus-training/Images/191/191_l1.jpg,1.0,9.432839,0.99580437,0
data/raw/deepdrid/deepdrid/regular-fundus-training/Images/191/191_l2.jpg,1.0,5.8560147,0.96756446,0
data/raw/deepdrid/deepdrid/regular-fundus-training/Images/191/191_r1.jpg,1.0,8.691593,0.993566,0
data/raw/deepdrid/deepdrid/regular-fundus-training/Images/191/191_r2.jpg,1.0,7.198732,0.9848439,0
data/raw/deepdrid/deepdrid/regular-fundus-training/Images/192/192_l1.jpg,0.0,-0.8717254,0.37625897,1
data/raw/deepdrid/deepdrid/regular-fundus-training/Images/192/192_l2.jpg,0.0,0.4185443,0.5603757,1
data/raw/deepdrid/deepdrid/regular-fundus-training/Images/192/192_r1.jpg,0.0,7.2754436,0.98549366,0
data/raw/deepdrid/deepdrid/regular-fundus-training/Images/192/192_r2.jpg,0.0,5.7772884,0.9661008,0
data/raw/deepdrid/deepdrid/regular-fundus-training/Images/193/193_l1.jpg,0.0,-5.629208,0.036826503,0
data/raw/deepdrid/deepdrid/regular-fundus-training/Images/193/193_l2.jpg,0.0,-3.3448868,0.12570447,0
data/raw/deepdrid/deepdrid/regular-fundus-training/Images/193/193_r1.jpg,0.0,-5.826733,0.032972664,0
data/raw/deepdrid/deepdrid/regular-fundus-training/Images/193/193_r2.jpg,0.0,-7.241408,0.014791119,0
data/raw/deepdrid/deepdrid/regular-fundus-training/Images/194/194_l1.jpg,0.0,4.9521694,0.9464167,1
data/raw/deepdrid/deepdrid/regular-fundus-training/Images/194/194_l2.jpg,0.0,-1.0804211,0.34831214,1
data/raw/deepdrid/deepdrid/regular-fundus-training/Images/194/194_r1.jpg,0.0,6.197491,0.97323483,0
data/raw/deepdrid/deepdrid/regular-fundus-training/Images/194/194_r2.jpg,0.0,3.0092008,0.851301,0
data/raw/deepdrid/deepdrid/regular-fundus-training/Images/195/195_l1.jpg,1.0,0.8494556,0.6207057,0
data/raw/deepdrid/deepdrid/regular-fundus-training/Images/195/195_l2.jpg,1.0,7.5127573,0.98733497,0
data/raw/deepdrid/deepdrid/regular-fundus-training/Images/195/195_r1.jpg,1.0,8.973714,0.9945315,0
data/raw/deepdrid/deepdrid/regular-fundus-training/Images/195/195_r2.jpg,1.0,9.92649,0.9968454,0
data/raw/deepdrid/deepdrid/regular-fundus-training/Images/196/196_l1.jpg,1.0,7.27863,0.98552006,1
data/raw/deepdrid/deepdrid/regular-fundus-training/Images/196/196_l2.jpg,1.0,9.326157,0.99553776,1
data/raw/deepdrid/deepdrid/regular-fundus-training/Images/196/196_r1.jpg,1.0,9.598004,0.9961861,1
data/raw/deepdrid/deepdrid/regular-fundus-training/Images/196/196_r2.jpg,1.0,8.518155,0.9928901,1
data/raw/deepdrid/deepdrid/regular-fundus-training/Images/197/197_l1.jpg,0.0,6.0796294,0.9713959,1
data/raw/deepdrid/deepdrid/regular-fundus-training/Images/197/197_l2.jpg,0.0,-4.529876,0.067446984,1
data/raw/deepdrid/deepdrid/regular-fundus-training/Images/197/197_r1.jpg,0.0,2.0358546,0.76503074,1
data/raw/deepdrid/deepdrid/regular-fundus-training/Images/197/197_r2.jpg,0.0,2.4653828,0.806826,1
data/raw/deepdrid/deepdrid/regular-fundus-training/Images/198/198_l1.jpg,1.0,6.8351984,0.9813539,1
data/raw/deepdrid/deepdrid/regular-fundus-training/Images/198/198_l2.jpg,1.0,3.6624756,0.8931791,1
data/raw/deepdrid/deepdrid/regular-fundus-training/Images/198/198_r1.jpg,1.0,8.899431,0.99429226,0
data/raw/deepdrid/deepdrid/regular-fundus-training/Images/198/198_r2.jpg,1.0,7.863087,0.98963904,0
data/raw/deepdrid/deepdrid/regular-fundus-training/Images/199/199_l1.jpg,1.0,6.407611,0.97623205,0
data/raw/deepdrid/deepdrid/regular-fundus-training/Images/199/199_l2.jpg,1.0,-2.269697,0.211476,0
data/raw/deepdrid/deepdrid/regular-fundus-training/Images/199/199_r1.jpg,0.0,2.1580806,0.7775304,0
data/raw/deepdrid/deepdrid/regular-fundus-training/Images/199/199_r2.jpg,0.0,8.5342245,0.99295557,0
data/raw/deepdrid/deepdrid/regular-fundus-training/Images/200/200_l1.jpg,1.0,9.795467,0.99659723,0
data/raw/deepdrid/deepdrid/regular-fundus-training/Images/200/200_l2.jpg,1.0,9.51217,0.99599224,0
data/raw/deepdrid/deepdrid/regular-fundus-training/Images/200/200_r1.jpg,1.0,9.8381,0.99668014,1
data/raw/deepdrid/deepdrid/regular-fundus-training/Images/200/200_r2.jpg,1.0,9.653518,0.9963064,1
data/raw/deepdrid/deepdrid/regular-fundus-training/Images/201/201_l1.jpg,0.0,6.161612,0.97268766,0
data/raw/deepdrid/deepdrid/regular-fundus-training/Images/201/201_l2.jpg,0.0,6.608896,0.9787948,0
data/raw/deepdrid/deepdrid/regular-fundus-training/Images/201/201_r1.jpg,1.0,9.064112,0.9948094,0
data/raw/deepdrid/deepdrid/regular-fundus-training/Images/201/201_r2.jpg,1.0,9.583232,0.9961533,0
data/raw/deepdrid/deepdrid/regular-fundus-training/Images/202/202_l1.jpg,1.0,6.858908,0.98160374,0
data/raw/deepdrid/deepdrid/regular-fundus-training/Images/202/202_l2.jpg,1.0,9.548221,0.9960748,0
data/raw/deepdrid/deepdrid/regular-fundus-training/Images/202/202_r1.jpg,1.0,4.4340563,0.9289734,0
data/raw/deepdrid/deepdrid/regular-fundus-training/Images/202/202_r2.jpg,1.0,8.988622,0.99457836,0
data/raw/deepdrid/deepdrid/regular-fundus-training/Images/203/203_l1.jpg,1.0,-5.465035,0.040355995,1
data/raw/deepdrid/deepdrid/regular-fundus-training/Images/203/203_l2.jpg,1.0,6.835401,0.98135597,1
data/raw/deepdrid/deepdrid/regular-fundus-training/Images/203/203_r1.jpg,0.0,8.228303,0.9915998,1
data/raw/deepdrid/deepdrid/regular-fundus-training/Images/203/203_r2.jpg,0.0,-8.057494,0.009266657,1
data/raw/deepdrid/deepdrid/regular-fundus-training/Images/204/204_l1.jpg,0.0,3.2104223,0.86547375,0
data/raw/deepdrid/deepdrid/regular-fundus-training/Images/204/204_l2.jpg,0.0,1.5655154,0.7125378,0
data/raw/deepdrid/deepdrid/regular-fundus-training/Images/204/204_r1.jpg,0.0,1.4962734,0.7042446,0
data/raw/deepdrid/deepdrid/regular-fundus-training/Images/204/204_r2.jpg,0.0,1.466917,0.7006869,0
data/raw/deepdrid/deepdrid/regular-fundus-training/Images/205/205_l1.jpg,0.0,5.871277,0.967841,0
data/raw/deepdrid/deepdrid/regular-fundus-training/Images/205/205_l2.jpg,0.0,9.162698,0.99509627,0
data/raw/deepdrid/deepdrid/regular-fundus-training/Images/205/205_r1.jpg,1.0,4.811273,0.94211936,0
data/raw/deepdrid/deepdrid/regular-fundus-training/Images/205/205_r2.jpg,1.0,1.7908558,0.7385416,0
data/raw/deepdrid/deepdrid/regular-fundus-training/Images/206/206_l1.jpg,0.0,-7.4023914,0.013490715,0
data/raw/deepdrid/deepdrid/regular-fundus-training/Images/206/206_l2.jpg,0.0,0.59442174,0.58532375,0
data/raw/deepdrid/deepdrid/regular-fundus-training/Images/206/206_r1.jpg,0.0,-7.4595885,0.013056381,0
data/raw/deepdrid/deepdrid/regular-fundus-training/Images/206/206_r2.jpg,0.0,2.442253,0.8047272,0
data/raw/deepdrid/deepdrid/regular-fundus-training/Images/207/207_l1.jpg,0.0,5.5008454,0.96044046,1
data/raw/deepdrid/deepdrid/regular-fundus-training/Images/207/207_l2.jpg,0.0,-1.9276301,0.2464365,1
data/raw/deepdrid/deepdrid/regular-fundus-training/Images/207/207_r1.jpg,0.0,0.7467041,0.6065816,1
data/raw/deepdrid/deepdrid/regular-fundus-training/Images/207/207_r2.jpg,0.0,-6.9840274,0.017130958,1
data/raw/deepdrid/deepdrid/regular-fundus-training/Images/208/208_l1.jpg,0.0,2.1138775,0.7730654,1
data/raw/deepdrid/deepdrid/regular-fundus-training/Images/208/208_l2.jpg,0.0,2.5904953,0.8178818,1
data/raw/deepdrid/deepdrid/regular-fundus-training/Images/208/208_r1.jpg,0.0,8.208146,0.9915019,1
data/raw/deepdrid/deepdrid/regular-fundus-training/Images/208/208_r2.jpg,0.0,3.9479156,0.90797377,1
data/raw/deepdrid/deepdrid/regular-fundus-training/Images/209/209_l1.jpg,1.0,8.645915,0.99339443,1
data/raw/deepdrid/deepdrid/regular-fundus-training/Images/209/209_l2.jpg,1.0,8.220083,0.99156004,1
data/raw/deepdrid/deepdrid/regular-fundus-training/Images/209/209_r1.jpg,1.0,8.646873,0.9933981,0
data/raw/deepdrid/deepdrid/regular-fundus-training/Images/209/209_r2.jpg,1.0,6.4121866,0.97629356,0
data/raw/deepdrid/deepdrid/regular-fundus-training/Images/210/210_l1.jpg,0.0,6.655151,0.9793443,0
data/raw/deepdrid/deepdrid/regular-fundus-training/Images/210/210_l2.jpg,0.0,4.636683,0.9363455,0
data/raw/deepdrid/deepdrid/regular-fundus-training/Images/210/210_r1.jpg,0.0,-6.105244,0.02819423,0
data/raw/deepdrid/deepdrid/regular-fundus-training/Images/210/210_r2.jpg,0.0,8.326545,0.99206126,0
data/raw/deepdrid/deepdrid/regular-fundus-training/Images/211/211_l1.jpg,1.0,7.7109766,0.9886946,1
data/raw/deepdrid/deepdrid/regular-fundus-training/Images/211/211_l2.jpg,1.0,7.888901,0.9897914,1
data/raw/deepdrid/deepdrid/regular-fundus-training/Images/211/211_r1.jpg,1.0,9.711306,0.9964277,1
data/raw/deepdrid/deepdrid/regular-fundus-training/Images/211/211_r2.jpg,1.0,7.518688,0.98737794,1
data/raw/deepdrid/deepdrid/regular-fundus-training/Images/212/212_l1.jpg,0.0,3.1162007,0.85898495,1
data/raw/deepdrid/deepdrid/regular-fundus-training/Images/212/212_l2.jpg,0.0,6.7251077,0.9801491,1
data/raw/deepdrid/deepdrid/regular-fundus-training/Images/212/212_r1.jpg,0.0,1.6985887,0.72807986,0
data/raw/deepdrid/deepdrid/regular-fundus-training/Images/212/212_r2.jpg,0.0,7.2842183,0.98556626,0
data/raw/deepdrid/deepdrid/regular-fundus-training/Images/213/213_l1.jpg,0.0,6.737065,0.98028356,0
data/raw/deepdrid/deepdrid/regular-fundus-training/Images/213/213_l2.jpg,0.0,-3.8085067,0.099006884,0
data/raw/deepdrid/deepdrid/regular-fundus-training/Images/213/213_r1.jpg,0.0,6.125505,0.9721258,1
data/raw/deepdrid/deepdrid/regular-fundus-training/Images/213/213_r2.jpg,0.0,1.3087422,0.6811052,1
data/raw/deepdrid/deepdrid/regular-fundus-training/Images/214/214_l1.jpg,1.0,1.5119435,0.70613354,1
data/raw/deepdrid/deepdrid/regular-fundus-training/Images/214/214_l2.jpg,1.0,5.087441,0.95025784,1
data/raw/deepdrid/deepdrid/regular-fundus-training/Images/214/214_r1.jpg,0.0,1.2497543,0.67363065,0
data/raw/deepdrid/deepdrid/regular-fundus-training/Images/214/214_r2.jpg,0.0,7.319927,0.98585796,0
data/raw/deepdrid/deepdrid/regular-fundus-training/Images/215/215_l1.jpg,0.0,-0.6554745,0.4061106,1
data/raw/deepdrid/deepdrid/regular-fundus-training/Images/215/215_l2.jpg,0.0,1.9234043,0.75310814,1
data/raw/deepdrid/deepdrid/regular-fundus-training/Images/215/215_r1.jpg,0.0,2.7678976,0.8327057,1
data/raw/deepdrid/deepdrid/regular-fundus-training/Images/215/215_r2.jpg,0.0,1.2575048,0.6746179,1
data/raw/deepdrid/deepdrid/regular-fundus-training/Images/216/216_l1.jpg,1.0,8.798905,0.99395174,0
data/raw/deepdrid/deepdrid/regular-fundus-training/Images/216/216_l2.jpg,1.0,6.699466,0.97985786,0
data/raw/deepdrid/deepdrid/regular-fundus-training/Images/216/216_r1.jpg,1.0,8.029294,0.990582,1
data/raw/deepdrid/deepdrid/regular-fundus-training/Images/216/216_r2.jpg,1.0,-3.3454132,0.12567091,1
data/raw/deepdrid/deepdrid/regular-fundus-training/Images/217/217_l1.jpg,0.0,-0.74694145,0.39338553,0
data/raw/deepdrid/deepdrid/regular-fundus-training/Images/217/217_l2.jpg,0.0,-1.0233643,0.35585898,0
data/raw/deepdrid/deepdrid/regular-fundus-training/Images/217/217_r1.jpg,0.0,0.020437893,0.50296265,0
data/raw/deepdrid/deepdrid/regular-fundus-training/Images/217/217_r2.jpg,0.0,-4.3385167,0.074769914,0
data/raw/deepdrid/deepdrid/regular-fundus-training/Images/218/218_l1.jpg,0.0,8.039805,0.99063873,1
data/raw/deepdrid/deepdrid/regular-fundus-training/Images/218/218_l2.jpg,0.0,6.7243104,0.98014015,1
data/raw/deepdrid/deepdrid/regular-fundus-training/Images/218/218_r1.jpg,0.0,5.9514565,0.969257,0
data/raw/deepdrid/deepdrid/regular-fundus-training/Images/218/218_r2.jpg,0.0,2.8636293,0.8402964,0
data/raw/deepdrid/deepdrid/regular-fundus-training/Images/219/219_l1.jpg,1.0,9.308158,0.9954912,0
data/raw/deepdrid/deepdrid/regular-fundus-training/Images/219/219_l2.jpg,1.0,6.928674,0.98232025,0
data/raw/deepdrid/deepdrid/regular-fundus-training/Images/219/219_r1.jpg,1.0,2.5571358,0.8149829,0
data/raw/deepdrid/deepdrid/regular-fundus-training/Images/219/219_r2.jpg,1.0,9.778405,0.9965635,0
data/raw/deepdrid/deepdrid/regular-fundus-training/Images/220/220_l1.jpg,1.0,9.70651,0.99641776,1
data/raw/deepdrid/deepdrid/regular-fundus-training/Images/220/220_l2.jpg,1.0,9.761046,0.9965289,1
data/raw/deepdrid/deepdrid/regular-fundus-training/Images/220/220_r1.jpg,1.0,3.008292,0.8512343,1
data/raw/deepdrid/deepdrid/regular-fundus-training/Images/220/220_r2.jpg,1.0,7.2390504,0.98518896,1
data/raw/deepdrid/deepdrid/regular-fundus-training/Images/221/221_l1.jpg,1.0,10.038538,0.9970432,0
data/raw/deepdrid/deepdrid/regular-fundus-training/Images/221/221_l2.jpg,1.0,8.132644,0.9911249,0
data/raw/deepdrid/deepdrid/regular-fundus-training/Images/221/221_r1.jpg,1.0,1.7040921,0.7287112,0
data/raw/deepdrid/deepdrid/regular-fundus-training/Images/221/221_r2.jpg,1.0,9.789176,0.9965849,0
data/raw/deepdrid/deepdrid/regular-fundus-training/Images/222/222_l1.jpg,0.0,-0.9502763,0.36563146,1
data/raw/deepdrid/deepdrid/regular-fundus-training/Images/222/222_l2.jpg,0.0,1.4100316,0.6937238,1
data/raw/deepdrid/deepdrid/regular-fundus-training/Images/222/222_r1.jpg,0.0,5.0089917,0.9480632,0
data/raw/deepdrid/deepdrid/regular-fundus-training/Images/222/222_r2.jpg,0.0,4.9908075,0.94754153,0
data/raw/deepdrid/deepdrid/regular-fundus-training/Images/223/223_l1.jpg,0.0,4.7108026,0.93885946,0
data/raw/deepdrid/deepdrid/regular-fundus-training/Images/223/223_l2.jpg,0.0,-0.7190463,0.3972519,0
data/raw/deepdrid/deepdrid/regular-fundus-training/Images/223/223_r1.jpg,0.0,6.289818,0.97459465,0
data/raw/deepdrid/deepdrid/regular-fundus-training/Images/223/223_r2.jpg,0.0,-0.55846506,0.41974553,0
data/raw/deepdrid/deepdrid/regular-fundus-training/Images/224/224_l1.jpg,0.0,7.069403,0.98368293,1
data/raw/deepdrid/deepdrid/regular-fundus-training/Images/224/224_l2.jpg,0.0,7.506924,0.98729265,1
data/raw/deepdrid/deepdrid/regular-fundus-training/Images/224/224_r1.jpg,0.0,-2.948558,0.15320532,1
data/raw/deepdrid/deepdrid/regular-fundus-training/Images/224/224_r2.jpg,0.0,-0.96372485,0.36382467,1
data/raw/deepdrid/deepdrid/regular-fundus-training/Images/225/225_l1.jpg,0.0,-2.3292968,0.20577075,1
data/raw/deepdrid/deepdrid/regular-fundus-training/Images/225/225_l2.jpg,0.0,8.362386,0.9922233,1
data/raw/deepdrid/deepdrid/regular-fundus-training/Images/225/225_r1.jpg,0.0,6.590054,0.97856677,0
data/raw/deepdrid/deepdrid/regular-fundus-training/Images/225/225_r2.jpg,0.0,8.365996,0.99223936,0
data/raw/deepdrid/deepdrid/regular-fundus-training/Images/226/226_l1.jpg,0.0,-3.279978,0.12989941,1
data/raw/deepdrid/deepdrid/regular-fundus-training/Images/226/226_l2.jpg,0.0,-4.179811,0.08139041,1
data/raw/deepdrid/deepdrid/regular-fundus-training/Images/226/226_r1.jpg,0.0,2.1539958,0.7771205,0
data/raw/deepdrid/deepdrid/regular-fundus-training/Images/226/226_r2.jpg,0.0,0.05960471,0.5086394,0
data/raw/deepdrid/deepdrid/regular-fundus-training/Images/227/227_l1.jpg,0.0,3.7840176,0.89971924,0
data/raw/deepdrid/deepdrid/regular-fundus-training/Images/227/227_l2.jpg,0.0,8.408842,0.99242836,0
data/raw/deepdrid/deepdrid/regular-fundus-training/Images/227/227_r1.jpg,0.0,-7.6939435,0.011416391,0
data/raw/deepdrid/deepdrid/regular-fundus-training/Images/227/227_r2.jpg,0.0,-2.2503107,0.21335651,0
data/raw/deepdrid/deepdrid/regular-fundus-training/Images/228/228_l1.jpg,1.0,7.567959,0.9877291,1
data/raw/deepdrid/deepdrid/regular-fundus-training/Images/228/228_l2.jpg,1.0,3.5186806,0.8849594,1
data/raw/deepdrid/deepdrid/regular-fundus-training/Images/228/228_r1.jpg,1.0,4.331108,0.9249323,1
data/raw/deepdrid/deepdrid/regular-fundus-training/Images/228/228_r2.jpg,1.0,4.245523,0.92141324,1
data/raw/deepdrid/deepdrid/regular-fundus-training/Images/229/229_l1.jpg,0.0,0.5596307,0.5804191,1
data/raw/deepdrid/deepdrid/regular-fundus-training/Images/229/229_l2.jpg,0.0,2.2280629,0.7844703,1
data/raw/deepdrid/deepdrid/regular-fundus-training/Images/229/229_r1.jpg,0.0,-0.61207974,0.41219336,1
data/raw/deepdrid/deepdrid/regular-fundus-training/Images/229/229_r2.jpg,0.0,4.556979,0.93353474,1
data/raw/deepdrid/deepdrid/regular-fundus-training/Images/230/230_l1.jpg,0.0,7.550707,0.9876072,0
data/raw/deepdrid/deepdrid/regular-fundus-training/Images/230/230_l2.jpg,0.0,1.124564,0.65747505,0
data/raw/deepdrid/deepdrid/regular-fundus-training/Images/230/230_r1.jpg,0.0,4.3590612,0.92605007,0
data/raw/deepdrid/deepdrid/regular-fundus-training/Images/230/230_r2.jpg,0.0,7.3142915,0.9858123,0
data/raw/deepdrid/deepdrid/regular-fundus-training/Images/231/231_l1.jpg,0.0,8.938603,0.99441975,0
data/raw/deepdrid/deepdrid/regular-fundus-training/Images/231/231_l2.jpg,0.0,9.531142,0.9960359,0
data/raw/deepdrid/deepdrid/regular-fundus-training/Images/231/231_r1.jpg,0.0,4.0192056,0.91137004,0
data/raw/deepdrid/deepdrid/regular-fundus-training/Images/231/231_r2.jpg,0.0,8.88569,0.9942469,0
data/raw/deepdrid/deepdrid/regular-fundus-training/Images/232/232_l1.jpg,0.0,5.920563,0.9687187,0
data/raw/deepdrid/deepdrid/regular-fundus-training/Images/232/232_l2.jpg,0.0,4.3875504,0.9271733,0
data/raw/deepdrid/deepdrid/regular-fundus-training/Images/232/232_r1.jpg,0.0,5.426629,0.95877266,0
data/raw/deepdrid/deepdrid/regular-fundus-training/Images/232/232_r2.jpg,0.0,0.18957648,0.5274531,0
data/raw/deepdrid/deepdrid/regular-fundus-training/Images/233/233_l1.jpg,0.0,2.8480542,0.83908063,0
data/raw/deepdrid/deepdrid/regular-fundus-training/Images/233/233_l2.jpg,0.0,-2.6052332,0.18084882,0
data/raw/deepdrid/deepdrid/regular-fundus-training/Images/233/233_r1.jpg,0.0,2.11607,0.77328837,0
data/raw/deepdrid/deepdrid/regular-fundus-training/Images/233/233_r2.jpg,0.0,2.3783925,0.79884267,0
data/raw/deepdrid/deepdrid/regular-fundus-training/Images/234/234_l1.jpg,1.0,9.702057,0.9964085,0
data/raw/deepdrid/deepdrid/regular-fundus-training/Images/234/234_l2.jpg,1.0,9.309202,0.9954939,0
data/raw/deepdrid/deepdrid/regular-fundus-training/Images/234/234_r1.jpg,1.0,9.942048,0.9968736,0
data/raw/deepdrid/deepdrid/regular-fundus-training/Images/234/234_r2.jpg,1.0,9.63952,0.99627644,0
data/raw/deepdrid/deepdrid/regular-fundus-training/Images/235/235_l1.jpg,0.0,4.241011,0.92122364,1
data/raw/deepdrid/deepdrid/regular-fundus-training/Images/235/235_l2.jpg,0.0,3.0101547,0.851371,1
data/raw/deepdrid/deepdrid/regular-fundus-training/Images/235/235_r1.jpg,0.0,-4.426971,0.07129824,0
data/raw/deepdrid/deepdrid/regular-fundus-training/Images/235/235_r2.jpg,0.0,-5.9650664,0.030508729,0
data/raw/deepdrid/deepdrid/regular-fundus-training/Images/236/236_l1.jpg,1.0,9.731116,0.9964683,1
data/raw/deepdrid/deepdrid/regular-fundus-training/Images/236/236_l2.jpg,1.0,9.478715,0.99591404,1
data/raw/deepdrid/deepdrid/regular-fundus-training/Images/236/236_r1.jpg,1.0,9.635126,0.996267,0
data/raw/deepdrid/deepdrid/regular-fundus-training/Images/236/236_r2.jpg,1.0,8.158265,0.9912547,0
data/raw/deepdrid/deepdrid/regular-fundus-training/Images/237/237_l1.jpg,1.0,6.0009704,0.970101,0
data/raw/deepdrid/deepdrid/regular-fundus-training/Images/237/237_l2.jpg,1.0,7.498837,0.98723364,0
data/raw/deepdrid/deepdrid/regular-fundus-training/Images/237/237_r1.jpg,1.0,7.120466,0.9841515,0
data/raw/deepdrid/deepdrid/regular-fundus-training/Images/237/237_r2.jpg,1.0,9.764199,0.9965352,0
data/raw/deepdrid/deepdrid/regular-fundus-training/Images/238/238_l1.jpg,0.0,-2.8934565,0.15739638,0
data/raw/deepdrid/deepdrid/regular-fundus-training/Images/238/238_l2.jpg,0.0,0.3275923,0.54734516,0
data/raw/deepdrid/deepdrid/regular-fundus-training/Images/238/238_r1.jpg,0.0,-0.19565734,0.47166812,0
data/raw/deepdrid/deepdrid/regular-fundus-training/Images/238/238_r2.jpg,0.0,-1.1139947,0.34390643,0
data/raw/deepdrid/deepdrid/regular-fundus-training/Images/239/239_l1.jpg,1.0,8.582852,0.99315006,1
data/raw/deepdrid/deepdrid/regular-fundus-training/Images/239/239_l2.jpg,1.0,1.658864,0.7234958,1
data/raw/deepdrid/deepdrid/regular-fundus-training/Images/239/239_r1.jpg,1.0,7.8262143,0.9894175,1
data/raw/deepdrid/deepdrid/regular-fundus-training/Images/239/239_r2.jpg,1.0,7.3408017,0.98602563,1
data/raw/deepdrid/deepdrid/regular-fundus-training/Images/240/240_l1.jpg,0.0,2.823008,0.83711004,0
data/raw/deepdrid/deepdrid/regular-fundus-training/Images/240/240_l2.jpg,0.0,9.754361,0.9965154,0
data/raw/deepdrid/deepdrid/regular-fundus-training/Images/240/240_r1.jpg,0.0,3.1480765,0.8612089,1
data/raw/deepdrid/deepdrid/regular-fundus-training/Images/240/240_r2.jpg,0.0,6.2206435,0.9735824,1
data/raw/deepdrid/deepdrid/regular-fundus-training/Images/241/241_l1.jpg,0.0,3.7510111,0.89797914,0
data/raw/deepdrid/deepdrid/regular-fundus-training/Images/241/241_l2.jpg,0.0,7.181894,0.98469746,0
data/raw/deepdrid/deepdrid/regular-fundus-training/Images/241/241_r1.jpg,0.0,1.2520078,0.67391783,1
data/raw/deepdrid/deepdrid/regular-fundus-training/Images/241/241_r2.jpg,0.0,-7.72182,0.011235398,1
data/raw/deepdrid/deepdrid/regular-fundus-training/Images/242/242_l1.jpg,1.0,9.947387,0.9968832,0
data/raw/deepdrid/deepdrid/regular-fundus-training/Images/242/242_l2.jpg,1.0,9.347987,0.9955936,0
data/raw/deepdrid/deepdrid/regular-fundus-training/Images/242/242_r1.jpg,1.0,9.702035,0.9964085,0
data/raw/deepdrid/deepdrid/regular-fundus-training/Images/242/242_r2.jpg,1.0,9.784346,0.9965753,0
data/raw/deepdrid/deepdrid/regular-fundus-training/Images/243/243_l1.jpg,0.0,-0.49285895,0.42903802,1
data/raw/deepdrid/deepdrid/regular-fundus-training/Images/243/243_l2.jpg,0.0,-4.296142,0.07648752,1
data/raw/deepdrid/deepdrid/regular-fundus-training/Images/243/243_r1.jpg,1.0,9.6868725,0.99637693,1
data/raw/deepdrid/deepdrid/regular-fundus-training/Images/243/243_r2.jpg,1.0,7.993297,0.9903853,1
data/raw/deepdrid/deepdrid/regular-fundus-training/Images/244/244_l1.jpg,1.0,9.777084,0.9965609,1
data/raw/deepdrid/deepdrid/regular-fundus-training/Images/244/244_l2.jpg,1.0,9.859542,0.99672097,1
data/raw/deepdrid/deepdrid/regular-fundus-training/Images/244/244_r1.jpg,1.0,-0.01899739,0.4972462,0
data/raw/deepdrid/deepdrid/regular-fundus-training/Images/244/244_r2.jpg,1.0,9.398189,0.9957196,0
data/raw/deepdrid/deepdrid/regular-fundus-training/Images/245/245_l1.jpg,1.0,2.2683241,0.78839123,1
data/raw/deepdrid/deepdrid/regular-fundus-training/Images/245/245_l2.jpg,1.0,8.768054,0.9938433,1
data/raw/deepdrid/deepdrid/regular-fundus-training/Images/245/245_r1.jpg,1.0,7.7793164,0.989129,1
data/raw/deepdrid/deepdrid/regular-fundus-training/Images/245/245_r2.jpg,1.0,9.002931,0.99462295,1
data/raw/deepdrid/deepdrid/regular-fundus-training/Images/246/246_l1.jpg,1.0,9.947114,0.9968828,0
data/raw/deepdrid/deepdrid/regular-fundus-training/Images/246/246_l2.jpg,1.0,9.865092,0.9967314,0
data/raw/deepdrid/deepdrid/regular-fundus-training/Images/246/246_r1.jpg,1.0,9.939787,0.9968695,1
data/raw/deepdrid/deepdrid/regular-fundus-training/Images/246/246_r2.jpg,1.0,9.83495,0.99667394,1
data/raw/deepdrid/deepdrid/regular-fundus-training/Images/247/247_l1.jpg,0.0,-0.23390222,0.46614566,1
data/raw/deepdrid/deepdrid/regular-fundus-training/Images/247/247_l2.jpg,0.0,-5.445611,0.040794432,1
data/raw/deepdrid/deepdrid/regular-fundus-training/Images/247/247_r1.jpg,0.0,0.82905096,0.6179163,0
data/raw/deepdrid/deepdrid/regular-fundus-training/Images/247/247_r2.jpg,0.0,2.3671942,0.7977973,0
data/raw/deepdrid/deepdrid/regular-fundus-training/Images/248/248_l1.jpg,0.0,3.0119822,0.85150516,1
data/raw/deepdrid/deepdrid/regular-fundus-training/Images/248/248_l2.jpg,0.0,3.063547,0.8552461,1
data/raw/deepdrid/deepdrid/regular-fundus-training/Images/248/248_r1.jpg,0.0,3.2691891,0.86939186,1
data/raw/deepdrid/deepdrid/regular-fundus-training/Images/248/248_r2.jpg,0.0,3.4637864,0.881679,1
data/raw/deepdrid/deepdrid/regular-fundus-training/Images/249/249_l1.jpg,1.0,9.87186,0.99674416,1
data/raw/deepdrid/deepdrid/regular-fundus-training/Images/249/249_l2.jpg,1.0,9.679585,0.9963617,1
data/raw/deepdrid/deepdrid/regular-fundus-training/Images/249/249_r1.jpg,1.0,9.56409,0.9961106,1
data/raw/deepdrid/deepdrid/regular-fundus-training/Images/249/249_r2.jpg,1.0,9.479761,0.9959164,1
data/raw/deepdrid/deepdrid/regular-fundus-training/Images/250/250_l1.jpg,1.0,9.8594265,0.99672073,0
data/raw/deepdrid/deepdrid/regular-fundus-training/Images/250/250_l2.jpg,1.0,9.287337,0.9954367,0
data/raw/deepdrid/deepdrid/regular-fundus-training/Images/250/250_r1.jpg,1.0,8.045076,0.99066705,0
data/raw/deepdrid/deepdrid/regular-fundus-training/Images/250/250_r2.jpg,1.0,9.844057,0.99669147,0
data/raw/deepdrid/deepdrid/regular-fundus-training/Images/251/251_l1.jpg,0.0,3.1002185,0.85785866,0
data/raw/deepdrid/deepdrid/regular-fundus-training/Images/251/251_l2.jpg,0.0,-0.7048201,0.39922872,0
data/raw/deepdrid/deepdrid/regular-fundus-training/Images/251/251_r1.jpg,0.0,-2.853048,0.16052876,0
data/raw/deepdrid/deepdrid/regular-fundus-training/Images/251/251_r2.jpg,0.0,-0.6421532,0.40797496,0
data/raw/deepdrid/deepdrid/regular-fundus-training/Images/252/252_l1.jpg,0.0,-2.726484,0.17066623,1
data/raw/deepdrid/deepdrid/regular-fundus-training/Images/252/252_l2.jpg,0.0,-2.6624615,0.17598493,1
data/raw/deepdrid/deepdrid/regular-fundus-training/Images/252/252_r1.jpg,0.0,3.9771254,0.90937924,1
data/raw/deepdrid/deepdrid/regular-fundus-training/Images/252/252_r2.jpg,0.0,4.0554295,0.913052,1
data/raw/deepdrid/deepdrid/regular-fundus-training/Images/253/253_l1.jpg,0.0,-2.6771061,0.17475696,0
data/raw/deepdrid/deepdrid/regular-fundus-training/Images/253/253_l2.jpg,0.0,2.2404935,0.78568655,0
data/raw/deepdrid/deepdrid/regular-fundus-training/Images/253/253_r1.jpg,0.0,-0.7496188,0.39301515,1
data/raw/deepdrid/deepdrid/regular-fundus-training/Images/253/253_r2.jpg,0.0,6.242521,0.9739067,1
data/raw/deepdrid/deepdrid/regular-fundus-training/Images/254/254_l1.jpg,1.0,9.625012,0.9962451,1
data/raw/deepdrid/deepdrid/regular-fundus-training/Images/254/254_l2.jpg,1.0,9.456279,0.99586076,1
data/raw/deepdrid/deepdrid/regular-fundus-training/Images/254/254_r1.jpg,1.0,3.1699226,0.8627161,1
data/raw/deepdrid/deepdrid/regular-fundus-training/Images/254/254_r2.jpg,1.0,9.417861,0.99576795,1
data/raw/deepdrid/deepdrid/regular-fundus-training/Images/255/255_l1.jpg,1.0,8.0344305,0.9906097,1
data/raw/deepdrid/deepdrid/regular-fundus-training/Images/255/255_l2.jpg,1.0,3.59693,0.88949853,1
data/raw/deepdrid/deepdrid/regular-fundus-training/Images/255/255_r1.jpg,1.0,5.3138604,0.9561091,1
data/raw/deepdrid/deepdrid/regular-fundus-training/Images/255/255_r2.jpg,1.0,2.807308,0.83586496,1
data/raw/deepdrid/deepdrid/regular-fundus-training/Images/256/256_l1.jpg,0.0,2.167228,0.7784465,0
data/raw/deepdrid/deepdrid/regular-fundus-training/Images/256/256_l2.jpg,0.0,4.032977,0.9120129,0
data/raw/deepdrid/deepdrid/regular-fundus-training/Images/256/256_r1.jpg,0.0,5.5971694,0.9625088,0
data/raw/deepdrid/deepdrid/regular-fundus-training/Images/256/256_r2.jpg,0.0,7.64904,0.98828596,0
data/raw/deepdrid/deepdrid/regular-fundus-training/Images/257/257_l1.jpg,1.0,9.477696,0.9959116,1
data/raw/deepdrid/deepdrid/regular-fundus-training/Images/257/257_l2.jpg,1.0,9.9121275,0.99681914,1
data/raw/deepdrid/deepdrid/regular-fundus-training/Images/257/257_r1.jpg,1.0,9.283357,0.99542624,1
data/raw/deepdrid/deepdrid/regular-fundus-training/Images/257/257_r2.jpg,1.0,9.960473,0.9969068,1
data/raw/deepdrid/deepdrid/regular-fundus-training/Images/258/258_l1.jpg,1.0,9.765117,0.9965371,1
data/raw/deepdrid/deepdrid/regular-fundus-training/Images/258/258_l2.jpg,1.0,9.252194,0.9953432,1
data/raw/deepdrid/deepdrid/regular-fundus-training/Images/258/258_r1.jpg,1.0,9.899941,0.99679667,1
data/raw/deepdrid/deepdrid/regular-fundus-training/Images/258/258_r2.jpg,1.0,9.218991,0.9952531,1
data/raw/deepdrid/deepdrid/regular-fundus-training/Images/259/259_l1.jpg,1.0,9.908877,0.9968131,0
data/raw/deepdrid/deepdrid/regular-fundus-training/Images/259/259_l2.jpg,1.0,9.882856,0.9967648,0
data/raw/deepdrid/deepdrid/regular-fundus-training/Images/259/259_r1.jpg,1.0,9.480367,0.995918,0
data/raw/deepdrid/deepdrid/regular-fundus-training/Images/259/259_r2.jpg,1.0,9.573227,0.99613106,0
data/raw/deepdrid/deepdrid/regular-fundus-training/Images/260/260_l1.jpg,0.0,3.336119,0.8737357,1
data/raw/deepdrid/deepdrid/regular-fundus-training/Images/260/260_l2.jpg,0.0,6.0293546,0.9705748,1
data/raw/deepdrid/deepdrid/regular-fundus-training/Images/260/260_r1.jpg,0.0,1.4435562,0.6978384,0
data/raw/deepdrid/deepdrid/regular-fundus-training/Images/260/260_r2.jpg,0.0,8.467896,0.9926813,0
data/raw/deepdrid/deepdrid/regular-fundus-training/Images/261/261_l1.jpg,0.0,8.672756,0.9934957,0
data/raw/deepdrid/deepdrid/regular-fundus-training/Images/261/261_l2.jpg,0.0,4.664059,0.9372851,0
data/raw/deepdrid/deepdrid/regular-fundus-training/Images/261/261_r1.jpg,0.0,0.96632797,0.6365246,1
data/raw/deepdrid/deepdrid/regular-fundus-training/Images/261/261_r2.jpg,0.0,3.1585727,0.8619348,1
data/raw/deepdrid/deepdrid/regular-fundus-training/Images/262/262_l1.jpg,0.0,2.7436507,0.830738,0
data/raw/deepdrid/deepdrid/regular-fundus-training/Images/262/262_l2.jpg,0.0,1.0960897,0.65374726,0
data/raw/deepdrid/deepdrid/regular-fundus-training/Images/262/262_r1.jpg,0.0,0.9270742,0.6312425,0
data/raw/deepdrid/deepdrid/regular-fundus-training/Images/262/262_r2.jpg,0.0,6.726152,0.9801609,0
data/raw/deepdrid/deepdrid/regular-fundus-training/Images/263/263_l1.jpg,1.0,9.303973,0.9954803,1
data/raw/deepdrid/deepdrid/regular-fundus-training/Images/263/263_l2.jpg,1.0,9.430477,0.9957985,1
data/raw/deepdrid/deepdrid/regular-fundus-training/Images/263/263_r1.jpg,1.0,9.430974,0.99579984,1
data/raw/deepdrid/deepdrid/regular-fundus-training/Images/263/263_r2.jpg,1.0,9.975197,0.996933,1
data/raw/deepdrid/deepdrid/regular-fundus-training/Images/264/264_l1.jpg,0.0,2.978821,0.8490574,0
data/raw/deepdrid/deepdrid/regular-fundus-training/Images/264/264_l2.jpg,0.0,2.5824902,0.81718934,0
data/raw/deepdrid/deepdrid/regular-fundus-training/Images/264/264_r1.jpg,0.0,8.879836,0.9942274,0
data/raw/deepdrid/deepdrid/regular-fundus-training/Images/264/264_r2.jpg,0.0,9.633477,0.99626344,0
data/raw/deepdrid/deepdrid/regular-fundus-training/Images/266/266_l1.jpg,0.0,3.3826668,0.8766835,1
data/raw/deepdrid/deepdrid/regular-fundus-training/Images/266/266_l2.jpg,0.0,-1.7058185,0.27109095,1
data/raw/deepdrid/deepdrid/regular-fundus-training/Images/266/266_r1.jpg,0.0,-1.5999235,0.28339306,1
data/raw/deepdrid/deepdrid/regular-fundus-training/Images/266/266_r2.jpg,0.0,-2.0331595,0.23525031,1
data/raw/deepdrid/deepdrid/regular-fundus-training/Images/268/268_l1.jpg,0.0,5.214644,0.9536306,0
data/raw/deepdrid/deepdrid/regular-fundus-training/Images/268/268_l2.jpg,0.0,-0.9707001,0.36288908,0
data/raw/deepdrid/deepdrid/regular-fundus-training/Images/268/268_r1.jpg,0.0,-0.4647957,0.43302858,0
data/raw/deepdrid/deepdrid/regular-fundus-training/Images/268/268_r2.jpg,0.0,-0.7295012,0.3958013,0
data/raw/deepdrid/deepdrid/regular-fundus-training/Images/269/269_l1.jpg,0.0,6.3057427,0.9748223,1
data/raw/deepdrid/deepdrid/regular-fundus-training/Images/269/269_l2.jpg,0.0,5.6052084,0.9626767,1
data/raw/deepdrid/deepdrid/regular-fundus-training/Images/269/269_r1.jpg,0.0,0.27510038,0.5397939,0
data/raw/deepdrid/deepdrid/regular-fundus-training/Images/269/269_r2.jpg,0.0,5.627279,0.96313375,0
data/raw/deepdrid/deepdrid/regular-fundus-training/Images/270/270_l1.jpg,1.0,9.1764555,0.9951351,0
data/raw/deepdrid/deepdrid/regular-fundus-training/Images/270/270_l2.jpg,1.0,7.0167346,0.98318547,0
data/raw/deepdrid/deepdrid/regular-fundus-training/Images/270/270_r1.jpg,1.0,9.231706,0.9952878,0
data/raw/deepdrid/deepdrid/regular-fundus-training/Images/270/270_r2.jpg,1.0,9.189683,0.9951721,0
data/raw/deepdrid/deepdrid/regular-fundus-training/Images/271/271_l1.jpg,0.0,-0.47225204,0.43196738,0
data/raw/deepdrid/deepdrid/regular-fundus-training/Images/271/271_l2.jpg,0.0,2.9694583,0.8483603,0
data/raw/deepdrid/deepdrid/regular-fundus-training/Images/271/271_r1.jpg,0.0,-1.6594875,0.27643192,0
data/raw/deepdrid/deepdrid/regular-fundus-training/Images/271/271_r2.jpg,0.0,6.4349484,0.976597,0
data/raw/deepdrid/deepdrid/regular-fundus-training/Images/272/272_l1.jpg,0.0,-3.1490157,0.13872604,1
data/raw/deepdrid/deepdrid/regular-fundus-training/Images/272/272_l2.jpg,0.0,-8.248273,0.008304297,1
data/raw/deepdrid/deepdrid/regular-fundus-training/Images/272/272_r1.jpg,1.0,5.052918,0.9493031,1
data/raw/deepdrid/deepdrid/regular-fundus-training/Images/272/272_r2.jpg,1.0,-7.8929725,0.010184745,1
data/raw/deepdrid/deepdrid/regular-fundus-training/Images/273/273_l1.jpg,1.0,0.7116406,0.60171944,0
data/raw/deepdrid/deepdrid/regular-fundus-training/Images/273/273_l2.jpg,1.0,-0.986561,0.3607655,0
data/raw/deepdrid/deepdrid/regular-fundus-training/Images/273/273_r1.jpg,0.0,-1.821654,0.25802484,0
data/raw/deepdrid/deepdrid/regular-fundus-training/Images/273/273_r2.jpg,0.0,-0.17135744,0.47518063,0
data/raw/deepdrid/deepdrid/regular-fundus-training/Images/274/274_l1.jpg,1.0,7.853596,0.98958254,1
data/raw/deepdrid/deepdrid/regular-fundus-training/Images/274/274_l2.jpg,1.0,9.868905,0.9967386,1
data/raw/deepdrid/deepdrid/regular-fundus-training/Images/274/274_r1.jpg,1.0,1.9089776,0.75154954,1
data/raw/deepdrid/deepdrid/regular-fundus-training/Images/274/274_r2.jpg,1.0,7.6176686,0.9880735,1
data/raw/deepdrid/deepdrid/regular-fundus-training/Images/275/275_l1.jpg,0.0,1.226411,0.6706479,0
data/raw/deepdrid/deepdrid/regular-fundus-training/Images/275/275_l2.jpg,0.0,-4.654175,0.06305266,0
data/raw/deepdrid/deepdrid/regular-fundus-training/Images/275/275_r1.jpg,0.0,-0.4940281,0.42887193,0
data/raw/deepdrid/deepdrid/regular-fundus-training/Images/275/275_r2.jpg,0.0,-3.0579035,0.14515951,0
data/raw/deepdrid/deepdrid/regular-fundus-training/Images/276/276_l1.jpg,0.0,8.029314,0.9905821,1
data/raw/deepdrid/deepdrid/regular-fundus-training/Images/276/276_l2.jpg,0.0,6.5255265,0.9777679,1
data/raw/deepdrid/deepdrid/regular-fundus-training/Images/276/276_r1.jpg,1.0,1.9070643,0.7513423,1
data/raw/deepdrid/deepdrid/regular-fundus-training/Images/276/276_r2.jpg,1.0,0.9020664,0.6278608,1
data/raw/deepdrid/deepdrid/regular-fundus-training/Images/278/278_l1.jpg,0.0,1.7435977,0.7332158,1
data/raw/deepdrid/deepdrid/regular-fundus-training/Images/278/278_l2.jpg,0.0,0.3197533,0.54621875,1
data/raw/deepdrid/deepdrid/regular-fundus-training/Images/278/278_r1.jpg,0.0,-2.8070629,0.16415456,0
data/raw/deepdrid/deepdrid/regular-fundus-training/Images/278/278_r2.jpg,0.0,-1.5592562,0.28820613,0
data/raw/deepdrid/deepdrid/regular-fundus-training/Images/279/279_l1.jpg,1.0,9.820809,0.9966467,0
data/raw/deepdrid/deepdrid/regular-fundus-training/Images/279/279_l2.jpg,1.0,9.650374,0.9962997,0
data/raw/deepdrid/deepdrid/regular-fundus-training/Images/279/279_r1.jpg,1.0,9.593898,0.99617696,0
data/raw/deepdrid/deepdrid/regular-fundus-training/Images/279/279_r2.jpg,1.0,9.115724,0.9949616,0
data/raw/deepdrid/deepdrid/regular-fundus-training/Images/280/280_l1.jpg,0.0,6.3275247,0.9751304,1
data/raw/deepdrid/deepdrid/regular-fundus-training/Images/280/280_l2.jpg,0.0,6.6160173,0.97888035,1
data/raw/deepdrid/deepdrid/regular-fundus-training/Images/280/280_r1.jpg,0.0,1.7572154,0.73475754,1
data/raw/deepdrid/deepdrid/regular-fundus-training/Images/280/280_r2.jpg,0.0,7.2455974,0.9852443,1
data/raw/deepdrid/deepdrid/regular-fundus-training/Images/281/281_l1.jpg,0.0,2.8157244,0.83653337,1
data/raw/deepdrid/deepdrid/regular-fundus-training/Images/281/281_l2.jpg,0.0,-3.8472376,0.09702152,1
data/raw/deepdrid/deepdrid/regular-fundus-training/Images/281/281_r1.jpg,0.0,-1.289053,0.3213796,0
data/raw/deepdrid/deepdrid/regular-fundus-training/Images/281/281_r2.jpg,0.0,-4.276755,0.07728538,0
data/raw/deepdrid/deepdrid/regular-fundus-training/Images/282/282_l1.jpg,1.0,8.20036,0.9914637,1
data/raw/deepdrid/deepdrid/regular-fundus-training/Images/282/282_l2.jpg,1.0,-5.278387,0.044762153,1
data/raw/deepdrid/deepdrid/regular-fundus-training/Images/282/282_r1.jpg,0.0,-3.5173216,0.11512083,1
data/raw/deepdrid/deepdrid/regular-fundus-training/Images/282/282_r2.jpg,0.0,2.2962122,0.79107636,1
data/raw/deepdrid/deepdrid/regular-fundus-training/Images/283/283_l1.jpg,0.0,-2.0222065,0.23639481,1
data/raw/deepdrid/deepdrid/regular-fundus-training/Images/283/283_l2.jpg,0.0,-6.9882817,0.017089473,1
data/raw/deepdrid/deepdrid/regular-fundus-training/Images/283/283_r1.jpg,0.0,-2.5944116,0.18178022,1
data/raw/deepdrid/deepdrid/regular-fundus-training/Images/283/283_r2.jpg,0.0,-4.315228,0.07570946,1
data/raw/deepdrid/deepdrid/regular-fundus-training/Images/284/284_l1.jpg,1.0,3.439197,0.8801836,1
data/raw/deepdrid/deepdrid/regular-fundus-training/Images/284/284_l2.jpg,1.0,5.1800447,0.95273536,1
data/raw/deepdrid/deepdrid/regular-fundus-training/Images/284/284_r1.jpg,1.0,0.5517735,0.5793091,1
data/raw/deepdrid/deepdrid/regular-fundus-training/Images/284/284_r2.jpg,1.0,1.4458499,0.69811875,1
data/raw/deepdrid/deepdrid/regular-fundus-training/Images/285/285_l1.jpg,0.0,-2.2616146,0.21225855,0
data/raw/deepdrid/deepdrid/regular-fundus-training/Images/285/285_l2.jpg,0.0,-1.7256745,0.26882195,0
data/raw/deepdrid/deepdrid/regular-fundus-training/Images/285/285_r1.jpg,0.0,3.0072875,0.8511606,0
data/raw/deepdrid/deepdrid/regular-fundus-training/Images/285/285_r2.jpg,0.0,1.384102,0.6905201,0
data/raw/deepdrid/deepdrid/regular-fundus-training/Images/286/286_l1.jpg,0.0,5.2461705,0.95443225,1
data/raw/deepdrid/deepdrid/regular-fundus-training/Images/286/286_l2.jpg,0.0,-6.050219,0.029081702,1
data/raw/deepdrid/deepdrid/regular-fundus-training/Images/286/286_r1.jpg,0.0,6.0668955,0.9711901,1
data/raw/deepdrid/deepdrid/regular-fundus-training/Images/286/286_r2.jpg,0.0,-3.2970066,0.1287875,1
data/raw/deepdrid/deepdrid/regular-fundus-training/Images/287/287_l1.jpg,0.0,-0.3421133,0.45056963,1
data/raw/deepdrid/deepdrid/regular-fundus-training/Images/287/287_l2.jpg,0.0,-7.40727,0.013453123,1
data/raw/deepdrid/deepdrid/regular-fundus-training/Images/287/287_r1.jpg,0.0,6.699594,0.97985923,1
data/raw/deepdrid/deepdrid/regular-fundus-training/Images/287/287_r2.jpg,0.0,2.8506444,0.8392834,1
data/raw/deepdrid/deepdrid/regular-fundus-training/Images/288/288_l1.jpg,1.0,7.488407,0.98715717,1
data/raw/deepdrid/deepdrid/regular-fundus-training/Images/288/288_l2.jpg,1.0,1.2835562,0.6779249,1
data/raw/deepdrid/deepdrid/regular-fundus-training/Images/288/288_r1.jpg,1.0,5.824928,0.966994,1
data/raw/deepdrid/deepdrid/regular-fundus-training/Images/288/288_r2.jpg,1.0,5.4055505,0.95828694,1
data/raw/deepdrid/deepdrid/regular-fundus-training/Images/289/289_l1.jpg,1.0,7.5799947,0.98781335,1
data/raw/deepdrid/deepdrid/regular-fundus-training/Images/289/289_l2.jpg,1.0,4.144927,0.91708446,1
data/raw/deepdrid/deepdrid/regular-fundus-training/Images/289/289_r1.jpg,1.0,9.882024,0.9967632,1
data/raw/deepdrid/deepdrid/regular-fundus-training/Images/289/289_r2.jpg,1.0,0.04854964,0.5070373,1
data/raw/deepdrid/deepdrid/regular-fundus-training/Images/290/290_l1.jpg,1.0,9.932857,0.9968569,1
data/raw/deepdrid/deepdrid/regular-fundus-training/Images/290/290_l2.jpg,1.0,9.616397,0.9962263,1
data/raw/deepdrid/deepdrid/regular-fundus-training/Images/290/290_r1.jpg,1.0,8.941646,0.9944296,0
data/raw/deepdrid/deepdrid/regular-fundus-training/Images/290/290_r2.jpg,1.0,0.65909564,0.5943957,0
data/raw/deepdrid/deepdrid/regular-fundus-training/Images/291/291_l1.jpg,1.0,6.0106626,0.9702636,0
data/raw/deepdrid/deepdrid/regular-fundus-training/Images/291/291_l2.jpg,1.0,2.6974084,0.8269343,0
data/raw/deepdrid/deepdrid/regular-fundus-training/Images/291/291_r1.jpg,0.0,6.027313,0.9705409,0
data/raw/deepdrid/deepdrid/regular-fundus-training/Images/291/291_r2.jpg,0.0,3.2981703,0.87128824,0
data/raw/deepdrid/deepdrid/regular-fundus-training/Images/292/292_l1.jpg,0.0,7.9093823,0.98991066,1
data/raw/deepdrid/deepdrid/regular-fundus-training/Images/292/292_l2.jpg,0.0,0.43976516,0.5634047,1
data/raw/deepdrid/deepdrid/regular-fundus-training/Images/292/292_r1.jpg,1.0,8.053684,0.99071306,1
data/raw/deepdrid/deepdrid/regular-fundus-training/Images/292/292_r2.jpg,1.0,0.82181966,0.6169259,1
data/raw/deepdrid/deepdrid/regular-fundus-training/Images/293/293_l1.jpg,1.0,9.851318,0.99670535,1
data/raw/deepdrid/deepdrid/regular-fundus-training/Images/293/293_l2.jpg,1.0,9.931487,0.9968545,1
data/raw/deepdrid/deepdrid/regular-fundus-training/Images/293/293_r1.jpg,1.0,9.585258,0.9961578,1
data/raw/deepdrid/deepdrid/regular-fundus-training/Images/293/293_r2.jpg,1.0,9.736833,0.99648005,1
data/raw/deepdrid/deepdrid/regular-fundus-training/Images/295/295_l1.jpg,1.0,6.791979,0.9808897,0
data/raw/deepdrid/deepdrid/regular-fundus-training/Images/295/295_l2.jpg,1.0,0.7346,0.6049055,0
data/raw/deepdrid/deepdrid/regular-fundus-training/Images/295/295_r1.jpg,1.0,6.5755553,0.97838974,0
data/raw/deepdrid/deepdrid/regular-fundus-training/Images/295/295_r2.jpg,1.0,5.0367785,0.94885075,0
data/raw/deepdrid/deepdrid/regular-fundus-training/Images/297/297_l1.jpg,0.0,-1.2779282,0.32278806,0
data/raw/deepdrid/deepdrid/regular-fundus-training/Images/297/297_l2.jpg,0.0,-7.9417624,0.009903468,0
data/raw/deepdrid/deepdrid/regular-fundus-training/Images/297/297_r1.jpg,0.0,-4.36839,0.073580414,0
data/raw/deepdrid/deepdrid/regular-fundus-training/Images/297/297_r2.jpg,0.0,-8.030434,0.00941182,0
data/raw/deepdrid/deepdrid/regular-fundus-training/Images/302/302_l1.jpg,0.0,-1.192918,0.3336558,1
data/raw/deepdrid/deepdrid/regular-fundus-training/Images/302/302_l2.jpg,0.0,-8.093686,0.009075963,1
data/raw/deepdrid/deepdrid/regular-fundus-training/Images/302/302_r1.jpg,0.0,1.0372846,0.645989,1
data/raw/deepdrid/deepdrid/regular-fundus-training/Images/302/302_r2.jpg,0.0,-7.3538985,0.013870097,1
data/raw/deepdrid/deepdrid/regular-fundus-training/Images/308/308_l1.jpg,0.0,1.1866201,0.6655318,1
data/raw/deepdrid/deepdrid/regular-fundus-training/Images/308/308_l2.jpg,0.0,4.042187,0.91244054,1
data/raw/deepdrid/deepdrid/regular-fundus-training/Images/308/308_r1.jpg,0.0,-0.36945635,0.44664788,1
data/raw/deepdrid/deepdrid/regular-fundus-training/Images/308/308_r2.jpg,0.0,1.7693603,0.7361277,1
data/raw/deepdrid/deepdrid/regular-fundus-training/Images/312/312_l1.jpg,0.0,1.1760668,0.6641683,1
data/raw/deepdrid/deepdrid/regular-fundus-training/Images/312/312_l2.jpg,0.0,2.3155682,0.79292524,1
data/raw/deepdrid/deepdrid/regular-fundus-training/Images/312/312_r1.jpg,0.0,4.0624347,0.91337395,1
data/raw/deepdrid/deepdrid/regular-fundus-training/Images/312/312_r2.jpg,0.0,3.6494665,0.8924573,1
data/raw/deepdrid/deepdrid/regular-fundus-training/Images/313/313_l1.jpg,0.0,5.9938684,0.9699813,0
data/raw/deepdrid/deepdrid/regular-fundus-training/Images/313/313_l2.jpg,0.0,-5.635485,0.036697615,0
data/raw/deepdrid/deepdrid/regular-fundus-training/Images/313/313_r1.jpg,0.0,5.907888,0.96849525,0
data/raw/deepdrid/deepdrid/regular-fundus-training/Images/313/313_r2.jpg,0.0,0.63844585,0.59150577,0
data/raw/deepdrid/deepdrid/regular-fundus-training/Images/324/324_l1.jpg,0.0,-5.483572,0.039941784,0
data/raw/deepdrid/deepdrid/regular-fundus-training/Images/324/324_l2.jpg,0.0,-1.2579247,0.32532865,0
data/raw/deepdrid/deepdrid/regular-fundus-training/Images/324/324_r1.jpg,0.0,-2.100753,0.22827247,0
data/raw/deepdrid/deepdrid/regular-fundus-training/Images/324/324_r2.jpg,0.0,-1.634951,0.27928662,0
data/raw/deepdrid/deepdrid/regular-fundus-training/Images/327/327_l1.jpg,0.0,4.9746237,0.9470731,1
data/raw/deepdrid/deepdrid/regular-fundus-training/Images/327/327_l2.jpg,0.0,-0.69884944,0.40005937,1
data/raw/deepdrid/deepdrid/regular-fundus-training/Images/327/327_r1.jpg,0.0,3.351929,0.8747436,0
data/raw/deepdrid/deepdrid/regular-fundus-training/Images/327/327_r2.jpg,0.0,3.1107314,0.8586004,0
data/raw/deepdrid/deepdrid/regular-fundus-training/Images/329/329_l1.jpg,0.0,9.663755,0.9963282,0
data/raw/deepdrid/deepdrid/regular-fundus-training/Images/329/329_l2.jpg,0.0,3.3692186,0.87583786,0
data/raw/deepdrid/deepdrid/regular-fundus-training/Images/329/329_r1.jpg,0.0,5.5547194,0.9616105,1
data/raw/deepdrid/deepdrid/regular-fundus-training/Images/329/329_r2.jpg,0.0,-2.0339036,0.23517269,1
data/raw/deepdrid/deepdrid/regular-fundus-training/Images/330/330_l1.jpg,0.0,-4.109119,0.08450812,0
data/raw/deepdrid/deepdrid/regular-fundus-training/Images/330/330_l2.jpg,0.0,-4.1629605,0.08212391,0
data/raw/deepdrid/deepdrid/regular-fundus-training/Images/330/330_r1.jpg,0.0,0.12514526,0.518133,1
data/raw/deepdrid/deepdrid/regular-fundus-training/Images/330/330_r2.jpg,0.0,0.0013631987,0.5001976,1
data/raw/deepdrid/deepdrid/regular-fundus-validation/Images/265/265_l1.jpg,1.0,9.969516,0.9969229,0
data/raw/deepdrid/deepdrid/regular-fundus-validation/Images/265/265_l2.jpg,1.0,10.027568,0.9970245,0
data/raw/deepdrid/deepdrid/regular-fundus-validation/Images/265/265_r1.jpg,1.0,8.119213,0.9910562,1
data/raw/deepdrid/deepdrid/regular-fundus-validation/Images/265/265_r2.jpg,1.0,9.707966,0.99642074,1
data/raw/deepdrid/deepdrid/regular-fundus-validation/Images/267/267_l1.jpg,1.0,9.617737,0.99622923,1
data/raw/deepdrid/deepdrid/regular-fundus-validation/Images/267/267_l2.jpg,1.0,8.941852,0.9944301,1
data/raw/deepdrid/deepdrid/regular-fundus-validation/Images/267/267_r1.jpg,1.0,6.434874,0.9765961,1
data/raw/deepdrid/deepdrid/regular-fundus-validation/Images/267/267_r2.jpg,1.0,7.70984,0.98868716,1
data/raw/deepdrid/deepdrid/regular-fundus-validation/Images/277/277_l1.jpg,1.0,9.023311,0.99468577,1
data/raw/deepdrid/deepdrid/regular-fundus-validation/Images/277/277_l2.jpg,1.0,8.101712,0.99096584,1
data/raw/deepdrid/deepdrid/regular-fundus-validation/Images/277/277_r1.jpg,1.0,9.3974285,0.9957177,1
data/raw/deepdrid/deepdrid/regular-fundus-validation/Images/277/277_r2.jpg,1.0,8.261271,0.9917576,1
data/raw/deepdrid/deepdrid/regular-fundus-validation/Images/294/294_l1.jpg,1.0,8.514432,0.99287486,0
data/raw/deepdrid/deepdrid/regular-fundus-validation/Images/294/294_l2.jpg,1.0,9.52625,0.9960246,0
data/raw/deepdrid/deepdrid/regular-fundus-validation/Images/294/294_r1.jpg,1.0,2.3841934,0.7993826,1
data/raw/deepdrid/deepdrid/regular-fundus-validation/Images/294/294_r2.jpg,1.0,8.481285,0.9927376,1
data/raw/deepdrid/deepdrid/regular-fundus-validation/Images/296/296_l1.jpg,1.0,8.455172,0.99262756,1
data/raw/deepdrid/deepdrid/regular-fundus-validation/Images/296/296_l2.jpg,1.0,8.314898,0.99200785,1
data/raw/deepdrid/deepdrid/regular-fundus-validation/Images/296/296_r1.jpg,1.0,9.682012,0.99636674,0
data/raw/deepdrid/deepdrid/regular-fundus-validation/Images/296/296_r2.jpg,1.0,9.430957,0.9957997,0
data/raw/deepdrid/deepdrid/regular-fundus-validation/Images/298/298_l1.jpg,0.0,5.6204057,0.962992,1
data/raw/deepdrid/deepdrid/regular-fundus-validation/Images/298/298_l2.jpg,0.0,7.4041405,0.98652273,1
data/raw/deepdrid/deepdrid/regular-fundus-validation/Images/298/298_r1.jpg,0.0,7.6491513,0.9882867,0
data/raw/deepdrid/deepdrid/regular-fundus-validation/Images/298/298_r2.jpg,0.0,6.4138074,0.97631526,0
data/raw/deepdrid/deepdrid/regular-fundus-validation/Images/299/299_l1.jpg,1.0,9.822057,0.9966491,1
data/raw/deepdrid/deepdrid/regular-fundus-validation/Images/299/299_l2.jpg,1.0,9.632524,0.9962613,1
data/raw/deepdrid/deepdrid/regular-fundus-validation/Images/299/299_r1.jpg,1.0,5.823076,0.96695966,0
data/raw/deepdrid/deepdrid/regular-fundus-validation/Images/299/299_r2.jpg,1.0,-2.2108886,0.21721812,0
data/raw/deepdrid/deepdrid/regular-fundus-validation/Images/300/300_l1.jpg,1.0,9.854672,0.99671173,0
data/raw/deepdrid/deepdrid/regular-fundus-validation/Images/300/300_l2.jpg,1.0,9.380557,0.99567574,0
data/raw/deepdrid/deepdrid/regular-fundus-validation/Images/300/300_r1.jpg,1.0,9.451911,0.9958503,0
data/raw/deepdrid/deepdrid/regular-fundus-validation/Images/300/300_r2.jpg,1.0,9.540332,0.9960569,0
data/raw/deepdrid/deepdrid/regular-fundus-validation/Images/301/301_l1.jpg,1.0,8.782458,0.99389416,0
data/raw/deepdrid/deepdrid/regular-fundus-validation/Images/301/301_l2.jpg,1.0,5.7792053,0.96613723,0
data/raw/deepdrid/deepdrid/regular-fundus-validation/Images/301/301_r1.jpg,1.0,7.633592,0.98818177,0
data/raw/deepdrid/deepdrid/regular-fundus-validation/Images/301/301_r2.jpg,1.0,5.1617913,0.95225644,0
data/raw/deepdrid/deepdrid/regular-fundus-validation/Images/303/303_l1.jpg,1.0,10.015084,0.9970029,1
data/raw/deepdrid/deepdrid/regular-fundus-validation/Images/303/303_l2.jpg,1.0,9.8068695,0.9966196,1
data/raw/deepdrid/deepdrid/regular-fundus-validation/Images/303/303_r1.jpg,1.0,8.997407,0.99460584,0
data/raw/deepdrid/deepdrid/regular-fundus-validation/Images/303/303_r2.jpg,1.0,9.466117,0.9958841,0
data/raw/deepdrid/deepdrid/regular-fundus-validation/Images/304/304_l1.jpg,1.0,9.948239,0.99688476,0
data/raw/deepdrid/deepdrid/regular-fundus-validation/Images/304/304_l2.jpg,1.0,7.8298783,0.9894398,0
data/raw/deepdrid/deepdrid/regular-fundus-validation/Images/304/304_r1.jpg,1.0,9.848701,0.99670035,0
data/raw/deepdrid/deepdrid/regular-fundus-validation/Images/304/304_r2.jpg,1.0,7.0657263,0.98364866,0
data/raw/deepdrid/deepdrid/regular-fundus-validation/Images/305/305_l1.jpg,1.0,4.451626,0.92964256,0
data/raw/deepdrid/deepdrid/regular-fundus-validation/Images/305/305_l2.jpg,1.0,4.695151,0.9383365,0
data/raw/deepdrid/deepdrid/regular-fundus-validation/Images/305/305_r1.jpg,1.0,5.0554814,0.94937456,0
data/raw/deepdrid/deepdrid/regular-fundus-validation/Images/305/305_r2.jpg,1.0,4.233267,0.9208972,0
data/raw/deepdrid/deepdrid/regular-fundus-validation/Images/306/306_l1.jpg,1.0,9.86591,0.99673295,0
data/raw/deepdrid/deepdrid/regular-fundus-validation/Images/306/306_l2.jpg,1.0,9.931001,0.99685365,0
data/raw/deepdrid/deepdrid/regular-fundus-validation/Images/306/306_r1.jpg,1.0,6.603209,0.97872627,0
data/raw/deepdrid/deepdrid/regular-fundus-validation/Images/306/306_r2.jpg,1.0,3.0153582,0.8517524,0
data/raw/deepdrid/deepdrid/regular-fundus-validation/Images/307/307_l1.jpg,1.0,9.645588,0.9962895,1
data/raw/deepdrid/deepdrid/regular-fundus-validation/Images/307/307_l2.jpg,1.0,2.2207785,0.7837554,1
data/raw/deepdrid/deepdrid/regular-fundus-validation/Images/307/307_r1.jpg,1.0,4.5705347,0.9340208,0
data/raw/deepdrid/deepdrid/regular-fundus-validation/Images/307/307_r2.jpg,1.0,10.006893,0.9969887,0
data/raw/deepdrid/deepdrid/regular-fundus-validation/Images/309/309_l1.jpg,1.0,9.919832,0.99683326,0
data/raw/deepdrid/deepdrid/regular-fundus-validation/Images/309/309_l2.jpg,1.0,9.771247,0.99654925,0
data/raw/deepdrid/deepdrid/regular-fundus-validation/Images/309/309_r1.jpg,1.0,6.2437882,0.97392535,1
data/raw/deepdrid/deepdrid/regular-fundus-validation/Images/309/309_r2.jpg,1.0,8.874651,0.9942101,1
data/raw/deepdrid/deepdrid/regular-fundus-validation/Images/310/310_l1.jpg,1.0,6.1559114,0.9725997,0
data/raw/deepdrid/deepdrid/regular-fundus-validation/Images/310/310_l2.jpg,1.0,8.502978,0.9928277,0
data/raw/deepdrid/deepdrid/regular-fundus-validation/Images/310/310_r1.jpg,1.0,9.122001,0.9949798,1
data/raw/deepdrid/deepdrid/regular-fundus-validation/Images/310/310_r2.jpg,1.0,5.95129,0.9692541,1
data/raw/deepdrid/deepdrid/regular-fundus-validation/Images/311/311_l1.jpg,1.0,9.877341,0.99675447,0
data/raw/deepdrid/deepdrid/regular-fundus-validation/Images/311/311_l2.jpg,1.0,7.023119,0.9832465,0
data/raw/deepdrid/deepdrid/regular-fundus-validation/Images/311/311_r1.jpg,1.0,9.2716875,0.99539524,0
data/raw/deepdrid/deepdrid/regular-fundus-validation/Images/311/311_r2.jpg,1.0,6.0390177,0.97073436,0
data/raw/deepdrid/deepdrid/regular-fundus-validation/Images/314/314_l1.jpg,1.0,9.9958105,0.9969693,0
data/raw/deepdrid/deepdrid/regular-fundus-validation/Images/314/314_l2.jpg,1.0,9.860278,0.9967224,0
data/raw/deepdrid/deepdrid/regular-fundus-validation/Images/314/314_r1.jpg,1.0,9.661851,0.9963242,0
data/raw/deepdrid/deepdrid/regular-fundus-validation/Images/314/314_r2.jpg,1.0,9.835187,0.9966744,0
data/raw/deepdrid/deepdrid/regular-fundus-validation/Images/315/315_l1.jpg,0.0,4.740883,0.9398531,1
data/raw/deepdrid/deepdrid/regular-fundus-validation/Images/315/315_l2.jpg,0.0,4.811877,0.9421384,1
data/raw/deepdrid/deepdrid/regular-fundus-validation/Images/315/315_r1.jpg,0.0,7.837391,0.9894852,0
data/raw/deepdrid/deepdrid/regular-fundus-validation/Images/315/315_r2.jpg,0.0,-4.5214005,0.06775676,0
data/raw/deepdrid/deepdrid/regular-fundus-validation/Images/316/316_l1.jpg,0.0,5.802441,0.96657526,0
data/raw/deepdrid/deepdrid/regular-fundus-validation/Images/316/316_l2.jpg,0.0,5.2889094,0.955498,0
data/raw/deepdrid/deepdrid/regular-fundus-validation/Images/316/316_r1.jpg,0.0,1.7223471,0.7307986,0
data/raw/deepdrid/deepdrid/regular-fundus-validation/Images/316/316_r2.jpg,0.0,-4.1707606,0.08178363,0
data/raw/deepdrid/deepdrid/regular-fundus-validation/Images/317/317_l1.jpg,1.0,9.672686,0.9963471,1
data/raw/deepdrid/deepdrid/regular-fundus-validation/Images/317/317_l2.jpg,1.0,8.770783,0.993853,1
data/raw/deepdrid/deepdrid/regular-fundus-validation/Images/317/317_r1.jpg,1.0,7.7189393,0.988746,0
data/raw/deepdrid/deepdrid/regular-fundus-validation/Images/317/317_r2.jpg,1.0,9.197912,0.995195,0
data/raw/deepdrid/deepdrid/regular-fundus-validation/Images/318/318_l1.jpg,1.0,5.5143933,0.9607379,1
data/raw/deepdrid/deepdrid/regular-fundus-validation/Images/318/318_l2.jpg,1.0,3.5804963,0.8885584,1
data/raw/deepdrid/deepdrid/regular-fundus-validation/Images/318/318_r1.jpg,1.0,5.835436,0.9671879,1
data/raw/deepdrid/deepdrid/regular-fundus-validation/Images/318/318_r2.jpg,1.0,5.2641954,0.95488465,1
data/raw/deepdrid/deepdrid/regular-fundus-validation/Images/319/319_l1.jpg,1.0,8.587274,0.99316746,0
data/raw/deepdrid/deepdrid/regular-fundus-validation/Images/319/319_l2.jpg,1.0,8.972009,0.9945262,0
data/raw/deepdrid/deepdrid/regular-fundus-validation/Images/319/319_r1.jpg,0.0,8.697696,0.99358857,0
data/raw/deepdrid/deepdrid/regular-fundus-validation/Images/319/319_r2.jpg,0.0,3.8468363,0.9029581,0
data/raw/deepdrid/deepdrid/regular-fundus-validation/Images/320/320_l1.jpg,0.0,7.820113,0.98938036,0
data/raw/deepdrid/deepdrid/regular-fundus-validation/Images/320/320_l2.jpg,0.0,7.7319484,0.9888297,0
data/raw/deepdrid/deepdrid/regular-fundus-validation/Images/320/320_r1.jpg,1.0,9.557832,0.99609655,0
data/raw/deepdrid/deepdrid/regular-fundus-validation/Images/320/320_r2.jpg,1.0,9.975125,0.99693286,0
data/raw/deepdrid/deepdrid/regular-fundus-validation/Images/321/321_l1.jpg,1.0,7.481629,0.9871072,1
data/raw/deepdrid/deepdrid/regular-fundus-validation/Images/321/321_l2.jpg,1.0,10.003995,0.9969836,1
data/raw/deepdrid/deepdrid/regular-fundus-validation/Images/321/321_r1.jpg,1.0,8.419214,0.9924735,1
data/raw/deepdrid/deepdrid/regular-fundus-validation/Images/321/321_r2.jpg,1.0,9.324523,0.9955336,1
data/raw/deepdrid/deepdrid/regular-fundus-validation/Images/322/322_l1.jpg,0.0,3.7133884,0.89596325,0
data/raw/deepdrid/deepdrid/regular-fundus-validation/Images/322/322_l2.jpg,0.0,4.891013,0.9445897,0
data/raw/deepdrid/deepdrid/regular-fundus-validation/Images/322/322_r1.jpg,0.0,4.6224294,0.9358511,0
data/raw/deepdrid/deepdrid/regular-fundus-validation/Images/322/322_r2.jpg,0.0,-1.7039028,0.27131054,0
data/raw/deepdrid/deepdrid/regular-fundus-validation/Images/323/323_l1.jpg,0.0,2.381778,0.799158,1
data/raw/deepdrid/deepdrid/regular-fundus-validation/Images/323/323_l2.jpg,0.0,7.8978453,0.9898437,1
data/raw/deepdrid/deepdrid/regular-fundus-validation/Images/323/323_r1.jpg,1.0,-1.3960317,0.30800363,1
data/raw/deepdrid/deepdrid/regular-fundus-validation/Images/323/323_r2.jpg,1.0,-0.6612331,0.40530553,1
data/raw/deepdrid/deepdrid/regular-fundus-validation/Images/325/325_l1.jpg,1.0,8.719117,0.9936672,1
data/raw/deepdrid/deepdrid/regular-fundus-validation/Images/325/325_l2.jpg,1.0,3.969828,0.90903,1
data/raw/deepdrid/deepdrid/regular-fundus-validation/Images/325/325_r1.jpg,1.0,1.6589224,0.7235025,0
data/raw/deepdrid/deepdrid/regular-fundus-validation/Images/325/325_r2.jpg,1.0,1.1215217,0.65707767,0
data/raw/deepdrid/deepdrid/regular-fundus-validation/Images/326/326_l1.jpg,1.0,8.639047,0.9933682,0
data/raw/deepdrid/deepdrid/regular-fundus-validation/Images/326/326_l2.jpg,1.0,9.433895,0.9958068,0
data/raw/deepdrid/deepdrid/regular-fundus-validation/Images/326/326_r1.jpg,1.0,7.8709035,0.9896854,0
data/raw/deepdrid/deepdrid/regular-fundus-validation/Images/326/326_r2.jpg,1.0,2.5177152,0.8115114,0
data/raw/deepdrid/deepdrid/regular-fundus-validation/Images/328/328_l1.jpg,1.0,9.041252,0.99474055,0
data/raw/deepdrid/deepdrid/regular-fundus-validation/Images/328/328_l2.jpg,1.0,6.0881248,0.9715325,0
data/raw/deepdrid/deepdrid/regular-fundus-validation/Images/328/328_r1.jpg,1.0,5.775806,0.9660727,0
data/raw/deepdrid/deepdrid/regular-fundus-validation/Images/328/328_r2.jpg,1.0,8.70873,0.99362916,0
data/raw/deepdrid/deepdrid/regular-fundus-validation/Images/331/331_l1.jpg,0.0,5.356098,0.95712554,1
data/raw/deepdrid/deepdrid/regular-fundus-validation/Images/331/331_l2.jpg,0.0,7.0661016,0.9836521,1
data/raw/deepdrid/deepdrid/regular-fundus-validation/Images/331/331_r1.jpg,0.0,-0.26594967,0.46152443,1
data/raw/deepdrid/deepdrid/regular-fundus-validation/Images/331/331_r2.jpg,0.0,7.0104995,0.9831255,1
data/raw/deepdrid/deepdrid/regular-fundus-validation/Images/332/332_l1.jpg,0.0,-7.253719,0.014687449,1
data/raw/deepdrid/deepdrid/regular-fundus-validation/Images/332/332_l2.jpg,0.0,2.5066268,0.810526,1
data/raw/deepdrid/deepdrid/regular-fundus-validation/Images/332/332_r1.jpg,0.0,-6.424819,0.02353754,0
data/raw/deepdrid/deepdrid/regular-fundus-validation/Images/332/332_r2.jpg,0.0,-3.798199,0.09954133,0
data/raw/deepdrid/deepdrid/regular-fundus-validation/Images/333/333_l1.jpg,0.0,-5.986518,0.030142972,0
data/raw/deepdrid/deepdrid/regular-fundus-validation/Images/333/333_l2.jpg,0.0,9.05762,0.99478996,0
data/raw/deepdrid/deepdrid/regular-fundus-validation/Images/333/333_r1.jpg,0.0,-4.0846972,0.08561014,1
data/raw/deepdrid/deepdrid/regular-fundus-validation/Images/333/333_r2.jpg,0.0,-4.054951,0.086969994,1
data/raw/deepdrid/deepdrid/regular-fundus-validation/Images/334/334_l1.jpg,1.0,8.777951,0.9938783,0
data/raw/deepdrid/deepdrid/regular-fundus-validation/Images/334/334_l2.jpg,1.0,9.25338,0.99534637,0
data/raw/deepdrid/deepdrid/regular-fundus-validation/Images/334/334_r1.jpg,1.0,9.181282,0.9951487,0
data/raw/deepdrid/deepdrid/regular-fundus-validation/Images/334/334_r2.jpg,1.0,2.5366561,0.81318563,0
data/raw/deepdrid/deepdrid/regular-fundus-validation/Images/335/335_l1.jpg,0.0,8.409956,0.9924332,0
data/raw/deepdrid/deepdrid/regular-fundus-validation/Images/335/335_l2.jpg,0.0,2.145363,0.77625227,0
data/raw/deepdrid/deepdrid/regular-fundus-validation/Images/335/335_r1.jpg,0.0,0.13293336,0.51926035,0
data/raw/deepdrid/deepdrid/regular-fundus-validation/Images/335/335_r2.jpg,0.0,3.7027128,0.89538485,0
data/raw/deepdrid/deepdrid/regular-fundus-validation/Images/336/336_l1.jpg,1.0,-5.763064,0.03417032,1
data/raw/deepdrid/deepdrid/regular-fundus-validation/Images/336/336_l2.jpg,1.0,1.8083175,0.7404919,1
data/raw/deepdrid/deepdrid/regular-fundus-validation/Images/336/336_r1.jpg,1.0,4.360451,0.9261052,0
data/raw/deepdrid/deepdrid/regular-fundus-validation/Images/336/336_r2.jpg,1.0,-4.3088403,0.075969055,0
data/raw/deepdrid/deepdrid/regular-fundus-validation/Images/337/337_l1.jpg,1.0,9.436652,0.99581355,1
data/raw/deepdrid/deepdrid/regular-fundus-validation/Images/337/337_l2.jpg,1.0,8.587867,0.9931698,1
data/raw/deepdrid/deepdrid/regular-fundus-validation/Images/337/337_r1.jpg,1.0,8.545475,0.9930011,1
data/raw/deepdrid/deepdrid/regular-fundus-validation/Images/337/337_r2.jpg,1.0,3.7186053,0.8962448,1
data/raw/deepdrid/deepdrid/regular-fundus-validation/Images/338/338_l1.jpg,0.0,7.7644544,0.9890359,0
data/raw/deepdrid/deepdrid/regular-fundus-validation/Images/338/338_l2.jpg,0.0,-1.3616294,0.31227145,0
data/raw/deepdrid/deepdrid/regular-fundus-validation/Images/338/338_r1.jpg,1.0,8.269959,0.99179864,1
data/raw/deepdrid/deepdrid/regular-fundus-validation/Images/338/338_r2.jpg,1.0,6.59261,0.97859794,1
data/raw/deepdrid/deepdrid/regular-fundus-validation/Images/339/339_l1.jpg,1.0,8.909625,0.9943257,1
data/raw/deepdrid/deepdrid/regular-fundus-validation/Images/339/339_l2.jpg,1.0,6.78295,0.98079133,1
data/raw/deepdrid/deepdrid/regular-fundus-validation/Images/339/339_r1.jpg,1.0,9.375589,0.99566334,1
data/raw/deepdrid/deepdrid/regular-fundus-validation/Images/339/339_r2.jpg,1.0,8.589845,0.99317753,1
data/raw/deepdrid/deepdrid/regular-fundus-validation/Images/340/340_l1.jpg,0.0,5.3862767,0.9578379,0
data/raw/deepdrid/deepdrid/regular-fundus-validation/Images/340/340_l2.jpg,0.0,3.7417312,0.89748514,0
data/raw/deepdrid/deepdrid/regular-fundus-validation/Images/340/340_r1.jpg,0.0,2.1951995,0.7812311,0
data/raw/deepdrid/deepdrid/regular-fundus-validation/Images/340/340_r2.jpg,0.0,-0.440902,0.43643314,0
data/raw/deepdrid/deepdrid/regular-fundus-validation/Images/341/341_l1.jpg,0.0,6.070974,0.97125626,1
data/raw/deepdrid/deepdrid/regular-fundus-validation/Images/341/341_l2.jpg,0.0,-2.8235934,0.16284364,1
data/raw/deepdrid/deepdrid/regular-fundus-validation/Images/341/341_r1.jpg,0.0,1.5973918,0.7163088,1
data/raw/deepdrid/deepdrid/regular-fundus-validation/Images/341/341_r2.jpg,0.0,0.36166805,0.5522357,1
data/raw/deepdrid/deepdrid/regular-fundus-validation/Images/342/342_l1.jpg,1.0,2.6836474,0.8257894,0
data/raw/deepdrid/deepdrid/regular-fundus-validation/Images/342/342_l2.jpg,1.0,2.4678314,0.80704725,0
data/raw/deepdrid/deepdrid/regular-fundus-validation/Images/342/342_r1.jpg,1.0,0.35285103,0.5509712,0
data/raw/deepdrid/deepdrid/regular-fundus-validation/Images/342/342_r2.jpg,1.0,6.667751,0.9794916,0
data/raw/deepdrid/deepdrid/regular-fundus-validation/Images/343/343_l1.jpg,1.0,7.936314,0.99006546,1
data/raw/deepdrid/deepdrid/regular-fundus-validation/Images/343/343_l2.jpg,1.0,9.855543,0.9967134,1
data/raw/deepdrid/deepdrid/regular-fundus-validation/Images/343/343_r1.jpg,1.0,6.1592016,0.9726504,1
data/raw/deepdrid/deepdrid/regular-fundus-validation/Images/343/343_r2.jpg,1.0,9.621558,0.9962375,1
data/raw/deepdrid/deepdrid/regular-fundus-validation/Images/344/344_l1.jpg,0.0,-0.90000075,0.37241915,0
data/raw/deepdrid/deepdrid/regular-fundus-validation/Images/344/344_l2.jpg,0.0,3.999444,0.91044015,0
data/raw/deepdrid/deepdrid/regular-fundus-validation/Images/344/344_r1.jpg,0.0,-2.832012,0.16217929,0
data/raw/deepdrid/deepdrid/regular-fundus-validation/Images/344/344_r2.jpg,0.0,-1.8774707,0.25187737,0
data/raw/deepdrid/deepdrid/regular-fundus-validation/Images/345/345_l1.jpg,1.0,9.774943,0.99655664,1
data/raw/deepdrid/deepdrid/regular-fundus-validation/Images/345/345_l2.jpg,1.0,-0.91954273,0.3697746,1
data/raw/deepdrid/deepdrid/regular-fundus-validation/Images/345/345_r1.jpg,1.0,7.8389034,0.98949426,0
data/raw/deepdrid/deepdrid/regular-fundus-validation/Images/345/345_r2.jpg,1.0,7.9665504,0.99023646,0
data/raw/deepdrid/deepdrid/regular-fundus-validation/Images/346/346_l1.jpg,0.0,4.655624,0.936997,1
data/raw/deepdrid/deepdrid/regular-fundus-validation/Images/346/346_l2.jpg,0.0,4.93127,0.94579875,1
data/raw/deepdrid/deepdrid/regular-fundus-validation/Images/346/346_r1.jpg,1.0,1.4357711,0.69688565,0
data/raw/deepdrid/deepdrid/regular-fundus-validation/Images/346/346_r2.jpg,1.0,9.362726,0.995631,0
data/raw/deepdrid/deepdrid/regular-fundus-validation/Images/348/348_l1.jpg,0.0,2.4851453,0.8086058,0
data/raw/deepdrid/deepdrid/regular-fundus-validation/Images/348/348_l2.jpg,0.0,4.1301064,0.9164286,0
data/raw/deepdrid/deepdrid/regular-fundus-validation/Images/348/348_r1.jpg,0.0,0.6994444,0.6000235,1
data/raw/deepdrid/deepdrid/regular-fundus-validation/Images/348/348_r2.jpg,0.0,1.7272145,0.7313535,1
data/raw/deepdrid/deepdrid/regular-fundus-validation/Images/349/349_l1.jpg,0.0,0.35192382,0.55083823,1
data/raw/deepdrid/deepdrid/regular-fundus-validation/Images/349/349_l2.jpg,0.0,-2.7365544,0.16984136,1
data/raw/deepdrid/deepdrid/regular-fundus-validation/Images/349/349_r1.jpg,0.0,-1.306717,0.3191499,1
data/raw/deepdrid/deepdrid/regular-fundus-validation/Images/349/349_r2.jpg,0.0,-7.2435393,0.014773117,1
data/raw/deepdrid/deepdrid/regular-fundus-validation/Images/350/350_l1.jpg,1.0,6.784189,0.98080486,0
data/raw/deepdrid/deepdrid/regular-fundus-validation/Images/350/350_l2.jpg,1.0,4.3060236,0.9239163,0
data/raw/deepdrid/deepdrid/regular-fundus-validation/Images/350/350_r1.jpg,1.0,9.309714,0.9954952,0
data/raw/deepdrid/deepdrid/regular-fundus-validation/Images/350/350_r2.jpg,1.0,9.08937,0.99488443,0
data/raw/deepdrid/deepdrid/regular-fundus-validation/Images/351/351_l1.jpg,0.0,-1.0754582,0.34896564,0
data/raw/deepdrid/deepdrid/regular-fundus-validation/Images/351/351_l2.jpg,0.0,-5.2237,0.04613774,0
data/raw/deepdrid/deepdrid/regular-fundus-validation/Images/351/351_r1.jpg,0.0,-0.89320177,0.373341,1
data/raw/deepdrid/deepdrid/regular-fundus-validation/Images/351/351_r2.jpg,0.0,-0.90876466,0.3712322,1
data/raw/deepdrid/deepdrid/regular-fundus-validation/Images/352/352_l1.jpg,1.0,9.03611,0.9947248,0
data/raw/deepdrid/deepdrid/regular-fundus-validation/Images/352/352_l2.jpg,1.0,9.60263,0.99619627,0
data/raw/deepdrid/deepdrid/regular-fundus-validation/Images/352/352_r1.jpg,1.0,9.476893,0.9959097,0
data/raw/deepdrid/deepdrid/regular-fundus-validation/Images/352/352_r2.jpg,1.0,3.910888,0.90616405,0
data/raw/deepdrid/deepdrid/regular-fundus-validation/Images/355/355_l1.jpg,0.0,5.996978,0.9700338,1
data/raw/deepdrid/deepdrid/regular-fundus-validation/Images/355/355_l2.jpg,0.0,1.258448,0.67473793,1
data/raw/deepdrid/deepdrid/regular-fundus-validation/Images/355/355_r1.jpg,0.0,-5.6948752,0.03549949,0
data/raw/deepdrid/deepdrid/regular-fundus-validation/Images/355/355_r2.jpg,0.0,-7.155392,0.015535777,0
data/raw/deepdrid/deepdrid/regular-fundus-validation/Images/356/356_l1.jpg,1.0,8.939565,0.99442285,1
data/raw/deepdrid/deepdrid/regular-fundus-validation/Images/356/356_l2.jpg,1.0,7.557702,0.9876567,1
data/raw/deepdrid/deepdrid/regular-fundus-validation/Images/356/356_r1.jpg,0.0,-3.4309108,0.1203241,1
data/raw/deepdrid/deepdrid/regular-fundus-validation/Images/356/356_r2.jpg,0.0,-6.9583497,0.017383458,1
data/raw/deepdrid/deepdrid/regular-fundus-validation/Images/357/357_l1.jpg,1.0,9.62466,0.9962443,1
data/raw/deepdrid/deepdrid/regular-fundus-validation/Images/357/357_l2.jpg,1.0,8.968055,0.99451375,1
data/raw/deepdrid/deepdrid/regular-fundus-validation/Images/357/357_r1.jpg,1.0,9.937685,0.9968657,0
data/raw/deepdrid/deepdrid/regular-fundus-validation/Images/357/357_r2.jpg,1.0,9.925765,0.99684405,0
data/raw/deepdrid/deepdrid/regular-fundus-validation/Images/358/358_l1.jpg,0.0,-3.1379125,0.13949704,0
data/raw/deepdrid/deepdrid/regular-fundus-validation/Images/358/358_l2.jpg,0.0,3.3939812,0.8773909,0
data/raw/deepdrid/deepdrid/regular-fundus-validation/Images/358/358_r1.jpg,0.0,0.004288431,0.5006216,0
data/raw/deepdrid/deepdrid/regular-fundus-validation/Images/358/358_r2.jpg,0.0,9.015253,0.99466103,0
data/raw/deepdrid/deepdrid/regular-fundus-validation/Images/359/359_l1.jpg,0.0,5.1246486,0.9512677,0
data/raw/deepdrid/deepdrid/regular-fundus-validation/Images/359/359_l2.jpg,0.0,7.1350427,0.9842828,0
data/raw/deepdrid/deepdrid/regular-fundus-validation/Images/359/359_r1.jpg,0.0,6.6831417,0.97967017,0
data/raw/deepdrid/deepdrid/regular-fundus-validation/Images/359/359_r2.jpg,0.0,2.836875,0.8382035,0
data/raw/deepdrid/deepdrid/regular-fundus-validation/Images/360/360_l1.jpg,0.0,3.4422762,0.88037175,1
data/raw/deepdrid/deepdrid/regular-fundus-validation/Images/360/360_l2.jpg,0.0,-1.6498344,0.27755284,1
data/raw/deepdrid/deepdrid/regular-fundus-validation/Images/360/360_r1.jpg,0.0,0.01253387,0.50181687,1
data/raw/deepdrid/deepdrid/regular-fundus-validation/Images/360/360_r2.jpg,0.0,1.3161483,0.6820372,1
data/raw/deepdrid/deepdrid/regular-fundus-validation/Images/361/361_l1.jpg,1.0,9.937032,0.9968645,1
data/raw/deepdrid/deepdrid/regular-fundus-validation/Images/361/361_l2.jpg,1.0,8.694371,0.9935762,1
data/raw/deepdrid/deepdrid/regular-fundus-validation/Images/361/361_r1.jpg,1.0,8.0055275,0.9904525,0
data/raw/deepdrid/deepdrid/regular-fundus-validation/Images/361/361_r2.jpg,1.0,9.154874,0.9950742,0
data/raw/deepdrid/deepdrid/regular-fundus-validation/Images/362/362_l1.jpg,1.0,9.889215,0.99677676,1
data/raw/deepdrid/deepdrid/regular-fundus-validation/Images/362/362_l2.jpg,1.0,9.70902,0.99642295,1
data/raw/deepdrid/deepdrid/regular-fundus-validation/Images/362/362_r1.jpg,1.0,9.772439,0.99655163,1
data/raw/deepdrid/deepdrid/regular-fundus-validation/Images/362/362_r2.jpg,1.0,9.634295,0.9962651,1
data/raw/deepdrid/deepdrid/regular-fundus-validation/Images/363/363_l1.jpg,0.0,6.892443,0.9819516,0
data/raw/deepdrid/deepdrid/regular-fundus-validation/Images/363/363_l2.jpg,0.0,-0.8139622,0.38415143,0
data/raw/deepdrid/deepdrid/regular-fundus-validation/Images/363/363_r1.jpg,1.0,8.070813,0.99080396,1
data/raw/deepdrid/deepdrid/regular-fundus-validation/Images/363/363_r2.jpg,1.0,8.563896,0.9930749,1
data/raw/deepdrid/deepdrid/regular-fundus-validation/Images/364/364_l1.jpg,0.0,-1.9991938,0.23881195,1
data/raw/deepdrid/deepdrid/regular-fundus-validation/Images/364/364_l2.jpg,0.0,-1.7910192,0.26144013,1
data/raw/deepdrid/deepdrid/regular-fundus-validation/Images/364/364_r1.jpg,0.0,-1.1469773,0.33960423,1
data/raw/deepdrid/deepdrid/regular-fundus-validation/Images/364/364_r2.jpg,0.0,-7.6154046,0.011941954,1
data/raw/deepdrid/deepdrid/regular-fundus-validation/Images/365/365_l1.jpg,0.0,7.628156,0.988145,0
data/raw/deepdrid/deepdrid/regular-fundus-validation/Images/365/365_l2.jpg,0.0,3.164127,0.86231756,0
data/raw/deepdrid/deepdrid/regular-fundus-validation/Images/365/365_r1.jpg,0.0,7.6170816,0.9880695,1
data/raw/deepdrid/deepdrid/regular-fundus-validation/Images/365/365_r2.jpg,0.0,-6.5166736,0.022343997,1
data/raw/deepdrid/deepdrid/regular-fundus-validation/Images/367/367_l1.jpg,1.0,3.6214976,0.8908909,1
data/raw/deepdrid/deepdrid/regular-fundus-validation/Images/367/367_l2.jpg,1.0,7.1452565,0.9843741,1
data/raw/deepdrid/deepdrid/regular-fundus-validation/Images/367/367_r1.jpg,1.0,8.221379,0.99156624,1
data/raw/deepdrid/deepdrid/regular-fundus-validation/Images/367/367_r2.jpg,1.0,-0.26596695,0.46152195,1
data/raw/deepdrid/deepdrid/regular-fundus-validation/Images/369/369_l1.jpg,0.0,4.8928523,0.9446454,1
data/raw/deepdrid/deepdrid/regular-fundus-validation/Images/369/369_l2.jpg,0.0,-0.3587505,0.44818267,1
data/raw/deepdrid/deepdrid/regular-fundus-validation/Images/369/369_r1.jpg,0.0,5.718766,0.9649718,0
data/raw/deepdrid/deepdrid/regular-fundus-validation/Images/369/369_r2.jpg,0.0,7.3032765,0.9857226,0
data/raw/deepdrid/deepdrid/regular-fundus-validation/Images/370/370_l1.jpg,0.0,5.171737,0.952518,0
data/raw/deepdrid/deepdrid/regular-fundus-validation/Images/370/370_l2.jpg,0.0,1.9402245,0.7549171,0
data/raw/deepdrid/deepdrid/regular-fundus-validation/Images/370/370_r1.jpg,0.0,2.9305904,0.84543824,0
data/raw/deepdrid/deepdrid/regular-fundus-validation/Images/370/370_r2.jpg,0.0,2.123163,0.7740086,0
data/raw/deepdrid/deepdrid/regular-fundus-validation/Images/372/372_l1.jpg,1.0,9.474854,0.99590486,1
data/raw/deepdrid/deepdrid/regular-fundus-validation/Images/372/372_l2.jpg,1.0,-6.880226,0.01817438,1
data/raw/deepdrid/deepdrid/regular-fundus-validation/Images/372/372_r1.jpg,0.0,-2.290275,0.20949316,1
data/raw/deepdrid/deepdrid/regular-fundus-validation/Images/372/372_r2.jpg,0.0,-0.6489991,0.40701652,1
data/raw/deepdrid/deepdrid/regular-fundus-validation/Images/373/373_l1.jpg,0.0,-0.5649481,0.41883025,0
data/raw/deepdrid/deepdrid/regular-fundus-validation/Images/373/373_l2.jpg,0.0,3.199282,0.8647199,0
data/raw/deepdrid/deepdrid/regular-fundus-validation/Images/373/373_r1.jpg,0.0,-4.429008,0.07122007,0
data/raw/deepdrid/deepdrid/regular-fundus-validation/Images/373/373_r2.jpg,0.0,3.1517873,0.8614658,0
data/raw/deepdrid/deepdrid/regular-fundus-validation/Images/374/374_l1.jpg,1.0,6.4620514,0.97695357,1
data/raw/deepdrid/deepdrid/regular-fundus-validation/Images/374/374_l2.jpg,1.0,-0.17573585,0.4745476,1
data/raw/deepdrid/deepdrid/regular-fundus-validation/Images/374/374_r1.jpg,0.0,6.2718534,0.97433543,0
data/raw/deepdrid/deepdrid/regular-fundus-validation/Images/374/374_r2.jpg,0.0,5.3260093,0.9564038,0
data/raw/deepdrid/deepdrid/regular-fundus-validation/Images/375/375_l1.jpg,0.0,8.179315,0.9913599,1
data/raw/deepdrid/deepdrid/regular-fundus-validation/Images/375/375_l2.jpg,0.0,0.6283387,0.59008896,1
data/raw/deepdrid/deepdrid/regular-fundus-validation/Images/375/375_r1.jpg,0.0,2.6170375,0.82016295,0
data/raw/deepdrid/deepdrid/regular-fundus-validation/Images/375/375_r2.jpg,0.0,1.9990183,0.7611695,0
data/raw/deepdrid/deepdrid/regular-fundus-validation/Images/376/376_l1.jpg,0.0,-2.1148603,0.22683464,1
data/raw/deepdrid/deepdrid/regular-fundus-validation/Images/376/376_l2.jpg,0.0,4.636894,0.93635285,1
data/raw/deepdrid/deepdrid/regular-fundus-validation/Images/376/376_r1.jpg,0.0,-1.1292323,0.3419156,1
data/raw/deepdrid/deepdrid/regular-fundus-validation/Images/376/376_r2.jpg,0.0,-7.150757,0.015576939,1
data/raw/deepdrid/deepdrid/regular-fundus-validation/Images/378/378_l1.jpg,0.0,3.64955,0.89246196,1
data/raw/deepdrid/deepdrid/regular-fundus-validation/Images/378/378_l2.jpg,0.0,6.6428976,0.9792002,1
data/raw/deepdrid/deepdrid/regular-fundus-validation/Images/378/378_r1.jpg,0.0,4.1372504,0.91674536,0
data/raw/deepdrid/deepdrid/regular-fundus-validation/Images/378/378_r2.jpg,0.0,7.049589,0.9834975,0
data/raw/deepdrid/deepdrid/regular-fundus-validation/Images/379/379_l1.jpg,0.0,1.7955171,0.7390632,0
data/raw/deepdrid/deepdrid/regular-fundus-validation/Images/379/379_l2.jpg,0.0,-4.8807106,0.055723853,0
data/raw/deepdrid/deepdrid/regular-fundus-validation/Images/379/379_r1.jpg,0.0,1.8283087,0.7427132,0
data/raw/deepdrid/deepdrid/regular-fundus-validation/Images/379/379_r2.jpg,0.0,-1.587938,0.2848065,0
data/raw/deepdrid/deepdrid/regular-fundus-validation/Images/380/380_l1.jpg,0.0,6.73191,0.98022574,0
data/raw/deepdrid/deepdrid/regular-fundus-validation/Images/380/380_l2.jpg,0.0,2.3121462,0.7925993,0
data/raw/deepdrid/deepdrid/regular-fundus-validation/Images/380/380_r1.jpg,0.0,8.775244,0.99386877,0
data/raw/deepdrid/deepdrid/regular-fundus-validation/Images/380/380_r2.jpg,0.0,7.4732113,0.987045,0
data/raw/deepdrid/deepdrid/regular-fundus-validation/Images/381/381_l1.jpg,1.0,9.371662,0.9956535,1
data/raw/deepdrid/deepdrid/regular-fundus-validation/Images/381/381_l2.jpg,1.0,3.140636,0.86069244,1
data/raw/deepdrid/deepdrid/regular-fundus-validation/Images/381/381_r1.jpg,1.0,9.369103,0.995647,1
data/raw/deepdrid/deepdrid/regular-fundus-validation/Images/381/381_r2.jpg,1.0,7.5088563,0.9873067,1
data/raw/deepdrid/deepdrid/regular-fundus-validation/Images/382/382_l1.jpg,0.0,-4.7001967,0.061494432,1
data/raw/deepdrid/deepdrid/regular-fundus-validation/Images/382/382_l2.jpg,0.0,0.72356695,0.6033755,1
data/raw/deepdrid/deepdrid/regular-fundus-validation/Images/382/382_r1.jpg,0.0,-5.561305,0.03824881,1
data/raw/deepdrid/deepdrid/regular-fundus-validation/Images/382/382_r2.jpg,0.0,-6.685083,0.020307476,1
data/raw/deepdrid/deepdrid/regular-fundus-validation/Images/385/385_l1.jpg,0.0,3.3278873,0.8732083,1
data/raw/deepdrid/deepdrid/regular-fundus-validation/Images/385/385_l2.jpg,0.0,4.811675,0.94213206,1
data/raw/deepdrid/deepdrid/regular-fundus-validation/Images/385/385_r1.jpg,0.0,0.16390152,0.5237411,0
data/raw/deepdrid/deepdrid/regular-fundus-validation/Images/385/385_r2.jpg,0.0,1.7097737,0.72936195,0
data/raw/deepdrid/deepdrid/regular-fundus-validation/Images/388/388_l1.jpg,0.0,4.761678,0.9405311,0
data/raw/deepdrid/deepdrid/regular-fundus-validation/Images/388/388_l2.jpg,0.0,-1.7554172,0.2654457,0
data/raw/deepdrid/deepdrid/regular-fundus-validation/Images/388/388_r1.jpg,0.0,-7.9975038,0.009591516,1
data/raw/deepdrid/deepdrid/regular-fundus-validation/Images/388/388_r2.jpg,0.0,-1.5612146,0.28797323,1
data/raw/deepdrid/deepdrid/regular-fundus-validation/Images/390/390_l1.jpg,0.0,0.5952179,0.5854358,0
data/raw/deepdrid/deepdrid/regular-fundus-validation/Images/390/390_l2.jpg,0.0,-0.8905735,0.3736976,0
data/raw/deepdrid/deepdrid/regular-fundus-validation/Images/390/390_r1.jpg,0.0,-7.757568,0.011007444,0
data/raw/deepdrid/deepdrid/regular-fundus-validation/Images/390/390_r2.jpg,0.0,-4.678448,0.062226277,0
data/raw/deepdrid/deepdrid/regular-fundus-validation/Images/392/392_l1.jpg,0.0,-0.16208859,0.47652104,1
data/raw/deepdrid/deepdrid/regular-fundus-validation/Images/392/392_l2.jpg,0.0,-0.13431166,0.4805401,1
data/raw/deepdrid/deepdrid/regular-fundus-validation/Images/392/392_r1.jpg,0.0,1.8119521,0.7408967,1
data/raw/deepdrid/deepdrid/regular-fundus-validation/Images/392/392_r2.jpg,0.0,-0.0070143533,0.4989832,1
data/raw/deepdrid/deepdrid/regular-fundus-validation/Images/393/393_l1.jpg,1.0,9.370608,0.9956508,1
data/raw/deepdrid/deepdrid/regular-fundus-validation/Images/393/393_l2.jpg,1.0,5.2016377,0.95329595,1
data/raw/deepdrid/deepdrid/regular-fundus-validation/Images/393/393_r1.jpg,0.0,7.086258,0.98383904,0
data/raw/deepdrid/deepdrid/regular-fundus-validation/Images/393/393_r2.jpg,0.0,6.343064,0.975348,0
data/raw/deepdrid/deepdrid/regular-fundus-validation/Images/394/394_l1.jpg,1.0,5.0378957,0.94888216,1
data/raw/deepdrid/deepdrid/regular-fundus-validation/Images/394/394_l2.jpg,1.0,-2.8373864,0.16175629,1
data/raw/deepdrid/deepdrid/regular-fundus-validation/Images/394/394_r1.jpg,1.0,4.293431,0.92340136,1
data/raw/deepdrid/deepdrid/regular-fundus-validation/Images/394/394_r2.jpg,1.0,1.7364436,0.73240364,1
data/raw/deepdrid/deepdrid/regular-fundus-validation/Images/395/395_l1.jpg,0.0,-0.85855323,0.37805316,0
data/raw/deepdrid/deepdrid/regular-fundus-validation/Images/395/395_l2.jpg,0.0,-0.63758826,0.40861437,0
data/raw/deepdrid/deepdrid/regular-fundus-validation/Images/395/395_r1.jpg,0.0,-4.52694,0.06755416,0
data/raw/deepdrid/deepdrid/regular-fundus-validation/Images/395/395_r2.jpg,0.0,-4.6303887,0.06387238,0
data/raw/deepdrid/deepdrid/regular-fundus-validation/Images/397/397_l1.jpg,0.0,8.163972,0.9912833,0
data/raw/deepdrid/deepdrid/regular-fundus-validation/Images/397/397_l2.jpg,0.0,6.2152276,0.9735015,0
data/raw/deepdrid/deepdrid/regular-fundus-validation/Images/397/397_r1.jpg,0.0,3.6684387,0.8935086,0
data/raw/deepdrid/deepdrid/regular-fundus-validation/Images/397/397_r2.jpg,0.0,8.301753,0.99194723,0
data/raw/deepdrid/deepdrid/regular-fundus-validation/Images/399/399_l1.jpg,0.0,7.6043735,0.98798233,0
data/raw/deepdrid/deepdrid/regular-fundus-validation/Images/399/399_l2.jpg,0.0,7.6373467,0.9882073,0
data/raw/deepdrid/deepdrid/regular-fundus-validation/Images/399/399_r1.jpg,0.0,5.511378,0.9606719,0
data/raw/deepdrid/deepdrid/regular-fundus-validation/Images/399/399_r2.jpg,0.0,7.0466805,0.98347014,0
data/raw/deepdrid/deepdrid/regular-fundus-validation/Images/400/400_l1.jpg,1.0,8.730636,0.9937091,0
data/raw/deepdrid/deepdrid/regular-fundus-validation/Images/400/400_l2.jpg,1.0,9.952445,0.9968924,0
data/raw/deepdrid/deepdrid/regular-fundus-validation/Images/400/400_r1.jpg,1.0,9.79514,0.99659663,0
data/raw/deepdrid/deepdrid/regular-fundus-validation/Images/400/400_r2.jpg,1.0,9.66838,0.996338,0
data/raw/deepdrid/deepdrid/regular-fundus-validation/Images/401/401_l1.jpg,0.0,-2.3193872,0.2067114,0
data/raw/deepdrid/deepdrid/regular-fundus-validation/Images/401/401_l2.jpg,0.0,2.5901287,0.81785005,0
data/raw/deepdrid/deepdrid/regular-fundus-validation/Images/401/401_r1.jpg,0.0,7.990989,0.99037254,0
data/raw/deepdrid/deepdrid/regular-fundus-validation/Images/401/401_r2.jpg,0.0,1.7900339,0.7384495,0
data/raw/deepdrid/deepdrid/regular-fundus-validation/Images/402/402_l1.jpg,0.0,1.9456517,0.7554988,0
data/raw/deepdrid/deepdrid/regular-fundus-validation/Images/402/402_l2.jpg,0.0,-1.7977072,0.26069203,0
data/raw/deepdrid/deepdrid/regular-fundus-validation/Images/402/402_r1.jpg,0.0,1.2249197,0.6704569,1
data/raw/deepdrid/deepdrid/regular-fundus-validation/Images/402/402_r2.jpg,0.0,-4.653447,0.0630776,1
data/raw/deepdrid/deepdrid/regular-fundus-validation/Images/404/404_l1.jpg,0.0,1.0320956,0.6453007,1
data/raw/deepdrid/deepdrid/regular-fundus-validation/Images/404/404_l2.jpg,0.0,4.804086,0.9418917,1
data/raw/deepdrid/deepdrid/regular-fundus-validation/Images/404/404_r1.jpg,0.0,3.9744205,0.9092499,1
data/raw/deepdrid/deepdrid/regular-fundus-validation/Images/404/404_r2.jpg,0.0,2.9645512,0.84799385,1
data/raw/deepdrid/deepdrid/regular-fundus-validation/Images/405/405_l1.jpg,1.0,5.614255,0.9628647,0
data/raw/deepdrid/deepdrid/regular-fundus-validation/Images/405/405_l2.jpg,1.0,5.7428427,0.9654406,0
data/raw/deepdrid/deepdrid/regular-fundus-validation/Images/405/405_r1.jpg,1.0,4.589485,0.93469477,1
data/raw/deepdrid/deepdrid/regular-fundus-validation/Images/405/405_r2.jpg,1.0,7.2956576,0.9856603,1
data/raw/deepdrid/deepdrid/regular-fundus-validation/Images/406/406_l1.jpg,0.0,6.906547,0.98209596,0
data/raw/deepdrid/deepdrid/regular-fundus-validation/Images/406/406_l2.jpg,0.0,3.0679264,0.8555601,0
data/raw/deepdrid/deepdrid/regular-fundus-validation/Images/406/406_r1.jpg,0.0,1.9827399,0.7594494,0
data/raw/deepdrid/deepdrid/regular-fundus-validation/Images/406/406_r2.jpg,0.0,7.143462,0.9843581,0
data/raw/deepdrid/deepdrid/regular-fundus-validation/Images/407/407_l1.jpg,0.0,2.6887057,0.8262109,1
data/raw/deepdrid/deepdrid/regular-fundus-validation/Images/407/407_l2.jpg,0.0,1.1263403,0.657707,1
data/raw/deepdrid/deepdrid/regular-fundus-validation/Images/407/407_r1.jpg,0.0,-0.9090762,0.37119007,0
data/raw/deepdrid/deepdrid/regular-fundus-validation/Images/407/407_r2.jpg,0.0,0.4475496,0.5645147,0
data/raw/deepdrid/deepdrid/regular-fundus-validation/Images/410/410_l1.jpg,0.0,-0.25909328,0.4625126,1
data/raw/deepdrid/deepdrid/regular-fundus-validation/Images/410/410_l2.jpg,0.0,-0.019029886,0.49724147,1
data/raw/deepdrid/deepdrid/regular-fundus-validation/Images/410/410_r1.jpg,0.0,2.886376,0.84205836,0
data/raw/deepdrid/deepdrid/regular-fundus-validation/Images/410/410_r2.jpg,0.0,2.186335,0.7803514,0
data/raw/deepdrid/deepdrid/regular-fundus-validation/Images/413/413_l1.jpg,0.0,-5.385172,0.04218803,0
data/raw/deepdrid/deepdrid/regular-fundus-validation/Images/413/413_l2.jpg,0.0,-6.6740813,0.020434774,0
data/raw/deepdrid/deepdrid/regular-fundus-validation/Images/413/413_r1.jpg,0.0,1.4476556,0.69833934,1
data/raw/deepdrid/deepdrid/regular-fundus-validation/Images/413/413_r2.jpg,0.0,-3.4569273,0.1187365,1
data/raw/deepdrid/deepdrid/regular-fundus-validation/Images/414/414_l1.jpg,0.0,6.493766,0.97736406,1
data/raw/deepdrid/deepdrid/regular-fundus-validation/Images/414/414_l2.jpg,0.0,1.2427791,0.6727408,1
data/raw/deepdrid/deepdrid/regular-fundus-validation/Images/414/414_r1.jpg,0.0,2.4943063,0.8094265,0
data/raw/deepdrid/deepdrid/regular-fundus-validation/Images/414/414_r2.jpg,0.0,4.3811164,0.92692107,0
data/raw/deepdrid/deepdrid/regular-fundus-validation/Images/415/415_l1.jpg,0.0,3.7186015,0.89624465,1
data/raw/deepdrid/deepdrid/regular-fundus-validation/Images/415/415_l2.jpg,0.0,7.380715,0.98634094,1
data/raw/deepdrid/deepdrid/regular-fundus-validation/Images/415/415_r1.jpg,0.0,-2.728337,0.17051423,1
data/raw/deepdrid/deepdrid/regular-fundus-validation/Images/415/415_r2.jpg,0.0,2.0422606,0.7656978,1
data/raw/deepdrid/deepdrid/regular-fundus-validation/Images/416/416_l1.jpg,0.0,5.648121,0.96356046,1
data/raw/deepdrid/deepdrid/regular-fundus-validation/Images/416/416_l2.jpg,0.0,0.3478185,0.5502492,1
data/raw/deepdrid/deepdrid/regular-fundus-validation/Images/416/416_r1.jpg,0.0,5.2209535,0.9537921,1
data/raw/deepdrid/deepdrid/regular-fundus-validation/Images/416/416_r2.jpg,0.0,-1.4623827,0.2998648,1
data/raw/deepdrid/deepdrid/regular-fundus-validation/Images/422/422_l1.jpg,0.0,-0.41386136,0.44029334,1
data/raw/deepdrid/deepdrid/regular-fundus-validation/Images/422/422_l2.jpg,0.0,-0.8095938,0.38475084,1
data/raw/deepdrid/deepdrid/regular-fundus-validation/Images/422/422_r1.jpg,0.0,-3.7190287,0.10373229,1
data/raw/deepdrid/deepdrid/regular-fundus-validation/Images/422/422_r2.jpg,0.0,-6.08835,0.028463874,1
data/raw/deepdrid/deepdrid/regular-fundus-validation/Images/430/430_l1.jpg,0.0,-3.9734156,0.09079813,0
data/raw/deepdrid/deepdrid/regular-fundus-validation/Images/430/430_l2.jpg,0.0,3.1600335,0.8620355,0
data/raw/deepdrid/deepdrid/regular-fundus-validation/Images/430/430_r1.jpg,0.0,7.7225685,0.9887694,1
data/raw/deepdrid/deepdrid/regular-fundus-validation/Images/430/430_r2.jpg,0.0,5.2991905,0.9557508,1
data/raw/deepdrid/deepdrid/regular-fundus-validation/Images/431/431_l1.jpg,0.0,-7.9058585,0.010109696,0
data/raw/deepdrid/deepdrid/regular-fundus-validation/Images/431/431_l2.jpg,0.0,-2.4440033,0.1951134,0
data/raw/deepdrid/deepdrid/regular-fundus-validation/Images/431/431_r1.jpg,0.0,-7.5098443,0.012686164,0
data/raw/deepdrid/deepdrid/regular-fundus-validation/Images/431/431_r2.jpg,0.0,-8.318523,0.00797547,0
data/raw/deepdrid/deepdrid/regular-fundus-validation/Images/433/433_l1.jpg,0.0,9.566256,0.99611545,0
data/raw/deepdrid/deepdrid/regular-fundus-validation/Images/433/433_l2.jpg,0.0,2.23313,0.7849667,0
data/raw/deepdrid/deepdrid/regular-fundus-validation/Images/433/433_r1.jpg,0.0,6.7635922,0.9805787,0
data/raw/deepdrid/deepdrid/regular-fundus-validation/Images/433/433_r2.jpg,0.0,4.291493,0.92332184,0
